# Expected readings, exported from opentorah — the oracle for the Java port.
#
# opentorah c182f48282e56bc402b0db56c538cfd190d3b734  (Apache 2.0; see opentorah/LICENSE.md)
# generated 2026-09-04 over Jewish years 5780-5860, both locations
#
# date<TAB>situation<TAB>customs<TAB>kind<TAB>value
#
# date is Gregorian yyyy-mm-dd — deliberately, so no consumer has to
# translate month numbering: opentorah counts Jewish months from Tishrei
# and this library counts them from Nisan. It is the first date on which
# the situation occurs. The situation names everything that determines
# the reading — location, day of week, the week's parsha, and what else
# applies — because readings are a function of the combination, and
# combinations are where the bugs are. Customs are those reading the same
# thing; ALL is every custom. Spans are book:fromCh:fromV:toCh:toV, torah
# aliyot prefixed by number, '-' means nothing is read.
2019-09-30	EY|Monday|Vayeilech|RoshChodesh+RoshHashanah1|morning	ALL	haftarah	SamuelI:1:1:2:10
2019-09-30	EY|Monday|Vayeilech|RoshChodesh+RoshHashanah1|morning	ALL	maftir	Numbers:29:1:29:6
2019-09-30	EY|Monday|Vayeilech|RoshChodesh+RoshHashanah1|morning	ALL	torah	1:Genesis:21:1:21:4 2:Genesis:21:5:21:12 3:Genesis:21:13:21:21 4:Genesis:21:22:21:27 5:Genesis:21:28:21:34
2019-09-30	chul|Monday|Vayeilech|RoshChodesh+RoshHashanah1|morning	ALL	haftarah	SamuelI:1:1:2:10
2019-09-30	chul|Monday|Vayeilech|RoshChodesh+RoshHashanah1|morning	ALL	maftir	Numbers:29:1:29:6
2019-09-30	chul|Monday|Vayeilech|RoshChodesh+RoshHashanah1|morning	ALL	torah	1:Genesis:21:1:21:4 2:Genesis:21:5:21:12 3:Genesis:21:13:21:21 4:Genesis:21:22:21:27 5:Genesis:21:28:21:34
2019-10-01	EY|Tuesday|Vayeilech|RoshHashanah2|morning	ALL	haftarah	Jeremiah:31:1:31:19
2019-10-01	EY|Tuesday|Vayeilech|RoshHashanah2|morning	ALL	maftir	Numbers:29:1:29:6
2019-10-01	EY|Tuesday|Vayeilech|RoshHashanah2|morning	ALL	torah	1:Genesis:22:1:22:3 2:Genesis:22:4:22:8 3:Genesis:22:9:22:14 4:Genesis:22:15:22:19 5:Genesis:22:20:22:24
2019-10-01	chul|Tuesday|Vayeilech|RoshHashanah2|morning	ALL	haftarah	Jeremiah:31:1:31:19
2019-10-01	chul|Tuesday|Vayeilech|RoshHashanah2|morning	ALL	maftir	Numbers:29:1:29:6
2019-10-01	chul|Tuesday|Vayeilech|RoshHashanah2|morning	ALL	torah	1:Genesis:22:1:22:3 2:Genesis:22:4:22:8 3:Genesis:22:9:22:14 4:Genesis:22:15:22:19 5:Genesis:22:20:22:24
2019-10-02	EY|Wednesday|Vayeilech|FastOfGedalia|afternoon	ALL	maftir	-
2019-10-02	EY|Wednesday|Vayeilech|FastOfGedalia|afternoon	ALL	torah	1:Exodus:32:11:32:14 2:Exodus:34:1:34:3 3:Exodus:34:4:34:10
2019-10-02	EY|Wednesday|Vayeilech|FastOfGedalia|afternoon	Agadir+Baladi+Bavlim+Djerba+Libya+Magreb+Persia+PureSephardim+Sefard+Shami+Teiman+Toshbim	haftarah	-
2019-10-02	EY|Wednesday|Vayeilech|FastOfGedalia|afternoon	Algeria+Algiers+Ashkenaz+Chabad+ChayeyOdom+Fes+Frankfurt+Hagra+Italki+Lita+Morocco+Poznan+Romania	haftarah	Isaiah:55:6:56:8
2019-10-02	EY|Wednesday|Vayeilech|FastOfGedalia|afternoon	Marrakesh	haftarah	Hosea:14:2:14:10
2019-10-02	EY|Wednesday|Vayeilech|FastOfGedalia|morning	ALL	haftarah	-
2019-10-02	EY|Wednesday|Vayeilech|FastOfGedalia|morning	ALL	maftir	-
2019-10-02	EY|Wednesday|Vayeilech|FastOfGedalia|morning	ALL	torah	1:Exodus:32:11:32:14 2:Exodus:34:1:34:3 3:Exodus:34:4:34:10
2019-10-02	chul|Wednesday|Vayeilech|FastOfGedalia|afternoon	ALL	maftir	-
2019-10-02	chul|Wednesday|Vayeilech|FastOfGedalia|afternoon	ALL	torah	1:Exodus:32:11:32:14 2:Exodus:34:1:34:3 3:Exodus:34:4:34:10
2019-10-02	chul|Wednesday|Vayeilech|FastOfGedalia|afternoon	Agadir+Baladi+Bavlim+Djerba+Libya+Magreb+Persia+PureSephardim+Sefard+Shami+Teiman+Toshbim	haftarah	-
2019-10-02	chul|Wednesday|Vayeilech|FastOfGedalia|afternoon	Algeria+Algiers+Ashkenaz+Chabad+ChayeyOdom+Fes+Frankfurt+Hagra+Italki+Lita+Morocco+Poznan+Romania	haftarah	Isaiah:55:6:56:8
2019-10-02	chul|Wednesday|Vayeilech|FastOfGedalia|afternoon	Marrakesh	haftarah	Hosea:14:2:14:10
2019-10-02	chul|Wednesday|Vayeilech|FastOfGedalia|morning	ALL	haftarah	-
2019-10-02	chul|Wednesday|Vayeilech|FastOfGedalia|morning	ALL	maftir	-
2019-10-02	chul|Wednesday|Vayeilech|FastOfGedalia|morning	ALL	torah	1:Exodus:32:11:32:14 2:Exodus:34:1:34:3 3:Exodus:34:4:34:10
2019-10-03	EY|Thursday|Vayeilech|-|morning	ALL	haftarah	-
2019-10-03	EY|Thursday|Vayeilech|-|morning	ALL	maftir	-
2019-10-03	EY|Thursday|Vayeilech|-|morning	ALL	torah	1:Deuteronomy:31:1:31:3 2:Deuteronomy:31:4:31:6 3:Deuteronomy:31:7:31:13
2019-10-03	chul|Thursday|Vayeilech|-|morning	ALL	haftarah	-
2019-10-03	chul|Thursday|Vayeilech|-|morning	ALL	maftir	-
2019-10-03	chul|Thursday|Vayeilech|-|morning	ALL	torah	1:Deuteronomy:31:1:31:3 2:Deuteronomy:31:4:31:6 3:Deuteronomy:31:7:31:13
2019-10-05	EY|shabbos|Vayeilech|-|afternoon	ALL	haftarah	-
2019-10-05	EY|shabbos|Vayeilech|-|afternoon	ALL	maftir	-
2019-10-05	EY|shabbos|Vayeilech|-|afternoon	ALL	torah	1:Deuteronomy:32:1:32:3 2:Deuteronomy:32:4:32:6 3:Deuteronomy:32:7:32:12
2019-10-05	EY|shabbos|Vayeilech|-|morning	ALL	maftir	Deuteronomy:31:28:31:30
2019-10-05	EY|shabbos|Vayeilech|-|morning	ALL	torah	1:Deuteronomy:31:1:31:3 2:Deuteronomy:31:4:31:6 3:Deuteronomy:31:7:31:9 4:Deuteronomy:31:10:31:13 5:Deuteronomy:31:14:31:19 6:Deuteronomy:31:20:31:24 7:Deuteronomy:31:25:31:30
2019-10-05	EY|shabbos|Vayeilech|-|morning	Agadir+Algeria+Algiers+Bavlim+Chabad+Djerba+Fes+Libya+Magreb+Marrakesh+Morocco+Persia+PureSephardim+Romania+Sefard+Toshbim	haftarah	Hosea:14:2:14:10 Micah:7:18:7:20
2019-10-05	EY|shabbos|Vayeilech|-|morning	Ashkenaz+ChayeyOdom+Frankfurt+Hagra+Lita	haftarah	Hosea:14:2:14:10 Joel:2:15:2:27
2019-10-05	EY|shabbos|Vayeilech|-|morning	Baladi+Shami+Teiman	haftarah	Hosea:14:2:14:10
2019-10-05	EY|shabbos|Vayeilech|-|morning	Italki+Poznan	haftarah	Isaiah:55:6:56:8
2019-10-05	chul|shabbos|Vayeilech|-|afternoon	ALL	haftarah	-
2019-10-05	chul|shabbos|Vayeilech|-|afternoon	ALL	maftir	-
2019-10-05	chul|shabbos|Vayeilech|-|afternoon	ALL	torah	1:Deuteronomy:32:1:32:3 2:Deuteronomy:32:4:32:6 3:Deuteronomy:32:7:32:12
2019-10-05	chul|shabbos|Vayeilech|-|morning	ALL	maftir	Deuteronomy:31:28:31:30
2019-10-05	chul|shabbos|Vayeilech|-|morning	ALL	torah	1:Deuteronomy:31:1:31:3 2:Deuteronomy:31:4:31:6 3:Deuteronomy:31:7:31:9 4:Deuteronomy:31:10:31:13 5:Deuteronomy:31:14:31:19 6:Deuteronomy:31:20:31:24 7:Deuteronomy:31:25:31:30
2019-10-05	chul|shabbos|Vayeilech|-|morning	Agadir+Algeria+Algiers+Bavlim+Chabad+Djerba+Fes+Libya+Magreb+Marrakesh+Morocco+Persia+PureSephardim+Romania+Sefard+Toshbim	haftarah	Hosea:14:2:14:10 Micah:7:18:7:20
2019-10-05	chul|shabbos|Vayeilech|-|morning	Ashkenaz+ChayeyOdom+Frankfurt+Hagra+Lita	haftarah	Hosea:14:2:14:10 Joel:2:15:2:27
2019-10-05	chul|shabbos|Vayeilech|-|morning	Baladi+Shami+Teiman	haftarah	Hosea:14:2:14:10
2019-10-05	chul|shabbos|Vayeilech|-|morning	Italki+Poznan	haftarah	Isaiah:55:6:56:8
2019-10-07	EY|Monday|Haazinu|-|morning	ALL	haftarah	-
2019-10-07	EY|Monday|Haazinu|-|morning	ALL	maftir	-
2019-10-07	EY|Monday|Haazinu|-|morning	ALL	torah	1:Deuteronomy:32:1:32:3 2:Deuteronomy:32:4:32:6 3:Deuteronomy:32:7:32:12
2019-10-07	chul|Monday|Haazinu|-|morning	ALL	haftarah	-
2019-10-07	chul|Monday|Haazinu|-|morning	ALL	maftir	-
2019-10-07	chul|Monday|Haazinu|-|morning	ALL	torah	1:Deuteronomy:32:1:32:3 2:Deuteronomy:32:4:32:6 3:Deuteronomy:32:7:32:12
2019-10-09	EY|Wednesday|Haazinu|YomKippur|afternoon	ALL	maftir	-
2019-10-09	EY|Wednesday|Haazinu|YomKippur|afternoon	ALL	torah	1:Leviticus:18:1:18:5 2:Leviticus:18:6:18:21 3:Leviticus:18:22:18:30
2019-10-09	EY|Wednesday|Haazinu|YomKippur|afternoon	Agadir+Algeria+Algiers+Ashkenaz+Baladi+Bavlim+Chabad+ChayeyOdom+Djerba+Fes+Frankfurt+Hagra+Libya+Lita+Magreb+Marrakesh+Morocco+Persia+Poznan+PureSephardim+Romania+Sefard+Shami+Teiman+Toshbim	haftarah	Jonah:1:1:4:11 Micah:7:18:7:20
2019-10-09	EY|Wednesday|Haazinu|YomKippur|afternoon	Italki	haftarah	Obadiah:1:21:1:21 Jonah:1:1:4:11 Micah:7:18:7:20
2019-10-09	EY|Wednesday|Haazinu|YomKippur|morning	ALL	maftir	Numbers:29:7:29:11
2019-10-09	EY|Wednesday|Haazinu|YomKippur|morning	ALL	torah	1:Leviticus:16:1:16:6 2:Leviticus:16:7:16:11 3:Leviticus:16:12:16:17 4:Leviticus:16:18:16:24 5:Leviticus:16:25:16:30 6:Leviticus:16:31:16:34
2019-10-09	EY|Wednesday|Haazinu|YomKippur|morning	Agadir+Algeria+Algiers+Ashkenaz+Bavlim+Chabad+ChayeyOdom+Djerba+Fes+Frankfurt+Hagra+Libya+Lita+Magreb+Marrakesh+Morocco+Persia+Poznan+PureSephardim+Romania+Sefard+Toshbim	haftarah	Isaiah:57:14:58:14
2019-10-09	EY|Wednesday|Haazinu|YomKippur|morning	Baladi+Italki+Shami+Teiman	haftarah	Isaiah:57:14:58:14 Isaiah:59:20:59:21
2019-10-09	chul|Wednesday|Haazinu|YomKippur|afternoon	ALL	maftir	-
2019-10-09	chul|Wednesday|Haazinu|YomKippur|afternoon	ALL	torah	1:Leviticus:18:1:18:5 2:Leviticus:18:6:18:21 3:Leviticus:18:22:18:30
2019-10-09	chul|Wednesday|Haazinu|YomKippur|afternoon	Agadir+Algeria+Algiers+Ashkenaz+Baladi+Bavlim+Chabad+ChayeyOdom+Djerba+Fes+Frankfurt+Hagra+Libya+Lita+Magreb+Marrakesh+Morocco+Persia+Poznan+PureSephardim+Romania+Sefard+Shami+Teiman+Toshbim	haftarah	Jonah:1:1:4:11 Micah:7:18:7:20
2019-10-09	chul|Wednesday|Haazinu|YomKippur|afternoon	Italki	haftarah	Obadiah:1:21:1:21 Jonah:1:1:4:11 Micah:7:18:7:20
2019-10-09	chul|Wednesday|Haazinu|YomKippur|morning	ALL	maftir	Numbers:29:7:29:11
2019-10-09	chul|Wednesday|Haazinu|YomKippur|morning	ALL	torah	1:Leviticus:16:1:16:6 2:Leviticus:16:7:16:11 3:Leviticus:16:12:16:17 4:Leviticus:16:18:16:24 5:Leviticus:16:25:16:30 6:Leviticus:16:31:16:34
2019-10-09	chul|Wednesday|Haazinu|YomKippur|morning	Agadir+Algeria+Algiers+Ashkenaz+Bavlim+Chabad+ChayeyOdom+Djerba+Fes+Frankfurt+Hagra+Libya+Lita+Magreb+Marrakesh+Morocco+Persia+Poznan+PureSephardim+Romania+Sefard+Toshbim	haftarah	Isaiah:57:14:58:14
2019-10-09	chul|Wednesday|Haazinu|YomKippur|morning	Baladi+Italki+Shami+Teiman	haftarah	Isaiah:57:14:58:14 Isaiah:59:20:59:21
2019-10-10	EY|Thursday|Haazinu|-|morning	ALL	haftarah	-
2019-10-10	EY|Thursday|Haazinu|-|morning	ALL	maftir	-
2019-10-10	EY|Thursday|Haazinu|-|morning	ALL	torah	1:Deuteronomy:32:1:32:3 2:Deuteronomy:32:4:32:6 3:Deuteronomy:32:7:32:12
2019-10-10	chul|Thursday|Haazinu|-|morning	ALL	haftarah	-
2019-10-10	chul|Thursday|Haazinu|-|morning	ALL	maftir	-
2019-10-10	chul|Thursday|Haazinu|-|morning	ALL	torah	1:Deuteronomy:32:1:32:3 2:Deuteronomy:32:4:32:6 3:Deuteronomy:32:7:32:12
2019-10-12	EY|shabbos|Haazinu|-|afternoon	ALL	haftarah	-
2019-10-12	EY|shabbos|Haazinu|-|afternoon	ALL	maftir	-
2019-10-12	EY|shabbos|Haazinu|-|afternoon	ALL	torah	1:Genesis:1:1:1:5 2:Genesis:1:6:1:8 3:Genesis:1:9:1:13
2019-10-12	EY|shabbos|Haazinu|-|morning	ALL	maftir	Deuteronomy:32:48:32:52
2019-10-12	EY|shabbos|Haazinu|-|morning	ALL	torah	1:Deuteronomy:32:1:32:6 2:Deuteronomy:32:7:32:12 3:Deuteronomy:32:13:32:18 4:Deuteronomy:32:19:32:28 5:Deuteronomy:32:29:32:39 6:Deuteronomy:32:40:32:43 7:Deuteronomy:32:44:32:52
2019-10-12	EY|shabbos|Haazinu|-|morning	Agadir+Algeria+Algiers+Ashkenaz+Bavlim+Chabad+ChayeyOdom+Djerba+Fes+Frankfurt+Hagra+Libya+Lita+Magreb+Marrakesh+Morocco+Persia+PureSephardim+Romania+Sefard+Toshbim	haftarah	SamuelII:22:1:22:51
2019-10-12	EY|shabbos|Haazinu|-|morning	Baladi+Italki+Shami+Teiman	haftarah	Ezekiel:17:22:18:32
2019-10-12	EY|shabbos|Haazinu|-|morning	Poznan	haftarah	Hosea:14:2:14:10 Joel:2:15:2:27
2019-10-12	chul|shabbos|Haazinu|-|afternoon	ALL	haftarah	-
2019-10-12	chul|shabbos|Haazinu|-|afternoon	ALL	maftir	-
2019-10-12	chul|shabbos|Haazinu|-|afternoon	ALL	torah	1:Genesis:1:1:1:5 2:Genesis:1:6:1:8 3:Genesis:1:9:1:13
2019-10-12	chul|shabbos|Haazinu|-|morning	ALL	maftir	Deuteronomy:32:48:32:52
2019-10-12	chul|shabbos|Haazinu|-|morning	ALL	torah	1:Deuteronomy:32:1:32:6 2:Deuteronomy:32:7:32:12 3:Deuteronomy:32:13:32:18 4:Deuteronomy:32:19:32:28 5:Deuteronomy:32:29:32:39 6:Deuteronomy:32:40:32:43 7:Deuteronomy:32:44:32:52
2019-10-12	chul|shabbos|Haazinu|-|morning	Agadir+Algeria+Algiers+Ashkenaz+Bavlim+Chabad+ChayeyOdom+Djerba+Fes+Frankfurt+Hagra+Libya+Lita+Magreb+Marrakesh+Morocco+Persia+PureSephardim+Romania+Sefard+Toshbim	haftarah	SamuelII:22:1:22:51
2019-10-12	chul|shabbos|Haazinu|-|morning	Baladi+Italki+Shami+Teiman	haftarah	Ezekiel:17:22:18:32
2019-10-12	chul|shabbos|Haazinu|-|morning	Poznan	haftarah	Hosea:14:2:14:10 Joel:2:15:2:27
2019-10-14	EY|Monday|-|Succos1|morning	ALL	maftir	Numbers:29:12:29:16
2019-10-14	EY|Monday|-|Succos1|morning	ALL	torah	1:Leviticus:22:26:23:3 2:Leviticus:23:4:23:14 3:Leviticus:23:15:23:22 4:Leviticus:23:23:23:32 5:Leviticus:23:33:23:44
2019-10-14	EY|Monday|-|Succos1|morning	Agadir+Algeria+Algiers+Ashkenaz+Bavlim+Chabad+ChayeyOdom+Djerba+Fes+Frankfurt+Hagra+Italki+Libya+Lita+Magreb+Marrakesh+Morocco+Persia+Poznan+PureSephardim+Romania+Sefard+Toshbim	haftarah	Zechariah:14:1:14:21
2019-10-14	EY|Monday|-|Succos1|morning	Baladi+Shami+Teiman	haftarah	Zechariah:13:9:14:21
2019-10-14	chul|Monday|-|Succos1|morning	ALL	maftir	Numbers:29:12:29:16
2019-10-14	chul|Monday|-|Succos1|morning	ALL	torah	1:Leviticus:22:26:23:3 2:Leviticus:23:4:23:14 3:Leviticus:23:15:23:22 4:Leviticus:23:23:23:32 5:Leviticus:23:33:23:44
2019-10-14	chul|Monday|-|Succos1|morning	Agadir+Algeria+Algiers+Ashkenaz+Bavlim+Chabad+ChayeyOdom+Djerba+Fes+Frankfurt+Hagra+Italki+Libya+Lita+Magreb+Marrakesh+Morocco+Persia+Poznan+PureSephardim+Romania+Sefard+Toshbim	haftarah	Zechariah:14:1:14:21
2019-10-14	chul|Monday|-|Succos1|morning	Baladi+Shami+Teiman	haftarah	Zechariah:13:9:14:21
2019-10-15	EY|Tuesday|-|SuccosIntermediate1InHolyLand|morning	ALL	haftarah	-
2019-10-15	EY|Tuesday|-|SuccosIntermediate1InHolyLand|morning	ALL	maftir	-
2019-10-15	EY|Tuesday|-|SuccosIntermediate1InHolyLand|morning	Agadir+Algeria+Algiers+Baladi+Bavlim+Djerba+Fes+Libya+Magreb+Marrakesh+Morocco+Persia+PureSephardim+Sefard+Shami+Teiman+Toshbim	torah	1:Numbers:29:17:29:19 2:Numbers:29:17:29:19 3:Numbers:29:17:29:19 4:Numbers:29:17:29:19
2019-10-15	EY|Tuesday|-|SuccosIntermediate1InHolyLand|morning	Ashkenaz+Chabad+ChayeyOdom+Frankfurt+Hagra+Italki+Lita+Poznan+Romania	torah	1:Numbers:29:17:29:19 2:Numbers:29:20:29:22 3:Numbers:29:23:29:25 4:Numbers:29:17:29:19
2019-10-15	chul|Tuesday|-|Succos2|morning	ALL	maftir	Numbers:29:12:29:16
2019-10-15	chul|Tuesday|-|Succos2|morning	ALL	torah	1:Leviticus:22:26:23:3 2:Leviticus:23:4:23:14 3:Leviticus:23:15:23:22 4:Leviticus:23:23:23:32 5:Leviticus:23:33:23:44
2019-10-15	chul|Tuesday|-|Succos2|morning	Agadir+Algeria+Algiers+Ashkenaz+Bavlim+Chabad+ChayeyOdom+Djerba+Fes+Frankfurt+Hagra+Libya+Lita+Magreb+Marrakesh+Morocco+Persia+Poznan+PureSephardim+Romania+Sefard+Toshbim	haftarah	KingsI:8:2:8:21
2019-10-15	chul|Tuesday|-|Succos2|morning	Baladi+Shami+Teiman	haftarah	KingsI:7:51:8:21
2019-10-15	chul|Tuesday|-|Succos2|morning	Italki	haftarah	KingsI:7:51:8:15
2019-10-16	EY|Wednesday|-|SuccosIntermediate2InHolyLand|morning	ALL	haftarah	-
2019-10-16	EY|Wednesday|-|SuccosIntermediate2InHolyLand|morning	ALL	maftir	-
2019-10-16	EY|Wednesday|-|SuccosIntermediate2InHolyLand|morning	Agadir+Algeria+Algiers+Baladi+Bavlim+Djerba+Fes+Libya+Magreb+Marrakesh+Morocco+Persia+PureSephardim+Sefard+Shami+Teiman+Toshbim	torah	1:Numbers:29:20:29:22 2:Numbers:29:20:29:22 3:Numbers:29:20:29:22 4:Numbers:29:20:29:22
2019-10-16	EY|Wednesday|-|SuccosIntermediate2InHolyLand|morning	Ashkenaz+Chabad+ChayeyOdom+Frankfurt+Hagra+Italki+Lita+Poznan+Romania	torah	1:Numbers:29:20:29:22 2:Numbers:29:23:29:25 3:Numbers:29:26:29:28 4:Numbers:29:20:29:22
2019-10-16	chul|Wednesday|-|SuccosIntermediate1|morning	ALL	haftarah	-
2019-10-16	chul|Wednesday|-|SuccosIntermediate1|morning	ALL	maftir	-
2019-10-16	chul|Wednesday|-|SuccosIntermediate1|morning	Agadir+Algeria+Algiers+Baladi+Bavlim+Djerba+Fes+Libya+Magreb+Marrakesh+Morocco+Persia+PureSephardim+Sefard+Shami+Teiman+Toshbim	torah	1:Numbers:29:17:29:22 2:Numbers:29:17:29:22 3:Numbers:29:17:29:22 4:Numbers:29:17:29:22
2019-10-16	chul|Wednesday|-|SuccosIntermediate1|morning	Ashkenaz+Chabad+ChayeyOdom+Frankfurt+Hagra+Italki+Lita+Poznan+Romania	torah	1:Numbers:29:17:29:19 2:Numbers:29:20:29:22 3:Numbers:29:23:29:25 4:Numbers:29:17:29:22
2019-10-17	EY|Thursday|-|SuccosIntermediate3InHolyLand|morning	ALL	haftarah	-
2019-10-17	EY|Thursday|-|SuccosIntermediate3InHolyLand|morning	ALL	maftir	-
2019-10-17	EY|Thursday|-|SuccosIntermediate3InHolyLand|morning	Agadir+Algeria+Algiers+Baladi+Bavlim+Djerba+Fes+Libya+Magreb+Marrakesh+Morocco+Persia+PureSephardim+Sefard+Shami+Teiman+Toshbim	torah	1:Numbers:29:23:29:25 2:Numbers:29:23:29:25 3:Numbers:29:23:29:25 4:Numbers:29:23:29:25
2019-10-17	EY|Thursday|-|SuccosIntermediate3InHolyLand|morning	Ashkenaz+Chabad+ChayeyOdom+Frankfurt+Hagra+Italki+Lita+Poznan+Romania	torah	1:Numbers:29:23:29:25 2:Numbers:29:26:29:28 3:Numbers:29:29:29:31 4:Numbers:29:23:29:25
2019-10-17	chul|Thursday|-|SuccosIntermediate2|morning	ALL	haftarah	-
2019-10-17	chul|Thursday|-|SuccosIntermediate2|morning	ALL	maftir	-
2019-10-17	chul|Thursday|-|SuccosIntermediate2|morning	Agadir+Algeria+Algiers+Baladi+Bavlim+Djerba+Fes+Libya+Magreb+Marrakesh+Morocco+Persia+PureSephardim+Sefard+Shami+Teiman+Toshbim	torah	1:Numbers:29:20:29:25 2:Numbers:29:20:29:25 3:Numbers:29:20:29:25 4:Numbers:29:20:29:25
2019-10-17	chul|Thursday|-|SuccosIntermediate2|morning	Ashkenaz+Chabad+ChayeyOdom+Frankfurt+Hagra+Italki+Lita+Poznan+Romania	torah	1:Numbers:29:20:29:22 2:Numbers:29:23:29:25 3:Numbers:29:26:29:28 4:Numbers:29:20:29:25
2019-10-18	EY|Friday|-|SuccosIntermediate4InHolyLand|morning	ALL	haftarah	-
2019-10-18	EY|Friday|-|SuccosIntermediate4InHolyLand|morning	ALL	maftir	-
2019-10-18	EY|Friday|-|SuccosIntermediate4InHolyLand|morning	Agadir+Algeria+Algiers+Baladi+Bavlim+Djerba+Fes+Libya+Magreb+Marrakesh+Morocco+Persia+PureSephardim+Sefard+Shami+Teiman+Toshbim	torah	1:Numbers:29:26:29:28 2:Numbers:29:26:29:28 3:Numbers:29:26:29:28 4:Numbers:29:26:29:28
2019-10-18	EY|Friday|-|SuccosIntermediate4InHolyLand|morning	Ashkenaz+Chabad+ChayeyOdom+Frankfurt+Hagra+Italki+Lita+Poznan+Romania	torah	1:Numbers:29:26:29:28 2:Numbers:29:29:29:31 3:Numbers:29:32:29:34 4:Numbers:29:26:29:28
2019-10-18	chul|Friday|-|SuccosIntermediate3|morning	ALL	haftarah	-
2019-10-18	chul|Friday|-|SuccosIntermediate3|morning	ALL	maftir	-
2019-10-18	chul|Friday|-|SuccosIntermediate3|morning	Agadir+Algeria+Algiers+Baladi+Bavlim+Djerba+Fes+Libya+Magreb+Marrakesh+Morocco+Persia+PureSephardim+Sefard+Shami+Teiman+Toshbim	torah	1:Numbers:29:23:29:28 2:Numbers:29:23:29:28 3:Numbers:29:23:29:28 4:Numbers:29:23:29:28
2019-10-18	chul|Friday|-|SuccosIntermediate3|morning	Ashkenaz+Chabad+ChayeyOdom+Frankfurt+Hagra+Italki+Lita+Poznan+Romania	torah	1:Numbers:29:23:29:25 2:Numbers:29:26:29:28 3:Numbers:29:29:29:31 4:Numbers:29:23:29:28
2019-10-19	EY|shabbos|-|SuccosIntermediate5InHolyLand|afternoon	ALL	haftarah	-
2019-10-19	EY|shabbos|-|SuccosIntermediate5InHolyLand|afternoon	ALL	maftir	-
2019-10-19	EY|shabbos|-|SuccosIntermediate5InHolyLand|afternoon	ALL	torah	1:Genesis:1:1:1:5 2:Genesis:1:6:1:8 3:Genesis:1:9:1:13
2019-10-19	EY|shabbos|-|SuccosIntermediate5InHolyLand|morning	ALL	maftir	Numbers:29:29:29:31
2019-10-19	EY|shabbos|-|SuccosIntermediate5InHolyLand|morning	ALL	torah	1:Exodus:33:12:33:16 2:Exodus:33:17:33:19 3:Exodus:33:20:33:23 4:Exodus:34:1:34:3 5:Exodus:34:4:34:10 6:Exodus:34:11:34:17 7:Exodus:34:18:34:26
2019-10-19	EY|shabbos|-|SuccosIntermediate5InHolyLand|morning	Agadir+Algeria+Algiers+Ashkenaz+Bavlim+Chabad+ChayeyOdom+Djerba+Fes+Frankfurt+Hagra+Libya+Lita+Magreb+Marrakesh+Morocco+Persia+Poznan+PureSephardim+Romania+Sefard+Toshbim	haftarah	Ezekiel:38:18:39:16
2019-10-19	EY|shabbos|-|SuccosIntermediate5InHolyLand|morning	Baladi+Italki+Shami+Teiman	haftarah	Ezekiel:38:1:38:23
2019-10-19	chul|shabbos|-|SuccosIntermediate4|afternoon	ALL	haftarah	-
2019-10-19	chul|shabbos|-|SuccosIntermediate4|afternoon	ALL	maftir	-
2019-10-19	chul|shabbos|-|SuccosIntermediate4|afternoon	ALL	torah	1:Genesis:1:1:1:5 2:Genesis:1:6:1:8 3:Genesis:1:9:1:13
2019-10-19	chul|shabbos|-|SuccosIntermediate4|morning	ALL	maftir	Numbers:29:26:29:31
2019-10-19	chul|shabbos|-|SuccosIntermediate4|morning	ALL	torah	1:Exodus:33:12:33:16 2:Exodus:33:17:33:19 3:Exodus:33:20:33:23 4:Exodus:34:1:34:3 5:Exodus:34:4:34:10 6:Exodus:34:11:34:17 7:Exodus:34:18:34:26
2019-10-19	chul|shabbos|-|SuccosIntermediate4|morning	Agadir+Algeria+Algiers+Ashkenaz+Bavlim+Chabad+ChayeyOdom+Djerba+Fes+Frankfurt+Hagra+Libya+Lita+Magreb+Marrakesh+Morocco+Persia+Poznan+PureSephardim+Romania+Sefard+Toshbim	haftarah	Ezekiel:38:18:39:16
2019-10-19	chul|shabbos|-|SuccosIntermediate4|morning	Baladi+Italki+Shami+Teiman	haftarah	Ezekiel:38:1:38:23
2019-10-20	EY|Sunday|Bereishis|HoshanahRabbahInHolyLand|morning	ALL	haftarah	-
2019-10-20	EY|Sunday|Bereishis|HoshanahRabbahInHolyLand|morning	ALL	maftir	-
2019-10-20	EY|Sunday|Bereishis|HoshanahRabbahInHolyLand|morning	Agadir+Algeria+Algiers+Baladi+Bavlim+Djerba+Fes+Libya+Magreb+Marrakesh+Morocco+Persia+PureSephardim+Sefard+Shami+Teiman+Toshbim	torah	1:Numbers:29:32:29:34 2:Numbers:29:32:29:34 3:Numbers:29:32:29:34 4:Numbers:29:32:29:34
2019-10-20	EY|Sunday|Bereishis|HoshanahRabbahInHolyLand|morning	Ashkenaz+Chabad+ChayeyOdom+Frankfurt+Hagra+Italki+Lita+Poznan+Romania	torah	1:Numbers:29:26:29:28 2:Numbers:29:29:29:31 3:Numbers:29:32:29:34 4:Numbers:29:32:29:34
2019-10-20	chul|Sunday|Bereishis|HoshanahRabbah|morning	ALL	haftarah	-
2019-10-20	chul|Sunday|Bereishis|HoshanahRabbah|morning	ALL	maftir	-
2019-10-20	chul|Sunday|Bereishis|HoshanahRabbah|morning	Agadir+Algeria+Algiers+Baladi+Bavlim+Djerba+Fes+Libya+Magreb+Marrakesh+Morocco+Persia+PureSephardim+Sefard+Shami+Teiman+Toshbim	torah	1:Numbers:29:29:29:34 2:Numbers:29:29:29:34 3:Numbers:29:29:29:34 4:Numbers:29:29:29:34
2019-10-20	chul|Sunday|Bereishis|HoshanahRabbah|morning	Ashkenaz+Chabad+ChayeyOdom+Frankfurt+Hagra+Italki+Lita+Poznan+Romania	torah	1:Numbers:29:26:29:28 2:Numbers:29:29:29:31 3:Numbers:29:32:29:34 4:Numbers:29:29:29:34
2019-10-21	EY|Monday|Bereishis|SheminiAtzeresAndSimchasTorahInHolyLand|morning	ALL	maftir	Numbers:29:35:30:1
2019-10-21	EY|Monday|Bereishis|SheminiAtzeresAndSimchasTorahInHolyLand|morning	ALL	torah	1:Deuteronomy:33:1:33:7 2:Deuteronomy:33:8:33:12 3:Deuteronomy:33:13:33:17 4:Deuteronomy:33:18:33:21 5:Deuteronomy:33:22:33:26 6:Deuteronomy:33:27:34:12 7:Genesis:1:1:2:3
2019-10-21	EY|Monday|Bereishis|SheminiAtzeresAndSimchasTorahInHolyLand|morning	Agadir+Algeria+Algiers+Bavlim+Djerba+Fes+Libya+Magreb+Marrakesh+Morocco+Persia+PureSephardim+Sefard+Toshbim	haftarah	Joshua:1:1:1:9
2019-10-21	EY|Monday|Bereishis|SheminiAtzeresAndSimchasTorahInHolyLand|morning	Ashkenaz+Chabad+ChayeyOdom+Frankfurt+Hagra+Italki+Lita+Poznan	haftarah	Joshua:1:1:1:18
2019-10-21	EY|Monday|Bereishis|SheminiAtzeresAndSimchasTorahInHolyLand|morning	Baladi+Shami+Teiman	haftarah	Joshua:1:1:1:9 Joshua:6:27:6:27
2019-10-21	EY|Monday|Bereishis|SheminiAtzeresAndSimchasTorahInHolyLand|morning	Romania	haftarah	KingsI:8:22:8:34
2019-10-21	chul|Monday|Bereishis|SheminiAtzeres|morning	ALL	maftir	Numbers:29:35:30:1
2019-10-21	chul|Monday|Bereishis|SheminiAtzeres|morning	ALL	torah	1:Deuteronomy:14:22:15:23 2:Deuteronomy:16:1:16:3 3:Deuteronomy:16:4:16:8 4:Deuteronomy:16:9:16:12 5:Deuteronomy:16:13:16:17
2019-10-21	chul|Monday|Bereishis|SheminiAtzeres|morning	Agadir+Algeria+Algiers+Ashkenaz+Baladi+Bavlim+ChayeyOdom+Djerba+Fes+Frankfurt+Hagra+Libya+Lita+Magreb+Marrakesh+Morocco+Persia+Poznan+PureSephardim+Romania+Sefard+Shami+Teiman+Toshbim	haftarah	KingsI:8:54:8:66
2019-10-21	chul|Monday|Bereishis|SheminiAtzeres|morning	Chabad+Italki	haftarah	KingsI:8:54:9:1
2019-10-22	chul|Tuesday|Bereishis|SimchasTorah|evening	Agadir+Algeria+Algiers+Baladi+Bavlim+Chabad+Djerba+Fes+Libya+Magreb+Marrakesh+Morocco+Persia+PureSephardim+Romania+Sefard+Shami+Teiman+Toshbim	torah	-
2019-10-22	chul|Tuesday|Bereishis|SimchasTorah|evening	Ashkenaz+ChayeyOdom+Frankfurt+Hagra+Italki+Lita+Poznan	torah	1:Deuteronomy:33:1:33:7 2:Deuteronomy:33:8:33:12 3:Deuteronomy:33:13:33:17 4:Deuteronomy:33:18:33:21 5:Deuteronomy:33:22:33:26
2019-10-22	chul|Tuesday|Bereishis|SimchasTorah|morning	ALL	maftir	Numbers:29:35:30:1
2019-10-22	chul|Tuesday|Bereishis|SimchasTorah|morning	ALL	torah	1:Deuteronomy:33:1:33:7 2:Deuteronomy:33:8:33:12 3:Deuteronomy:33:13:33:17 4:Deuteronomy:33:18:33:21 5:Deuteronomy:33:22:33:26 6:Deuteronomy:33:27:34:12 7:Genesis:1:1:2:3
2019-10-22	chul|Tuesday|Bereishis|SimchasTorah|morning	Agadir+Algeria+Algiers+Bavlim+Djerba+Fes+Libya+Magreb+Marrakesh+Morocco+Persia+PureSephardim+Sefard+Toshbim	haftarah	Joshua:1:1:1:9
2019-10-22	chul|Tuesday|Bereishis|SimchasTorah|morning	Ashkenaz+Chabad+ChayeyOdom+Frankfurt+Hagra+Italki+Lita+Poznan	haftarah	Joshua:1:1:1:18
2019-10-22	chul|Tuesday|Bereishis|SimchasTorah|morning	Baladi+Shami+Teiman	haftarah	Joshua:1:1:1:9 Joshua:6:27:6:27
2019-10-22	chul|Tuesday|Bereishis|SimchasTorah|morning	Romania	haftarah	KingsI:8:22:8:34
2019-10-24	EY|Thursday|Bereishis|-|morning	ALL	haftarah	-
2019-10-24	EY|Thursday|Bereishis|-|morning	ALL	maftir	-
2019-10-24	EY|Thursday|Bereishis|-|morning	ALL	torah	1:Genesis:1:1:1:5 2:Genesis:1:6:1:8 3:Genesis:1:9:1:13
2019-10-24	chul|Thursday|Bereishis|-|morning	ALL	haftarah	-
2019-10-24	chul|Thursday|Bereishis|-|morning	ALL	maftir	-
2019-10-24	chul|Thursday|Bereishis|-|morning	ALL	torah	1:Genesis:1:1:1:5 2:Genesis:1:6:1:8 3:Genesis:1:9:1:13
2019-10-26	EY|shabbos|Bereishis|-|afternoon	ALL	haftarah	-
2019-10-26	EY|shabbos|Bereishis|-|afternoon	ALL	maftir	-
2019-10-26	EY|shabbos|Bereishis|-|afternoon	ALL	torah	1:Genesis:6:9:6:16 2:Genesis:6:17:6:19 3:Genesis:6:20:6:22
2019-10-26	EY|shabbos|Bereishis|-|morning	ALL	maftir	Genesis:6:5:6:8
2019-10-26	EY|shabbos|Bereishis|-|morning	ALL	torah	1:Genesis:1:1:2:3 2:Genesis:2:4:2:19 3:Genesis:2:20:3:21 4:Genesis:3:22:4:18 5:Genesis:4:19:4:22 6:Genesis:4:23:5:24 7:Genesis:5:25:6:8
2019-10-26	EY|shabbos|Bereishis|-|morning	Agadir+Algeria+Algiers+Bavlim+Chabad+Djerba+Fes+Frankfurt+Libya+Magreb+Marrakesh+Morocco+Persia+Poznan+PureSephardim+Sefard+Toshbim	haftarah	Isaiah:42:5:42:21
2019-10-26	EY|shabbos|Bereishis|-|morning	Ashkenaz+ChayeyOdom+Hagra+Lita	haftarah	Isaiah:42:5:43:10
2019-10-26	EY|shabbos|Bereishis|-|morning	Baladi+Shami+Teiman	haftarah	Isaiah:42:1:42:16
2019-10-26	EY|shabbos|Bereishis|-|morning	Italki	haftarah	Isaiah:42:1:42:21
2019-10-26	EY|shabbos|Bereishis|-|morning	Romania	haftarah	Isaiah:65:16:66:11
2019-10-26	chul|shabbos|Bereishis|-|afternoon	ALL	haftarah	-
2019-10-26	chul|shabbos|Bereishis|-|afternoon	ALL	maftir	-
2019-10-26	chul|shabbos|Bereishis|-|afternoon	ALL	torah	1:Genesis:6:9:6:16 2:Genesis:6:17:6:19 3:Genesis:6:20:6:22
2019-10-26	chul|shabbos|Bereishis|-|morning	ALL	maftir	Genesis:6:5:6:8
2019-10-26	chul|shabbos|Bereishis|-|morning	ALL	torah	1:Genesis:1:1:2:3 2:Genesis:2:4:2:19 3:Genesis:2:20:3:21 4:Genesis:3:22:4:18 5:Genesis:4:19:4:22 6:Genesis:4:23:5:24 7:Genesis:5:25:6:8
2019-10-26	chul|shabbos|Bereishis|-|morning	Agadir+Algeria+Algiers+Bavlim+Chabad+Djerba+Fes+Frankfurt+Libya+Magreb+Marrakesh+Morocco+Persia+Poznan+PureSephardim+Sefard+Toshbim	haftarah	Isaiah:42:5:42:21
2019-10-26	chul|shabbos|Bereishis|-|morning	Ashkenaz+ChayeyOdom+Hagra+Lita	haftarah	Isaiah:42:5:43:10
2019-10-26	chul|shabbos|Bereishis|-|morning	Baladi+Shami+Teiman	haftarah	Isaiah:42:1:42:16
2019-10-26	chul|shabbos|Bereishis|-|morning	Italki	haftarah	Isaiah:42:1:42:21
2019-10-26	chul|shabbos|Bereishis|-|morning	Romania	haftarah	Isaiah:65:16:66:11
2019-10-28	EY|Monday|Noach|ErevRoshChodesh|morning	ALL	haftarah	-
2019-10-28	EY|Monday|Noach|ErevRoshChodesh|morning	ALL	maftir	-
2019-10-28	EY|Monday|Noach|ErevRoshChodesh|morning	ALL	torah	1:Genesis:6:9:6:16 2:Genesis:6:17:6:19 3:Genesis:6:20:6:22
2019-10-28	chul|Monday|Noach|ErevRoshChodesh|morning	ALL	haftarah	-
2019-10-28	chul|Monday|Noach|ErevRoshChodesh|morning	ALL	maftir	-
2019-10-28	chul|Monday|Noach|ErevRoshChodesh|morning	ALL	torah	1:Genesis:6:9:6:16 2:Genesis:6:17:6:19 3:Genesis:6:20:6:22
2019-10-29	EY|Tuesday|Noach|ErevRoshChodesh+RoshChodesh|morning	ALL	haftarah	-
2019-10-29	EY|Tuesday|Noach|ErevRoshChodesh+RoshChodesh|morning	ALL	maftir	-
2019-10-29	EY|Tuesday|Noach|ErevRoshChodesh+RoshChodesh|morning	Agadir+Algeria+Algiers+Ashkenaz+Baladi+Bavlim+Chabad+ChayeyOdom+Djerba+Fes+Frankfurt+Italki+Libya+Lita+Magreb+Marrakesh+Morocco+Persia+Poznan+PureSephardim+Romania+Sefard+Shami+Teiman+Toshbim	torah	1:Numbers:28:1:28:3 2:Numbers:28:3:28:5 3:Numbers:28:6:28:10 4:Numbers:28:11:28:15
2019-10-29	EY|Tuesday|Noach|ErevRoshChodesh+RoshChodesh|morning	Hagra	torah	1:Numbers:28:1:28:3 2:Numbers:28:4:28:8 3:Numbers:28:6:28:10 4:Numbers:28:11:28:15
2019-10-29	chul|Tuesday|Noach|ErevRoshChodesh+RoshChodesh|morning	ALL	haftarah	-
2019-10-29	chul|Tuesday|Noach|ErevRoshChodesh+RoshChodesh|morning	ALL	maftir	-
2019-10-29	chul|Tuesday|Noach|ErevRoshChodesh+RoshChodesh|morning	Agadir+Algeria+Algiers+Ashkenaz+Baladi+Bavlim+Chabad+ChayeyOdom+Djerba+Fes+Frankfurt+Italki+Libya+Lita+Magreb+Marrakesh+Morocco+Persia+Poznan+PureSephardim+Romania+Sefard+Shami+Teiman+Toshbim	torah	1:Numbers:28:1:28:3 2:Numbers:28:3:28:5 3:Numbers:28:6:28:10 4:Numbers:28:11:28:15
2019-10-29	chul|Tuesday|Noach|ErevRoshChodesh+RoshChodesh|morning	Hagra	torah	1:Numbers:28:1:28:3 2:Numbers:28:4:28:8 3:Numbers:28:6:28:10 4:Numbers:28:11:28:15
2019-10-30	EY|Wednesday|Noach|RoshChodesh|morning	ALL	haftarah	-
2019-10-30	EY|Wednesday|Noach|RoshChodesh|morning	ALL	maftir	-
2019-10-30	EY|Wednesday|Noach|RoshChodesh|morning	Agadir+Algeria+Algiers+Ashkenaz+Baladi+Bavlim+Chabad+ChayeyOdom+Djerba+Fes+Frankfurt+Italki+Libya+Lita+Magreb+Marrakesh+Morocco+Persia+Poznan+PureSephardim+Romania+Sefard+Shami+Teiman+Toshbim	torah	1:Numbers:28:1:28:3 2:Numbers:28:3:28:5 3:Numbers:28:6:28:10 4:Numbers:28:11:28:15
2019-10-30	EY|Wednesday|Noach|RoshChodesh|morning	Hagra	torah	1:Numbers:28:1:28:3 2:Numbers:28:4:28:8 3:Numbers:28:6:28:10 4:Numbers:28:11:28:15
2019-10-30	chul|Wednesday|Noach|RoshChodesh|morning	ALL	haftarah	-
2019-10-30	chul|Wednesday|Noach|RoshChodesh|morning	ALL	maftir	-
2019-10-30	chul|Wednesday|Noach|RoshChodesh|morning	Agadir+Algeria+Algiers+Ashkenaz+Baladi+Bavlim+Chabad+ChayeyOdom+Djerba+Fes+Frankfurt+Italki+Libya+Lita+Magreb+Marrakesh+Morocco+Persia+Poznan+PureSephardim+Romania+Sefard+Shami+Teiman+Toshbim	torah	1:Numbers:28:1:28:3 2:Numbers:28:3:28:5 3:Numbers:28:6:28:10 4:Numbers:28:11:28:15
2019-10-30	chul|Wednesday|Noach|RoshChodesh|morning	Hagra	torah	1:Numbers:28:1:28:3 2:Numbers:28:4:28:8 3:Numbers:28:6:28:10 4:Numbers:28:11:28:15
2019-10-31	EY|Thursday|Noach|-|morning	ALL	haftarah	-
2019-10-31	EY|Thursday|Noach|-|morning	ALL	maftir	-
2019-10-31	EY|Thursday|Noach|-|morning	ALL	torah	1:Genesis:6:9:6:16 2:Genesis:6:17:6:19 3:Genesis:6:20:6:22
2019-10-31	chul|Thursday|Noach|-|morning	ALL	haftarah	-
2019-10-31	chul|Thursday|Noach|-|morning	ALL	maftir	-
2019-10-31	chul|Thursday|Noach|-|morning	ALL	torah	1:Genesis:6:9:6:16 2:Genesis:6:17:6:19 3:Genesis:6:20:6:22
2019-11-02	EY|shabbos|Noach|-|afternoon	ALL	haftarah	-
2019-11-02	EY|shabbos|Noach|-|afternoon	ALL	maftir	-
2019-11-02	EY|shabbos|Noach|-|afternoon	ALL	torah	1:Genesis:12:1:12:3 2:Genesis:12:4:12:6 3:Genesis:12:7:12:13
2019-11-02	EY|shabbos|Noach|-|morning	ALL	maftir	Genesis:11:29:11:32
2019-11-02	EY|shabbos|Noach|-|morning	ALL	torah	1:Genesis:6:9:6:22 2:Genesis:7:1:7:16 3:Genesis:7:17:8:14 4:Genesis:8:15:9:7 5:Genesis:9:8:9:17 6:Genesis:9:18:10:32 7:Genesis:11:1:11:32
2019-11-02	EY|shabbos|Noach|-|morning	Agadir+Algeria+Algiers+Ashkenaz+ChayeyOdom+Djerba+Fes+Hagra+Italki+Lita+Magreb+Marrakesh+Morocco+Poznan+Shami+Toshbim	haftarah	Isaiah:54:1:55:5
2019-11-02	EY|shabbos|Noach|-|morning	Baladi+Teiman	haftarah	Isaiah:54:1:55:3
2019-11-02	EY|shabbos|Noach|-|morning	Bavlim+Chabad+Frankfurt+Libya+Persia+PureSephardim+Sefard	haftarah	Isaiah:54:1:54:10
2019-11-02	EY|shabbos|Noach|-|morning	Romania	haftarah	Isaiah:54:9:55:12
2019-11-02	chul|shabbos|Noach|-|afternoon	ALL	haftarah	-
2019-11-02	chul|shabbos|Noach|-|afternoon	ALL	maftir	-
2019-11-02	chul|shabbos|Noach|-|afternoon	ALL	torah	1:Genesis:12:1:12:3 2:Genesis:12:4:12:6 3:Genesis:12:7:12:13
2019-11-02	chul|shabbos|Noach|-|morning	ALL	maftir	Genesis:11:29:11:32
2019-11-02	chul|shabbos|Noach|-|morning	ALL	torah	1:Genesis:6:9:6:22 2:Genesis:7:1:7:16 3:Genesis:7:17:8:14 4:Genesis:8:15:9:7 5:Genesis:9:8:9:17 6:Genesis:9:18:10:32 7:Genesis:11:1:11:32
2019-11-02	chul|shabbos|Noach|-|morning	Agadir+Algeria+Algiers+Ashkenaz+ChayeyOdom+Djerba+Fes+Hagra+Italki+Lita+Magreb+Marrakesh+Morocco+Poznan+Shami+Toshbim	haftarah	Isaiah:54:1:55:5
2019-11-02	chul|shabbos|Noach|-|morning	Baladi+Teiman	haftarah	Isaiah:54:1:55:3
2019-11-02	chul|shabbos|Noach|-|morning	Bavlim+Chabad+Frankfurt+Libya+Persia+PureSephardim+Sefard	haftarah	Isaiah:54:1:54:10
2019-11-02	chul|shabbos|Noach|-|morning	Romania	haftarah	Isaiah:54:9:55:12
2019-11-04	EY|Monday|LechLecha|-|morning	ALL	haftarah	-
2019-11-04	EY|Monday|LechLecha|-|morning	ALL	maftir	-
2019-11-04	EY|Monday|LechLecha|-|morning	ALL	torah	1:Genesis:12:1:12:3 2:Genesis:12:4:12:6 3:Genesis:12:7:12:13
2019-11-04	chul|Monday|LechLecha|-|morning	ALL	haftarah	-
2019-11-04	chul|Monday|LechLecha|-|morning	ALL	maftir	-
2019-11-04	chul|Monday|LechLecha|-|morning	ALL	torah	1:Genesis:12:1:12:3 2:Genesis:12:4:12:6 3:Genesis:12:7:12:13
2019-11-07	EY|Thursday|LechLecha|-|morning	ALL	haftarah	-
2019-11-07	EY|Thursday|LechLecha|-|morning	ALL	maftir	-
2019-11-07	EY|Thursday|LechLecha|-|morning	ALL	torah	1:Genesis:12:1:12:3 2:Genesis:12:4:12:6 3:Genesis:12:7:12:13
2019-11-07	chul|Thursday|LechLecha|-|morning	ALL	haftarah	-
2019-11-07	chul|Thursday|LechLecha|-|morning	ALL	maftir	-
2019-11-07	chul|Thursday|LechLecha|-|morning	ALL	torah	1:Genesis:12:1:12:3 2:Genesis:12:4:12:6 3:Genesis:12:7:12:13
2019-11-09	EY|shabbos|LechLecha|-|afternoon	ALL	haftarah	-
2019-11-09	EY|shabbos|LechLecha|-|afternoon	ALL	maftir	-
2019-11-09	EY|shabbos|LechLecha|-|afternoon	ALL	torah	1:Genesis:18:1:18:5 2:Genesis:18:6:18:8 3:Genesis:18:9:18:14
2019-11-09	EY|shabbos|LechLecha|-|morning	ALL	maftir	Genesis:17:24:17:27
2019-11-09	EY|shabbos|LechLecha|-|morning	ALL	torah	1:Genesis:12:1:12:13 2:Genesis:12:14:13:4 3:Genesis:13:5:13:18 4:Genesis:14:1:14:20 5:Genesis:14:21:15:6 6:Genesis:15:7:17:6 7:Genesis:17:7:17:27
2019-11-09	EY|shabbos|LechLecha|-|morning	Agadir+Algeria+Algiers+Ashkenaz+Bavlim+Chabad+ChayeyOdom+Djerba+Fes+Frankfurt+Hagra+Libya+Lita+Magreb+Marrakesh+Morocco+Persia+Poznan+PureSephardim+Romania+Sefard+Toshbim	haftarah	Isaiah:40:27:41:16
2019-11-09	EY|shabbos|LechLecha|-|morning	Baladi+Italki+Shami+Teiman	haftarah	Isaiah:40:25:41:17
2019-11-09	chul|shabbos|LechLecha|-|afternoon	ALL	haftarah	-
2019-11-09	chul|shabbos|LechLecha|-|afternoon	ALL	maftir	-
2019-11-09	chul|shabbos|LechLecha|-|afternoon	ALL	torah	1:Genesis:18:1:18:5 2:Genesis:18:6:18:8 3:Genesis:18:9:18:14
2019-11-09	chul|shabbos|LechLecha|-|morning	ALL	maftir	Genesis:17:24:17:27
2019-11-09	chul|shabbos|LechLecha|-|morning	ALL	torah	1:Genesis:12:1:12:13 2:Genesis:12:14:13:4 3:Genesis:13:5:13:18 4:Genesis:14:1:14:20 5:Genesis:14:21:15:6 6:Genesis:15:7:17:6 7:Genesis:17:7:17:27
2019-11-09	chul|shabbos|LechLecha|-|morning	Agadir+Algeria+Algiers+Ashkenaz+Bavlim+Chabad+ChayeyOdom+Djerba+Fes+Frankfurt+Hagra+Libya+Lita+Magreb+Marrakesh+Morocco+Persia+Poznan+PureSephardim+Romania+Sefard+Toshbim	haftarah	Isaiah:40:27:41:16
2019-11-09	chul|shabbos|LechLecha|-|morning	Baladi+Italki+Shami+Teiman	haftarah	Isaiah:40:25:41:17
2019-11-11	EY|Monday|Vayeira|-|morning	ALL	haftarah	-
2019-11-11	EY|Monday|Vayeira|-|morning	ALL	maftir	-
2019-11-11	EY|Monday|Vayeira|-|morning	ALL	torah	1:Genesis:18:1:18:5 2:Genesis:18:6:18:8 3:Genesis:18:9:18:14
2019-11-11	chul|Monday|Vayeira|-|morning	ALL	haftarah	-
2019-11-11	chul|Monday|Vayeira|-|morning	ALL	maftir	-
2019-11-11	chul|Monday|Vayeira|-|morning	ALL	torah	1:Genesis:18:1:18:5 2:Genesis:18:6:18:8 3:Genesis:18:9:18:14
2019-11-14	EY|Thursday|Vayeira|-|morning	ALL	haftarah	-
2019-11-14	EY|Thursday|Vayeira|-|morning	ALL	maftir	-
2019-11-14	EY|Thursday|Vayeira|-|morning	ALL	torah	1:Genesis:18:1:18:5 2:Genesis:18:6:18:8 3:Genesis:18:9:18:14
2019-11-14	chul|Thursday|Vayeira|-|morning	ALL	haftarah	-
2019-11-14	chul|Thursday|Vayeira|-|morning	ALL	maftir	-
2019-11-14	chul|Thursday|Vayeira|-|morning	ALL	torah	1:Genesis:18:1:18:5 2:Genesis:18:6:18:8 3:Genesis:18:9:18:14
2019-11-16	EY|shabbos|Vayeira|-|afternoon	ALL	haftarah	-
2019-11-16	EY|shabbos|Vayeira|-|afternoon	ALL	maftir	-
2019-11-16	EY|shabbos|Vayeira|-|afternoon	ALL	torah	1:Genesis:23:1:23:7 2:Genesis:23:8:23:12 3:Genesis:23:13:23:16
2019-11-16	EY|shabbos|Vayeira|-|morning	ALL	maftir	Genesis:22:20:22:24
2019-11-16	EY|shabbos|Vayeira|-|morning	ALL	torah	1:Genesis:18:1:18:14 2:Genesis:18:15:18:33 3:Genesis:19:1:19:20 4:Genesis:19:21:21:4 5:Genesis:21:5:21:21 6:Genesis:21:22:21:34 7:Genesis:22:1:22:24
2019-11-16	EY|shabbos|Vayeira|-|morning	Agadir+Baladi+Bavlim+Djerba+Fes+Libya+Magreb+Marrakesh+Morocco+Persia+Poznan+PureSephardim+Sefard+Shami+Teiman+Toshbim	haftarah	KingsII:4:1:4:23
2019-11-16	EY|shabbos|Vayeira|-|morning	Algeria+Algiers+Ashkenaz+Chabad+ChayeyOdom+Frankfurt+Hagra+Italki+Lita	haftarah	KingsII:4:1:4:37
2019-11-16	EY|shabbos|Vayeira|-|morning	Romania	haftarah	Isaiah:33:17:34:13
2019-11-16	chul|shabbos|Vayeira|-|afternoon	ALL	haftarah	-
2019-11-16	chul|shabbos|Vayeira|-|afternoon	ALL	maftir	-
2019-11-16	chul|shabbos|Vayeira|-|afternoon	ALL	torah	1:Genesis:23:1:23:7 2:Genesis:23:8:23:12 3:Genesis:23:13:23:16
2019-11-16	chul|shabbos|Vayeira|-|morning	ALL	maftir	Genesis:22:20:22:24
2019-11-16	chul|shabbos|Vayeira|-|morning	ALL	torah	1:Genesis:18:1:18:14 2:Genesis:18:15:18:33 3:Genesis:19:1:19:20 4:Genesis:19:21:21:4 5:Genesis:21:5:21:21 6:Genesis:21:22:21:34 7:Genesis:22:1:22:24
2019-11-16	chul|shabbos|Vayeira|-|morning	Agadir+Baladi+Bavlim+Djerba+Fes+Libya+Magreb+Marrakesh+Morocco+Persia+Poznan+PureSephardim+Sefard+Shami+Teiman+Toshbim	haftarah	KingsII:4:1:4:23
2019-11-16	chul|shabbos|Vayeira|-|morning	Algeria+Algiers+Ashkenaz+Chabad+ChayeyOdom+Frankfurt+Hagra+Italki+Lita	haftarah	KingsII:4:1:4:37
2019-11-16	chul|shabbos|Vayeira|-|morning	Romania	haftarah	Isaiah:33:17:34:13
2019-11-18	EY|Monday|ChayeiSarah|-|morning	ALL	haftarah	-
2019-11-18	EY|Monday|ChayeiSarah|-|morning	ALL	maftir	-
2019-11-18	EY|Monday|ChayeiSarah|-|morning	ALL	torah	1:Genesis:23:1:23:7 2:Genesis:23:8:23:12 3:Genesis:23:13:23:16
2019-11-18	chul|Monday|ChayeiSarah|-|morning	ALL	haftarah	-
2019-11-18	chul|Monday|ChayeiSarah|-|morning	ALL	maftir	-
2019-11-18	chul|Monday|ChayeiSarah|-|morning	ALL	torah	1:Genesis:23:1:23:7 2:Genesis:23:8:23:12 3:Genesis:23:13:23:16
2019-11-21	EY|Thursday|ChayeiSarah|-|morning	ALL	haftarah	-
2019-11-21	EY|Thursday|ChayeiSarah|-|morning	ALL	maftir	-
2019-11-21	EY|Thursday|ChayeiSarah|-|morning	ALL	torah	1:Genesis:23:1:23:7 2:Genesis:23:8:23:12 3:Genesis:23:13:23:16
2019-11-21	chul|Thursday|ChayeiSarah|-|morning	ALL	haftarah	-
2019-11-21	chul|Thursday|ChayeiSarah|-|morning	ALL	maftir	-
2019-11-21	chul|Thursday|ChayeiSarah|-|morning	ALL	torah	1:Genesis:23:1:23:7 2:Genesis:23:8:23:12 3:Genesis:23:13:23:16
2019-11-23	EY|shabbos|ChayeiSarah|-|afternoon	ALL	haftarah	-
2019-11-23	EY|shabbos|ChayeiSarah|-|afternoon	ALL	maftir	-
2019-11-23	EY|shabbos|ChayeiSarah|-|afternoon	ALL	torah	1:Genesis:25:19:25:22 2:Genesis:25:23:25:26 3:Genesis:25:27:26:5
2019-11-23	EY|shabbos|ChayeiSarah|-|morning	ALL	maftir	Genesis:25:16:25:18
2019-11-23	EY|shabbos|ChayeiSarah|-|morning	ALL	torah	1:Genesis:23:1:23:16 2:Genesis:23:17:24:9 3:Genesis:24:10:24:26 4:Genesis:24:27:24:52 5:Genesis:24:53:24:67 6:Genesis:25:1:25:11 7:Genesis:25:12:25:18
2019-11-23	EY|shabbos|ChayeiSarah|-|morning	Agadir+Algeria+Algiers+Ashkenaz+Baladi+Bavlim+Chabad+ChayeyOdom+Djerba+Fes+Frankfurt+Hagra+Libya+Lita+Magreb+Marrakesh+Morocco+Persia+Poznan+PureSephardim+Romania+Sefard+Shami+Teiman+Toshbim	haftarah	KingsI:1:1:1:31
2019-11-23	EY|shabbos|ChayeiSarah|-|morning	Italki	haftarah	KingsI:1:1:1:34
2019-11-23	chul|shabbos|ChayeiSarah|-|afternoon	ALL	haftarah	-
2019-11-23	chul|shabbos|ChayeiSarah|-|afternoon	ALL	maftir	-
2019-11-23	chul|shabbos|ChayeiSarah|-|afternoon	ALL	torah	1:Genesis:25:19:25:22 2:Genesis:25:23:25:26 3:Genesis:25:27:26:5
2019-11-23	chul|shabbos|ChayeiSarah|-|morning	ALL	maftir	Genesis:25:16:25:18
2019-11-23	chul|shabbos|ChayeiSarah|-|morning	ALL	torah	1:Genesis:23:1:23:16 2:Genesis:23:17:24:9 3:Genesis:24:10:24:26 4:Genesis:24:27:24:52 5:Genesis:24:53:24:67 6:Genesis:25:1:25:11 7:Genesis:25:12:25:18
2019-11-23	chul|shabbos|ChayeiSarah|-|morning	Agadir+Algeria+Algiers+Ashkenaz+Baladi+Bavlim+Chabad+ChayeyOdom+Djerba+Fes+Frankfurt+Hagra+Libya+Lita+Magreb+Marrakesh+Morocco+Persia+Poznan+PureSephardim+Romania+Sefard+Shami+Teiman+Toshbim	haftarah	KingsI:1:1:1:31
2019-11-23	chul|shabbos|ChayeiSarah|-|morning	Italki	haftarah	KingsI:1:1:1:34
2019-11-25	EY|Monday|Toldos|-|morning	ALL	haftarah	-
2019-11-25	EY|Monday|Toldos|-|morning	ALL	maftir	-
2019-11-25	EY|Monday|Toldos|-|morning	ALL	torah	1:Genesis:25:19:25:22 2:Genesis:25:23:25:26 3:Genesis:25:27:26:5
2019-11-25	chul|Monday|Toldos|-|morning	ALL	haftarah	-
2019-11-25	chul|Monday|Toldos|-|morning	ALL	maftir	-
2019-11-25	chul|Monday|Toldos|-|morning	ALL	torah	1:Genesis:25:19:25:22 2:Genesis:25:23:25:26 3:Genesis:25:27:26:5
2019-11-28	EY|Thursday|Toldos|ErevRoshChodesh+RoshChodesh|morning	ALL	haftarah	-
2019-11-28	EY|Thursday|Toldos|ErevRoshChodesh+RoshChodesh|morning	ALL	maftir	-
2019-11-28	EY|Thursday|Toldos|ErevRoshChodesh+RoshChodesh|morning	Agadir+Algeria+Algiers+Ashkenaz+Baladi+Bavlim+Chabad+ChayeyOdom+Djerba+Fes+Frankfurt+Italki+Libya+Lita+Magreb+Marrakesh+Morocco+Persia+Poznan+PureSephardim+Romania+Sefard+Shami+Teiman+Toshbim	torah	1:Numbers:28:1:28:3 2:Numbers:28:3:28:5 3:Numbers:28:6:28:10 4:Numbers:28:11:28:15
2019-11-28	EY|Thursday|Toldos|ErevRoshChodesh+RoshChodesh|morning	Hagra	torah	1:Numbers:28:1:28:3 2:Numbers:28:4:28:8 3:Numbers:28:6:28:10 4:Numbers:28:11:28:15
2019-11-28	chul|Thursday|Toldos|ErevRoshChodesh+RoshChodesh|morning	ALL	haftarah	-
2019-11-28	chul|Thursday|Toldos|ErevRoshChodesh+RoshChodesh|morning	ALL	maftir	-
2019-11-28	chul|Thursday|Toldos|ErevRoshChodesh+RoshChodesh|morning	Agadir+Algeria+Algiers+Ashkenaz+Baladi+Bavlim+Chabad+ChayeyOdom+Djerba+Fes+Frankfurt+Italki+Libya+Lita+Magreb+Marrakesh+Morocco+Persia+Poznan+PureSephardim+Romania+Sefard+Shami+Teiman+Toshbim	torah	1:Numbers:28:1:28:3 2:Numbers:28:3:28:5 3:Numbers:28:6:28:10 4:Numbers:28:11:28:15
2019-11-28	chul|Thursday|Toldos|ErevRoshChodesh+RoshChodesh|morning	Hagra	torah	1:Numbers:28:1:28:3 2:Numbers:28:4:28:8 3:Numbers:28:6:28:10 4:Numbers:28:11:28:15
2019-11-29	EY|Friday|Toldos|RoshChodesh|morning	ALL	haftarah	-
2019-11-29	EY|Friday|Toldos|RoshChodesh|morning	ALL	maftir	-
2019-11-29	EY|Friday|Toldos|RoshChodesh|morning	Agadir+Algeria+Algiers+Ashkenaz+Baladi+Bavlim+Chabad+ChayeyOdom+Djerba+Fes+Frankfurt+Italki+Libya+Lita+Magreb+Marrakesh+Morocco+Persia+Poznan+PureSephardim+Romania+Sefard+Shami+Teiman+Toshbim	torah	1:Numbers:28:1:28:3 2:Numbers:28:3:28:5 3:Numbers:28:6:28:10 4:Numbers:28:11:28:15
2019-11-29	EY|Friday|Toldos|RoshChodesh|morning	Hagra	torah	1:Numbers:28:1:28:3 2:Numbers:28:4:28:8 3:Numbers:28:6:28:10 4:Numbers:28:11:28:15
2019-11-29	chul|Friday|Toldos|RoshChodesh|morning	ALL	haftarah	-
2019-11-29	chul|Friday|Toldos|RoshChodesh|morning	ALL	maftir	-
2019-11-29	chul|Friday|Toldos|RoshChodesh|morning	Agadir+Algeria+Algiers+Ashkenaz+Baladi+Bavlim+Chabad+ChayeyOdom+Djerba+Fes+Frankfurt+Italki+Libya+Lita+Magreb+Marrakesh+Morocco+Persia+Poznan+PureSephardim+Romania+Sefard+Shami+Teiman+Toshbim	torah	1:Numbers:28:1:28:3 2:Numbers:28:3:28:5 3:Numbers:28:6:28:10 4:Numbers:28:11:28:15
2019-11-29	chul|Friday|Toldos|RoshChodesh|morning	Hagra	torah	1:Numbers:28:1:28:3 2:Numbers:28:4:28:8 3:Numbers:28:6:28:10 4:Numbers:28:11:28:15
2019-11-30	EY|shabbos|Toldos|-|afternoon	ALL	haftarah	-
2019-11-30	EY|shabbos|Toldos|-|afternoon	ALL	maftir	-
2019-11-30	EY|shabbos|Toldos|-|afternoon	ALL	torah	1:Genesis:28:10:28:12 2:Genesis:28:13:28:17 3:Genesis:28:18:28:22
2019-11-30	EY|shabbos|Toldos|-|morning	ALL	maftir	Genesis:28:7:28:9
2019-11-30	EY|shabbos|Toldos|-|morning	ALL	torah	1:Genesis:25:19:26:5 2:Genesis:26:6:26:12 3:Genesis:26:13:26:22 4:Genesis:26:23:26:29 5:Genesis:26:30:27:27 6:Genesis:27:28:28:4 7:Genesis:28:5:28:9
2019-11-30	EY|shabbos|Toldos|-|morning	Agadir+Algeria+Algiers+Ashkenaz+Bavlim+Chabad+ChayeyOdom+Djerba+Fes+Frankfurt+Hagra+Italki+Libya+Lita+Magreb+Marrakesh+Morocco+Persia+Poznan+PureSephardim+Romania+Sefard+Toshbim	haftarah	Malachi:1:1:2:7
2019-11-30	EY|shabbos|Toldos|-|morning	Baladi+Shami+Teiman	haftarah	Malachi:1:1:3:4
2019-11-30	chul|shabbos|Toldos|-|afternoon	ALL	haftarah	-
2019-11-30	chul|shabbos|Toldos|-|afternoon	ALL	maftir	-
2019-11-30	chul|shabbos|Toldos|-|afternoon	ALL	torah	1:Genesis:28:10:28:12 2:Genesis:28:13:28:17 3:Genesis:28:18:28:22
2019-11-30	chul|shabbos|Toldos|-|morning	ALL	maftir	Genesis:28:7:28:9
2019-11-30	chul|shabbos|Toldos|-|morning	ALL	torah	1:Genesis:25:19:26:5 2:Genesis:26:6:26:12 3:Genesis:26:13:26:22 4:Genesis:26:23:26:29 5:Genesis:26:30:27:27 6:Genesis:27:28:28:4 7:Genesis:28:5:28:9
2019-11-30	chul|shabbos|Toldos|-|morning	Agadir+Algeria+Algiers+Ashkenaz+Bavlim+Chabad+ChayeyOdom+Djerba+Fes+Frankfurt+Hagra+Italki+Libya+Lita+Magreb+Marrakesh+Morocco+Persia+Poznan+PureSephardim+Romania+Sefard+Toshbim	haftarah	Malachi:1:1:2:7
2019-11-30	chul|shabbos|Toldos|-|morning	Baladi+Shami+Teiman	haftarah	Malachi:1:1:3:4
2019-12-02	EY|Monday|Vayeitzei|-|morning	ALL	haftarah	-
2019-12-02	EY|Monday|Vayeitzei|-|morning	ALL	maftir	-
2019-12-02	EY|Monday|Vayeitzei|-|morning	ALL	torah	1:Genesis:28:10:28:12 2:Genesis:28:13:28:17 3:Genesis:28:18:28:22
2019-12-02	chul|Monday|Vayeitzei|-|morning	ALL	haftarah	-
2019-12-02	chul|Monday|Vayeitzei|-|morning	ALL	maftir	-
2019-12-02	chul|Monday|Vayeitzei|-|morning	ALL	torah	1:Genesis:28:10:28:12 2:Genesis:28:13:28:17 3:Genesis:28:18:28:22
2019-12-05	EY|Thursday|Vayeitzei|-|morning	ALL	haftarah	-
2019-12-05	EY|Thursday|Vayeitzei|-|morning	ALL	maftir	-
2019-12-05	EY|Thursday|Vayeitzei|-|morning	ALL	torah	1:Genesis:28:10:28:12 2:Genesis:28:13:28:17 3:Genesis:28:18:28:22
2019-12-05	chul|Thursday|Vayeitzei|-|morning	ALL	haftarah	-
2019-12-05	chul|Thursday|Vayeitzei|-|morning	ALL	maftir	-
2019-12-05	chul|Thursday|Vayeitzei|-|morning	ALL	torah	1:Genesis:28:10:28:12 2:Genesis:28:13:28:17 3:Genesis:28:18:28:22
2019-12-07	EY|shabbos|Vayeitzei|-|afternoon	ALL	haftarah	-
2019-12-07	EY|shabbos|Vayeitzei|-|afternoon	ALL	maftir	-
2019-12-07	EY|shabbos|Vayeitzei|-|afternoon	ALL	torah	1:Genesis:32:4:32:6 2:Genesis:32:7:32:9 3:Genesis:32:10:32:13
2019-12-07	EY|shabbos|Vayeitzei|-|morning	ALL	maftir	Genesis:32:1:32:3
2019-12-07	EY|shabbos|Vayeitzei|-|morning	ALL	torah	1:Genesis:28:10:28:22 2:Genesis:29:1:29:17 3:Genesis:29:18:30:13 4:Genesis:30:14:30:27 5:Genesis:30:28:31:16 6:Genesis:31:17:31:42 7:Genesis:31:43:32:3
2019-12-07	EY|shabbos|Vayeitzei|-|morning	Agadir+Algeria+Algiers+Fes+Magreb+Marrakesh+Morocco+Toshbim	haftarah	Hosea:11:7:13:5
2019-12-07	EY|shabbos|Vayeitzei|-|morning	Ashkenaz+Frankfurt+Hagra+Poznan	haftarah	Hosea:12:13:14:10
2019-12-07	EY|shabbos|Vayeitzei|-|morning	Baladi+Chabad+Djerba+Italki+Shami+Teiman	haftarah	Hosea:11:7:12:14
2019-12-07	EY|shabbos|Vayeitzei|-|morning	Bavlim+Libya+Persia+PureSephardim+Sefard	haftarah	Hosea:11:7:12:12
2019-12-07	EY|shabbos|Vayeitzei|-|morning	ChayeyOdom+Lita	haftarah	Hosea:12:13:14:10 Joel:2:26:2:27
2019-12-07	EY|shabbos|Vayeitzei|-|morning	Romania	haftarah	Hosea:12:13:14:3
2019-12-07	chul|shabbos|Vayeitzei|-|afternoon	ALL	haftarah	-
2019-12-07	chul|shabbos|Vayeitzei|-|afternoon	ALL	maftir	-
2019-12-07	chul|shabbos|Vayeitzei|-|afternoon	ALL	torah	1:Genesis:32:4:32:6 2:Genesis:32:7:32:9 3:Genesis:32:10:32:13
2019-12-07	chul|shabbos|Vayeitzei|-|morning	ALL	maftir	Genesis:32:1:32:3
2019-12-07	chul|shabbos|Vayeitzei|-|morning	ALL	torah	1:Genesis:28:10:28:22 2:Genesis:29:1:29:17 3:Genesis:29:18:30:13 4:Genesis:30:14:30:27 5:Genesis:30:28:31:16 6:Genesis:31:17:31:42 7:Genesis:31:43:32:3
2019-12-07	chul|shabbos|Vayeitzei|-|morning	Agadir+Algeria+Algiers+Fes+Magreb+Marrakesh+Morocco+Toshbim	haftarah	Hosea:11:7:13:5
2019-12-07	chul|shabbos|Vayeitzei|-|morning	Ashkenaz+Frankfurt+Hagra+Poznan	haftarah	Hosea:12:13:14:10
2019-12-07	chul|shabbos|Vayeitzei|-|morning	Baladi+Chabad+Djerba+Italki+Shami+Teiman	haftarah	Hosea:11:7:12:14
2019-12-07	chul|shabbos|Vayeitzei|-|morning	Bavlim+Libya+Persia+PureSephardim+Sefard	haftarah	Hosea:11:7:12:12
2019-12-07	chul|shabbos|Vayeitzei|-|morning	ChayeyOdom+Lita	haftarah	Hosea:12:13:14:10 Joel:2:26:2:27
2019-12-07	chul|shabbos|Vayeitzei|-|morning	Romania	haftarah	Hosea:12:13:14:3
2019-12-09	EY|Monday|Vayishlach|-|morning	ALL	haftarah	-
2019-12-09	EY|Monday|Vayishlach|-|morning	ALL	maftir	-
2019-12-09	EY|Monday|Vayishlach|-|morning	ALL	torah	1:Genesis:32:4:32:6 2:Genesis:32:7:32:9 3:Genesis:32:10:32:13
2019-12-09	chul|Monday|Vayishlach|-|morning	ALL	haftarah	-
2019-12-09	chul|Monday|Vayishlach|-|morning	ALL	maftir	-
2019-12-09	chul|Monday|Vayishlach|-|morning	ALL	torah	1:Genesis:32:4:32:6 2:Genesis:32:7:32:9 3:Genesis:32:10:32:13
2019-12-12	EY|Thursday|Vayishlach|-|morning	ALL	haftarah	-
2019-12-12	EY|Thursday|Vayishlach|-|morning	ALL	maftir	-
2019-12-12	EY|Thursday|Vayishlach|-|morning	ALL	torah	1:Genesis:32:4:32:6 2:Genesis:32:7:32:9 3:Genesis:32:10:32:13
2019-12-12	chul|Thursday|Vayishlach|-|morning	ALL	haftarah	-
2019-12-12	chul|Thursday|Vayishlach|-|morning	ALL	maftir	-
2019-12-12	chul|Thursday|Vayishlach|-|morning	ALL	torah	1:Genesis:32:4:32:6 2:Genesis:32:7:32:9 3:Genesis:32:10:32:13
2019-12-14	EY|shabbos|Vayishlach|-|afternoon	ALL	haftarah	-
2019-12-14	EY|shabbos|Vayishlach|-|afternoon	ALL	maftir	-
2019-12-14	EY|shabbos|Vayishlach|-|afternoon	ALL	torah	1:Genesis:37:1:37:3 2:Genesis:37:4:37:7 3:Genesis:37:8:37:11
2019-12-14	EY|shabbos|Vayishlach|-|morning	ALL	maftir	Genesis:36:40:36:43
2019-12-14	EY|shabbos|Vayishlach|-|morning	ALL	torah	1:Genesis:32:4:32:13 2:Genesis:32:14:32:30 3:Genesis:32:31:33:5 4:Genesis:33:6:33:20 5:Genesis:34:1:35:11 6:Genesis:35:12:36:19 7:Genesis:36:20:36:43
2019-12-14	EY|shabbos|Vayishlach|-|morning	Agadir+Algeria+Algiers+Ashkenaz+Baladi+Bavlim+Chabad+Djerba+Fes+Frankfurt+Hagra+Italki+Libya+Magreb+Marrakesh+Morocco+Persia+Poznan+PureSephardim+Romania+Sefard+Shami+Teiman+Toshbim	haftarah	Obadiah:1:1:1:21
2019-12-14	EY|shabbos|Vayishlach|-|morning	ChayeyOdom	haftarah	Hosea:11:7:13:4
2019-12-14	EY|shabbos|Vayishlach|-|morning	Lita	haftarah	Hosea:11:7:12:12
2019-12-14	chul|shabbos|Vayishlach|-|afternoon	ALL	haftarah	-
2019-12-14	chul|shabbos|Vayishlach|-|afternoon	ALL	maftir	-
2019-12-14	chul|shabbos|Vayishlach|-|afternoon	ALL	torah	1:Genesis:37:1:37:3 2:Genesis:37:4:37:7 3:Genesis:37:8:37:11
2019-12-14	chul|shabbos|Vayishlach|-|morning	ALL	maftir	Genesis:36:40:36:43
2019-12-14	chul|shabbos|Vayishlach|-|morning	ALL	torah	1:Genesis:32:4:32:13 2:Genesis:32:14:32:30 3:Genesis:32:31:33:5 4:Genesis:33:6:33:20 5:Genesis:34:1:35:11 6:Genesis:35:12:36:19 7:Genesis:36:20:36:43
2019-12-14	chul|shabbos|Vayishlach|-|morning	Agadir+Algeria+Algiers+Ashkenaz+Baladi+Bavlim+Chabad+Djerba+Fes+Frankfurt+Hagra+Italki+Libya+Magreb+Marrakesh+Morocco+Persia+Poznan+PureSephardim+Romania+Sefard+Shami+Teiman+Toshbim	haftarah	Obadiah:1:1:1:21
2019-12-14	chul|shabbos|Vayishlach|-|morning	ChayeyOdom	haftarah	Hosea:11:7:13:4
2019-12-14	chul|shabbos|Vayishlach|-|morning	Lita	haftarah	Hosea:11:7:12:12
2019-12-16	EY|Monday|Vayeishev|-|morning	ALL	haftarah	-
2019-12-16	EY|Monday|Vayeishev|-|morning	ALL	maftir	-
2019-12-16	EY|Monday|Vayeishev|-|morning	ALL	torah	1:Genesis:37:1:37:3 2:Genesis:37:4:37:7 3:Genesis:37:8:37:11
2019-12-16	chul|Monday|Vayeishev|-|morning	ALL	haftarah	-
2019-12-16	chul|Monday|Vayeishev|-|morning	ALL	maftir	-
2019-12-16	chul|Monday|Vayeishev|-|morning	ALL	torah	1:Genesis:37:1:37:3 2:Genesis:37:4:37:7 3:Genesis:37:8:37:11
2019-12-19	EY|Thursday|Vayeishev|-|morning	ALL	haftarah	-
2019-12-19	EY|Thursday|Vayeishev|-|morning	ALL	maftir	-
2019-12-19	EY|Thursday|Vayeishev|-|morning	ALL	torah	1:Genesis:37:1:37:3 2:Genesis:37:4:37:7 3:Genesis:37:8:37:11
2019-12-19	chul|Thursday|Vayeishev|-|morning	ALL	haftarah	-
2019-12-19	chul|Thursday|Vayeishev|-|morning	ALL	maftir	-
2019-12-19	chul|Thursday|Vayeishev|-|morning	ALL	torah	1:Genesis:37:1:37:3 2:Genesis:37:4:37:7 3:Genesis:37:8:37:11
2019-12-21	EY|shabbos|Vayeishev|-|afternoon	ALL	haftarah	-
2019-12-21	EY|shabbos|Vayeishev|-|afternoon	ALL	maftir	-
2019-12-21	EY|shabbos|Vayeishev|-|afternoon	ALL	torah	1:Genesis:41:1:41:4 2:Genesis:41:5:41:7 3:Genesis:41:8:41:14
2019-12-21	EY|shabbos|Vayeishev|-|morning	ALL	haftarah	Amos:2:6:3:8
2019-12-21	EY|shabbos|Vayeishev|-|morning	ALL	maftir	Genesis:40:20:40:23
2019-12-21	EY|shabbos|Vayeishev|-|morning	ALL	torah	1:Genesis:37:1:37:11 2:Genesis:37:12:37:22 3:Genesis:37:23:37:36 4:Genesis:38:1:38:30 5:Genesis:39:1:39:6 6:Genesis:39:7:39:23 7:Genesis:40:1:40:23
2019-12-21	chul|shabbos|Vayeishev|-|afternoon	ALL	haftarah	-
2019-12-21	chul|shabbos|Vayeishev|-|afternoon	ALL	maftir	-
2019-12-21	chul|shabbos|Vayeishev|-|afternoon	ALL	torah	1:Genesis:41:1:41:4 2:Genesis:41:5:41:7 3:Genesis:41:8:41:14
2019-12-21	chul|shabbos|Vayeishev|-|morning	ALL	haftarah	Amos:2:6:3:8
2019-12-21	chul|shabbos|Vayeishev|-|morning	ALL	maftir	Genesis:40:20:40:23
2019-12-21	chul|shabbos|Vayeishev|-|morning	ALL	torah	1:Genesis:37:1:37:11 2:Genesis:37:12:37:22 3:Genesis:37:23:37:36 4:Genesis:38:1:38:30 5:Genesis:39:1:39:6 6:Genesis:39:7:39:23 7:Genesis:40:1:40:23
2019-12-23	EY|Monday|Mikeitz|Chanukah1|morning	ALL	haftarah	-
2019-12-23	EY|Monday|Mikeitz|Chanukah1|morning	ALL	maftir	-
2019-12-23	EY|Monday|Mikeitz|Chanukah1|morning	Agadir+Algeria+Algiers+Baladi+Bavlim+Djerba+Fes+Libya+Magreb+Marrakesh+Morocco+Persia+PureSephardim+Sefard+Shami+Teiman+Toshbim	torah	1:Numbers:6:22:7:11 2:Numbers:7:12:7:14 3:Numbers:7:15:7:17
2019-12-23	EY|Monday|Mikeitz|Chanukah1|morning	Ashkenaz+Chabad+ChayeyOdom+Frankfurt+Hagra+Italki+Lita+Poznan+Romania	torah	1:Numbers:7:1:7:11 2:Numbers:7:12:7:14 3:Numbers:7:15:7:17
2019-12-23	chul|Monday|Mikeitz|Chanukah1|morning	ALL	haftarah	-
2019-12-23	chul|Monday|Mikeitz|Chanukah1|morning	ALL	maftir	-
2019-12-23	chul|Monday|Mikeitz|Chanukah1|morning	Agadir+Algeria+Algiers+Baladi+Bavlim+Djerba+Fes+Libya+Magreb+Marrakesh+Morocco+Persia+PureSephardim+Sefard+Shami+Teiman+Toshbim	torah	1:Numbers:6:22:7:11 2:Numbers:7:12:7:14 3:Numbers:7:15:7:17
2019-12-23	chul|Monday|Mikeitz|Chanukah1|morning	Ashkenaz+Chabad+ChayeyOdom+Frankfurt+Hagra+Italki+Lita+Poznan+Romania	torah	1:Numbers:7:1:7:11 2:Numbers:7:12:7:14 3:Numbers:7:15:7:17
2019-12-24	EY|Tuesday|Mikeitz|Chanukah2|morning	ALL	haftarah	-
2019-12-24	EY|Tuesday|Mikeitz|Chanukah2|morning	ALL	maftir	-
2019-12-24	EY|Tuesday|Mikeitz|Chanukah2|morning	Agadir+Algeria+Algiers+Baladi+Bavlim+Djerba+Fes+Libya+Magreb+Marrakesh+Morocco+Persia+PureSephardim+Sefard+Shami+Teiman+Toshbim	torah	1:Numbers:7:18:7:20 2:Numbers:7:21:7:23 3:Numbers:7:18:7:23
2019-12-24	EY|Tuesday|Mikeitz|Chanukah2|morning	Ashkenaz+Chabad+ChayeyOdom+Frankfurt+Hagra+Italki+Lita+Poznan+Romania	torah	1:Numbers:7:18:7:20 2:Numbers:7:21:7:23 3:Numbers:7:24:7:29
2019-12-24	chul|Tuesday|Mikeitz|Chanukah2|morning	ALL	haftarah	-
2019-12-24	chul|Tuesday|Mikeitz|Chanukah2|morning	ALL	maftir	-
2019-12-24	chul|Tuesday|Mikeitz|Chanukah2|morning	Agadir+Algeria+Algiers+Baladi+Bavlim+Djerba+Fes+Libya+Magreb+Marrakesh+Morocco+Persia+PureSephardim+Sefard+Shami+Teiman+Toshbim	torah	1:Numbers:7:18:7:20 2:Numbers:7:21:7:23 3:Numbers:7:18:7:23
2019-12-24	chul|Tuesday|Mikeitz|Chanukah2|morning	Ashkenaz+Chabad+ChayeyOdom+Frankfurt+Hagra+Italki+Lita+Poznan+Romania	torah	1:Numbers:7:18:7:20 2:Numbers:7:21:7:23 3:Numbers:7:24:7:29
2019-12-25	EY|Wednesday|Mikeitz|Chanukah3|morning	ALL	haftarah	-
2019-12-25	EY|Wednesday|Mikeitz|Chanukah3|morning	ALL	maftir	-
2019-12-25	EY|Wednesday|Mikeitz|Chanukah3|morning	Agadir+Algeria+Algiers+Baladi+Bavlim+Djerba+Fes+Libya+Magreb+Marrakesh+Morocco+Persia+PureSephardim+Sefard+Shami+Teiman+Toshbim	torah	1:Numbers:7:24:7:26 2:Numbers:7:27:7:29 3:Numbers:7:24:7:29
2019-12-25	EY|Wednesday|Mikeitz|Chanukah3|morning	Ashkenaz+Chabad+ChayeyOdom+Frankfurt+Hagra+Italki+Lita+Poznan+Romania	torah	1:Numbers:7:24:7:26 2:Numbers:7:27:7:29 3:Numbers:7:30:7:35
2019-12-25	chul|Wednesday|Mikeitz|Chanukah3|morning	ALL	haftarah	-
2019-12-25	chul|Wednesday|Mikeitz|Chanukah3|morning	ALL	maftir	-
2019-12-25	chul|Wednesday|Mikeitz|Chanukah3|morning	Agadir+Algeria+Algiers+Baladi+Bavlim+Djerba+Fes+Libya+Magreb+Marrakesh+Morocco+Persia+PureSephardim+Sefard+Shami+Teiman+Toshbim	torah	1:Numbers:7:24:7:26 2:Numbers:7:27:7:29 3:Numbers:7:24:7:29
2019-12-25	chul|Wednesday|Mikeitz|Chanukah3|morning	Ashkenaz+Chabad+ChayeyOdom+Frankfurt+Hagra+Italki+Lita+Poznan+Romania	torah	1:Numbers:7:24:7:26 2:Numbers:7:27:7:29 3:Numbers:7:30:7:35
2019-12-26	EY|Thursday|Mikeitz|Chanukah4|morning	ALL	haftarah	-
2019-12-26	EY|Thursday|Mikeitz|Chanukah4|morning	ALL	maftir	-
2019-12-26	EY|Thursday|Mikeitz|Chanukah4|morning	Agadir+Algeria+Algiers+Baladi+Bavlim+Djerba+Fes+Libya+Magreb+Marrakesh+Morocco+Persia+PureSephardim+Sefard+Shami+Teiman+Toshbim	torah	1:Numbers:7:30:7:32 2:Numbers:7:33:7:35 3:Numbers:7:30:7:35
2019-12-26	EY|Thursday|Mikeitz|Chanukah4|morning	Ashkenaz+Chabad+ChayeyOdom+Frankfurt+Hagra+Italki+Lita+Poznan+Romania	torah	1:Numbers:7:30:7:32 2:Numbers:7:33:7:35 3:Numbers:7:36:7:41
2019-12-26	chul|Thursday|Mikeitz|Chanukah4|morning	ALL	haftarah	-
2019-12-26	chul|Thursday|Mikeitz|Chanukah4|morning	ALL	maftir	-
2019-12-26	chul|Thursday|Mikeitz|Chanukah4|morning	Agadir+Algeria+Algiers+Baladi+Bavlim+Djerba+Fes+Libya+Magreb+Marrakesh+Morocco+Persia+PureSephardim+Sefard+Shami+Teiman+Toshbim	torah	1:Numbers:7:30:7:32 2:Numbers:7:33:7:35 3:Numbers:7:30:7:35
2019-12-26	chul|Thursday|Mikeitz|Chanukah4|morning	Ashkenaz+Chabad+ChayeyOdom+Frankfurt+Hagra+Italki+Lita+Poznan+Romania	torah	1:Numbers:7:30:7:32 2:Numbers:7:33:7:35 3:Numbers:7:36:7:41
2019-12-27	EY|Friday|Mikeitz|Chanukah5+ErevRoshChodesh|morning	ALL	haftarah	-
2019-12-27	EY|Friday|Mikeitz|Chanukah5+ErevRoshChodesh|morning	ALL	maftir	-
2019-12-27	EY|Friday|Mikeitz|Chanukah5+ErevRoshChodesh|morning	Agadir+Algeria+Algiers+Baladi+Bavlim+Djerba+Fes+Libya+Magreb+Marrakesh+Morocco+Persia+PureSephardim+Sefard+Shami+Teiman+Toshbim	torah	1:Numbers:7:36:7:38 2:Numbers:7:39:7:41 3:Numbers:7:36:7:41
2019-12-27	EY|Friday|Mikeitz|Chanukah5+ErevRoshChodesh|morning	Ashkenaz+Chabad+ChayeyOdom+Frankfurt+Hagra+Italki+Lita+Poznan+Romania	torah	1:Numbers:7:36:7:38 2:Numbers:7:39:7:41 3:Numbers:7:42:7:47
2019-12-27	chul|Friday|Mikeitz|Chanukah5+ErevRoshChodesh|morning	ALL	haftarah	-
2019-12-27	chul|Friday|Mikeitz|Chanukah5+ErevRoshChodesh|morning	ALL	maftir	-
2019-12-27	chul|Friday|Mikeitz|Chanukah5+ErevRoshChodesh|morning	Agadir+Algeria+Algiers+Baladi+Bavlim+Djerba+Fes+Libya+Magreb+Marrakesh+Morocco+Persia+PureSephardim+Sefard+Shami+Teiman+Toshbim	torah	1:Numbers:7:36:7:38 2:Numbers:7:39:7:41 3:Numbers:7:36:7:41
2019-12-27	chul|Friday|Mikeitz|Chanukah5+ErevRoshChodesh|morning	Ashkenaz+Chabad+ChayeyOdom+Frankfurt+Hagra+Italki+Lita+Poznan+Romania	torah	1:Numbers:7:36:7:38 2:Numbers:7:39:7:41 3:Numbers:7:42:7:47
2019-12-28	EY|shabbos|Mikeitz|Chanukah6+ErevRoshChodesh+RoshChodesh|afternoon	ALL	haftarah	-
2019-12-28	EY|shabbos|Mikeitz|Chanukah6+ErevRoshChodesh+RoshChodesh|afternoon	ALL	maftir	-
2019-12-28	EY|shabbos|Mikeitz|Chanukah6+ErevRoshChodesh+RoshChodesh|afternoon	ALL	torah	1:Genesis:44:18:44:20 2:Genesis:44:21:44:24 3:Genesis:44:25:44:30
2019-12-28	EY|shabbos|Mikeitz|Chanukah6+ErevRoshChodesh+RoshChodesh|morning	ALL	maftir	Numbers:7:42:7:47
2019-12-28	EY|shabbos|Mikeitz|Chanukah6+ErevRoshChodesh+RoshChodesh|morning	ALL	torah	1:Genesis:41:1:41:14 2:Genesis:41:15:41:38 3:Genesis:41:39:41:52 4:Genesis:41:53:42:18 5:Genesis:42:19:43:15 6:Genesis:43:16:44:17 7:Numbers:28:9:28:15
2019-12-28	EY|shabbos|Mikeitz|Chanukah6+ErevRoshChodesh+RoshChodesh|morning	Agadir+Algeria+Algiers+Ashkenaz+Baladi+Bavlim+ChayeyOdom+Djerba+Frankfurt+Hagra+Italki+Libya+Lita+Magreb+Marrakesh+Morocco+Persia+Poznan+PureSephardim+Romania+Sefard+Shami+Teiman+Toshbim	haftarah	Zechariah:2:14:4:7
2019-12-28	EY|shabbos|Mikeitz|Chanukah6+ErevRoshChodesh+RoshChodesh|morning	Chabad	haftarah	Zechariah:2:14:4:7 Isaiah:66:1:66:1 Isaiah:66:23:66:24 Isaiah:66:23:66:23 SamuelI:20:18:20:18 SamuelI:20:42:20:42
2019-12-28	EY|shabbos|Mikeitz|Chanukah6+ErevRoshChodesh+RoshChodesh|morning	Fes	haftarah	Zechariah:2:14:4:7 SamuelI:20:18:20:18 SamuelI:20:42:20:42
2019-12-28	chul|shabbos|Mikeitz|Chanukah6+ErevRoshChodesh+RoshChodesh|afternoon	ALL	haftarah	-
2019-12-28	chul|shabbos|Mikeitz|Chanukah6+ErevRoshChodesh+RoshChodesh|afternoon	ALL	maftir	-
2019-12-28	chul|shabbos|Mikeitz|Chanukah6+ErevRoshChodesh+RoshChodesh|afternoon	ALL	torah	1:Genesis:44:18:44:20 2:Genesis:44:21:44:24 3:Genesis:44:25:44:30
2019-12-28	chul|shabbos|Mikeitz|Chanukah6+ErevRoshChodesh+RoshChodesh|morning	ALL	maftir	Numbers:7:42:7:47
2019-12-28	chul|shabbos|Mikeitz|Chanukah6+ErevRoshChodesh+RoshChodesh|morning	ALL	torah	1:Genesis:41:1:41:14 2:Genesis:41:15:41:38 3:Genesis:41:39:41:52 4:Genesis:41:53:42:18 5:Genesis:42:19:43:15 6:Genesis:43:16:44:17 7:Numbers:28:9:28:15
2019-12-28	chul|shabbos|Mikeitz|Chanukah6+ErevRoshChodesh+RoshChodesh|morning	Agadir+Algeria+Algiers+Ashkenaz+Baladi+Bavlim+ChayeyOdom+Djerba+Frankfurt+Hagra+Italki+Libya+Lita+Magreb+Marrakesh+Morocco+Persia+Poznan+PureSephardim+Romania+Sefard+Shami+Teiman+Toshbim	haftarah	Zechariah:2:14:4:7
2019-12-28	chul|shabbos|Mikeitz|Chanukah6+ErevRoshChodesh+RoshChodesh|morning	Chabad	haftarah	Zechariah:2:14:4:7 Isaiah:66:1:66:1 Isaiah:66:23:66:24 Isaiah:66:23:66:23 SamuelI:20:18:20:18 SamuelI:20:42:20:42
2019-12-28	chul|shabbos|Mikeitz|Chanukah6+ErevRoshChodesh+RoshChodesh|morning	Fes	haftarah	Zechariah:2:14:4:7 SamuelI:20:18:20:18 SamuelI:20:42:20:42
2019-12-29	EY|Sunday|Vayigash|Chanukah7+RoshChodesh|morning	ALL	haftarah	-
2019-12-29	EY|Sunday|Vayigash|Chanukah7+RoshChodesh|morning	ALL	maftir	-
2019-12-29	EY|Sunday|Vayigash|Chanukah7+RoshChodesh|morning	ALL	torah	1:Numbers:28:1:28:5 2:Numbers:28:6:28:10 3:Numbers:28:11:28:15 4:Numbers:7:48:7:53
2019-12-29	chul|Sunday|Vayigash|Chanukah7+RoshChodesh|morning	ALL	haftarah	-
2019-12-29	chul|Sunday|Vayigash|Chanukah7+RoshChodesh|morning	ALL	maftir	-
2019-12-29	chul|Sunday|Vayigash|Chanukah7+RoshChodesh|morning	ALL	torah	1:Numbers:28:1:28:5 2:Numbers:28:6:28:10 3:Numbers:28:11:28:15 4:Numbers:7:48:7:53
2019-12-30	EY|Monday|Vayigash|Chanukah8|morning	ALL	haftarah	-
2019-12-30	EY|Monday|Vayigash|Chanukah8|morning	ALL	maftir	-
2019-12-30	EY|Monday|Vayigash|Chanukah8|morning	Agadir+Algeria+Algiers+Baladi+Bavlim+Djerba+Fes+Libya+Magreb+Marrakesh+Morocco+Persia+PureSephardim+Sefard+Shami+Teiman+Toshbim	torah	1:Numbers:7:54:7:56 2:Numbers:7:57:7:59 3:Numbers:7:54:8:4
2019-12-30	EY|Monday|Vayigash|Chanukah8|morning	Ashkenaz+Chabad+ChayeyOdom+Frankfurt+Hagra+Italki+Lita+Poznan+Romania	torah	1:Numbers:7:54:7:56 2:Numbers:7:57:7:59 3:Numbers:7:60:8:4
2019-12-30	chul|Monday|Vayigash|Chanukah8|morning	ALL	haftarah	-
2019-12-30	chul|Monday|Vayigash|Chanukah8|morning	ALL	maftir	-
2019-12-30	chul|Monday|Vayigash|Chanukah8|morning	Agadir+Algeria+Algiers+Baladi+Bavlim+Djerba+Fes+Libya+Magreb+Marrakesh+Morocco+Persia+PureSephardim+Sefard+Shami+Teiman+Toshbim	torah	1:Numbers:7:54:7:56 2:Numbers:7:57:7:59 3:Numbers:7:54:8:4
2019-12-30	chul|Monday|Vayigash|Chanukah8|morning	Ashkenaz+Chabad+ChayeyOdom+Frankfurt+Hagra+Italki+Lita+Poznan+Romania	torah	1:Numbers:7:54:7:56 2:Numbers:7:57:7:59 3:Numbers:7:60:8:4
2020-01-02	EY|Thursday|Vayigash|-|morning	ALL	haftarah	-
2020-01-02	EY|Thursday|Vayigash|-|morning	ALL	maftir	-
2020-01-02	EY|Thursday|Vayigash|-|morning	ALL	torah	1:Genesis:44:18:44:20 2:Genesis:44:21:44:24 3:Genesis:44:25:44:30
2020-01-02	chul|Thursday|Vayigash|-|morning	ALL	haftarah	-
2020-01-02	chul|Thursday|Vayigash|-|morning	ALL	maftir	-
2020-01-02	chul|Thursday|Vayigash|-|morning	ALL	torah	1:Genesis:44:18:44:20 2:Genesis:44:21:44:24 3:Genesis:44:25:44:30
2020-01-04	EY|shabbos|Vayigash|-|afternoon	ALL	haftarah	-
2020-01-04	EY|shabbos|Vayigash|-|afternoon	ALL	maftir	-
2020-01-04	EY|shabbos|Vayigash|-|afternoon	ALL	torah	1:Genesis:47:28:47:31 2:Genesis:48:1:48:3 3:Genesis:48:4:48:9
2020-01-04	EY|shabbos|Vayigash|-|morning	ALL	haftarah	Ezekiel:37:15:37:28
2020-01-04	EY|shabbos|Vayigash|-|morning	ALL	maftir	Genesis:47:25:47:27
2020-01-04	EY|shabbos|Vayigash|-|morning	Agadir+Algeria+Algiers+Ashkenaz+Baladi+Bavlim+ChayeyOdom+Djerba+Fes+Frankfurt+Hagra+Italki+Libya+Lita+Magreb+Marrakesh+Morocco+Persia+Poznan+PureSephardim+Romania+Sefard+Shami+Teiman+Toshbim	torah	1:Genesis:44:18:44:30 2:Genesis:44:31:45:7 3:Genesis:45:8:45:18 4:Genesis:45:19:45:27 5:Genesis:45:28:46:27 6:Genesis:46:28:47:10 7:Genesis:47:11:47:27
2020-01-04	EY|shabbos|Vayigash|-|morning	Chabad	torah	1:Genesis:44:18:44:30 2:Genesis:44:31:45:7 3:Genesis:45:8:45:27 4:Genesis:45:28:46:7 5:Genesis:46:8:46:27 6:Genesis:46:28:47:10 7:Genesis:47:11:47:27
2020-01-04	chul|shabbos|Vayigash|-|afternoon	ALL	haftarah	-
2020-01-04	chul|shabbos|Vayigash|-|afternoon	ALL	maftir	-
2020-01-04	chul|shabbos|Vayigash|-|afternoon	ALL	torah	1:Genesis:47:28:47:31 2:Genesis:48:1:48:3 3:Genesis:48:4:48:9
2020-01-04	chul|shabbos|Vayigash|-|morning	ALL	haftarah	Ezekiel:37:15:37:28
2020-01-04	chul|shabbos|Vayigash|-|morning	ALL	maftir	Genesis:47:25:47:27
2020-01-04	chul|shabbos|Vayigash|-|morning	Agadir+Algeria+Algiers+Ashkenaz+Baladi+Bavlim+ChayeyOdom+Djerba+Fes+Frankfurt+Hagra+Italki+Libya+Lita+Magreb+Marrakesh+Morocco+Persia+Poznan+PureSephardim+Romania+Sefard+Shami+Teiman+Toshbim	torah	1:Genesis:44:18:44:30 2:Genesis:44:31:45:7 3:Genesis:45:8:45:18 4:Genesis:45:19:45:27 5:Genesis:45:28:46:27 6:Genesis:46:28:47:10 7:Genesis:47:11:47:27
2020-01-04	chul|shabbos|Vayigash|-|morning	Chabad	torah	1:Genesis:44:18:44:30 2:Genesis:44:31:45:7 3:Genesis:45:8:45:27 4:Genesis:45:28:46:7 5:Genesis:46:8:46:27 6:Genesis:46:28:47:10 7:Genesis:47:11:47:27
2020-01-06	EY|Monday|Vayechi|-|morning	ALL	haftarah	-
2020-01-06	EY|Monday|Vayechi|-|morning	ALL	maftir	-
2020-01-06	EY|Monday|Vayechi|-|morning	ALL	torah	1:Genesis:47:28:47:31 2:Genesis:48:1:48:3 3:Genesis:48:4:48:9
2020-01-06	chul|Monday|Vayechi|-|morning	ALL	haftarah	-
2020-01-06	chul|Monday|Vayechi|-|morning	ALL	maftir	-
2020-01-06	chul|Monday|Vayechi|-|morning	ALL	torah	1:Genesis:47:28:47:31 2:Genesis:48:1:48:3 3:Genesis:48:4:48:9
2020-01-07	EY|Tuesday|Vayechi|FastOfTeves|afternoon	ALL	maftir	-
2020-01-07	EY|Tuesday|Vayechi|FastOfTeves|afternoon	ALL	torah	1:Exodus:32:11:32:14 2:Exodus:34:1:34:3 3:Exodus:34:4:34:10
2020-01-07	EY|Tuesday|Vayechi|FastOfTeves|afternoon	Agadir+Baladi+Bavlim+Djerba+Fes+Libya+Magreb+Morocco+Persia+PureSephardim+Sefard+Shami+Teiman+Toshbim	haftarah	-
2020-01-07	EY|Tuesday|Vayechi|FastOfTeves|afternoon	Algeria+Marrakesh	haftarah	Hosea:14:2:14:10 Micah:7:18:7:20
2020-01-07	EY|Tuesday|Vayechi|FastOfTeves|afternoon	Algiers+Ashkenaz+Chabad+ChayeyOdom+Frankfurt+Hagra+Italki+Lita+Poznan+Romania	haftarah	Isaiah:55:6:56:8
2020-01-07	EY|Tuesday|Vayechi|FastOfTeves|morning	ALL	haftarah	-
2020-01-07	EY|Tuesday|Vayechi|FastOfTeves|morning	ALL	maftir	-
2020-01-07	EY|Tuesday|Vayechi|FastOfTeves|morning	ALL	torah	1:Exodus:32:11:32:14 2:Exodus:34:1:34:3 3:Exodus:34:4:34:10
2020-01-07	chul|Tuesday|Vayechi|FastOfTeves|afternoon	ALL	maftir	-
2020-01-07	chul|Tuesday|Vayechi|FastOfTeves|afternoon	ALL	torah	1:Exodus:32:11:32:14 2:Exodus:34:1:34:3 3:Exodus:34:4:34:10
2020-01-07	chul|Tuesday|Vayechi|FastOfTeves|afternoon	Agadir+Baladi+Bavlim+Djerba+Fes+Libya+Magreb+Morocco+Persia+PureSephardim+Sefard+Shami+Teiman+Toshbim	haftarah	-
2020-01-07	chul|Tuesday|Vayechi|FastOfTeves|afternoon	Algeria+Marrakesh	haftarah	Hosea:14:2:14:10 Micah:7:18:7:20
2020-01-07	chul|Tuesday|Vayechi|FastOfTeves|afternoon	Algiers+Ashkenaz+Chabad+ChayeyOdom+Frankfurt+Hagra+Italki+Lita+Poznan+Romania	haftarah	Isaiah:55:6:56:8
2020-01-07	chul|Tuesday|Vayechi|FastOfTeves|morning	ALL	haftarah	-
2020-01-07	chul|Tuesday|Vayechi|FastOfTeves|morning	ALL	maftir	-
2020-01-07	chul|Tuesday|Vayechi|FastOfTeves|morning	ALL	torah	1:Exodus:32:11:32:14 2:Exodus:34:1:34:3 3:Exodus:34:4:34:10
2020-01-09	EY|Thursday|Vayechi|-|morning	ALL	haftarah	-
2020-01-09	EY|Thursday|Vayechi|-|morning	ALL	maftir	-
2020-01-09	EY|Thursday|Vayechi|-|morning	ALL	torah	1:Genesis:47:28:47:31 2:Genesis:48:1:48:3 3:Genesis:48:4:48:9
2020-01-09	chul|Thursday|Vayechi|-|morning	ALL	haftarah	-
2020-01-09	chul|Thursday|Vayechi|-|morning	ALL	maftir	-
2020-01-09	chul|Thursday|Vayechi|-|morning	ALL	torah	1:Genesis:47:28:47:31 2:Genesis:48:1:48:3 3:Genesis:48:4:48:9
2020-01-11	EY|shabbos|Vayechi|-|afternoon	ALL	haftarah	-
2020-01-11	EY|shabbos|Vayechi|-|afternoon	ALL	maftir	-
2020-01-11	EY|shabbos|Vayechi|-|afternoon	ALL	torah	1:Exodus:1:1:1:7 2:Exodus:1:8:1:12 3:Exodus:1:13:1:17
2020-01-11	EY|shabbos|Vayechi|-|morning	ALL	haftarah	KingsI:2:1:2:12
2020-01-11	EY|shabbos|Vayechi|-|morning	ALL	maftir	Genesis:50:23:50:26
2020-01-11	EY|shabbos|Vayechi|-|morning	ALL	torah	1:Genesis:47:28:48:9 2:Genesis:48:10:48:16 3:Genesis:48:17:48:22 4:Genesis:49:1:49:18 5:Genesis:49:19:49:26 6:Genesis:49:27:50:20 7:Genesis:50:21:50:26
2020-01-11	chul|shabbos|Vayechi|-|afternoon	ALL	haftarah	-
2020-01-11	chul|shabbos|Vayechi|-|afternoon	ALL	maftir	-
2020-01-11	chul|shabbos|Vayechi|-|afternoon	ALL	torah	1:Exodus:1:1:1:7 2:Exodus:1:8:1:12 3:Exodus:1:13:1:17
2020-01-11	chul|shabbos|Vayechi|-|morning	ALL	haftarah	KingsI:2:1:2:12
2020-01-11	chul|shabbos|Vayechi|-|morning	ALL	maftir	Genesis:50:23:50:26
2020-01-11	chul|shabbos|Vayechi|-|morning	ALL	torah	1:Genesis:47:28:48:9 2:Genesis:48:10:48:16 3:Genesis:48:17:48:22 4:Genesis:49:1:49:18 5:Genesis:49:19:49:26 6:Genesis:49:27:50:20 7:Genesis:50:21:50:26
2020-01-13	EY|Monday|Shemos|-|morning	ALL	haftarah	-
2020-01-13	EY|Monday|Shemos|-|morning	ALL	maftir	-
2020-01-13	EY|Monday|Shemos|-|morning	ALL	torah	1:Exodus:1:1:1:7 2:Exodus:1:8:1:12 3:Exodus:1:13:1:17
2020-01-13	chul|Monday|Shemos|-|morning	ALL	haftarah	-
2020-01-13	chul|Monday|Shemos|-|morning	ALL	maftir	-
2020-01-13	chul|Monday|Shemos|-|morning	ALL	torah	1:Exodus:1:1:1:7 2:Exodus:1:8:1:12 3:Exodus:1:13:1:17
2020-01-16	EY|Thursday|Shemos|-|morning	ALL	haftarah	-
2020-01-16	EY|Thursday|Shemos|-|morning	ALL	maftir	-
2020-01-16	EY|Thursday|Shemos|-|morning	ALL	torah	1:Exodus:1:1:1:7 2:Exodus:1:8:1:12 3:Exodus:1:13:1:17
2020-01-16	chul|Thursday|Shemos|-|morning	ALL	haftarah	-
2020-01-16	chul|Thursday|Shemos|-|morning	ALL	maftir	-
2020-01-16	chul|Thursday|Shemos|-|morning	ALL	torah	1:Exodus:1:1:1:7 2:Exodus:1:8:1:12 3:Exodus:1:13:1:17
2020-01-18	EY|shabbos|Shemos|-|afternoon	ALL	haftarah	-
2020-01-18	EY|shabbos|Shemos|-|afternoon	ALL	maftir	-
2020-01-18	EY|shabbos|Shemos|-|afternoon	ALL	torah	1:Exodus:6:2:6:5 2:Exodus:6:6:6:9 3:Exodus:6:10:6:13
2020-01-18	EY|shabbos|Shemos|-|morning	ALL	maftir	Exodus:5:22:6:1
2020-01-18	EY|shabbos|Shemos|-|morning	ALL	torah	1:Exodus:1:1:1:17 2:Exodus:1:18:2:10 3:Exodus:2:11:2:25 4:Exodus:3:1:3:15 5:Exodus:3:16:4:17 6:Exodus:4:18:4:31 7:Exodus:5:1:6:1
2020-01-18	EY|shabbos|Shemos|-|morning	Agadir+Algeria+Algiers+Baladi+Bavlim+Djerba+Fes+Libya+Magreb+Marrakesh+Morocco+Persia+PureSephardim+Shami+Teiman+Toshbim	haftarah	Ezekiel:16:1:16:14
2020-01-18	EY|shabbos|Shemos|-|morning	Ashkenaz+Chabad+ChayeyOdom+Frankfurt+Hagra+Lita+Poznan	haftarah	Isaiah:27:6:28:13 Isaiah:29:22:29:23
2020-01-18	EY|shabbos|Shemos|-|morning	Italki	haftarah	Jeremiah:1:1:1:19
2020-01-18	EY|shabbos|Shemos|-|morning	Romania	haftarah	Isaiah:27:6:28:13
2020-01-18	EY|shabbos|Shemos|-|morning	Sefard	haftarah	Jeremiah:1:1:2:3
2020-01-18	chul|shabbos|Shemos|-|afternoon	ALL	haftarah	-
2020-01-18	chul|shabbos|Shemos|-|afternoon	ALL	maftir	-
2020-01-18	chul|shabbos|Shemos|-|afternoon	ALL	torah	1:Exodus:6:2:6:5 2:Exodus:6:6:6:9 3:Exodus:6:10:6:13
2020-01-18	chul|shabbos|Shemos|-|morning	ALL	maftir	Exodus:5:22:6:1
2020-01-18	chul|shabbos|Shemos|-|morning	ALL	torah	1:Exodus:1:1:1:17 2:Exodus:1:18:2:10 3:Exodus:2:11:2:25 4:Exodus:3:1:3:15 5:Exodus:3:16:4:17 6:Exodus:4:18:4:31 7:Exodus:5:1:6:1
2020-01-18	chul|shabbos|Shemos|-|morning	Agadir+Algeria+Algiers+Baladi+Bavlim+Djerba+Fes+Libya+Magreb+Marrakesh+Morocco+Persia+PureSephardim+Shami+Teiman+Toshbim	haftarah	Ezekiel:16:1:16:14
2020-01-18	chul|shabbos|Shemos|-|morning	Ashkenaz+Chabad+ChayeyOdom+Frankfurt+Hagra+Lita+Poznan	haftarah	Isaiah:27:6:28:13 Isaiah:29:22:29:23
2020-01-18	chul|shabbos|Shemos|-|morning	Italki	haftarah	Jeremiah:1:1:1:19
2020-01-18	chul|shabbos|Shemos|-|morning	Romania	haftarah	Isaiah:27:6:28:13
2020-01-18	chul|shabbos|Shemos|-|morning	Sefard	haftarah	Jeremiah:1:1:2:3
2020-01-20	EY|Monday|Va_eira|-|morning	ALL	haftarah	-
2020-01-20	EY|Monday|Va_eira|-|morning	ALL	maftir	-
2020-01-20	EY|Monday|Va_eira|-|morning	ALL	torah	1:Exodus:6:2:6:5 2:Exodus:6:6:6:9 3:Exodus:6:10:6:13
2020-01-20	chul|Monday|Va_eira|-|morning	ALL	haftarah	-
2020-01-20	chul|Monday|Va_eira|-|morning	ALL	maftir	-
2020-01-20	chul|Monday|Va_eira|-|morning	ALL	torah	1:Exodus:6:2:6:5 2:Exodus:6:6:6:9 3:Exodus:6:10:6:13
2020-01-23	EY|Thursday|Va_eira|-|morning	ALL	haftarah	-
2020-01-23	EY|Thursday|Va_eira|-|morning	ALL	maftir	-
2020-01-23	EY|Thursday|Va_eira|-|morning	ALL	torah	1:Exodus:6:2:6:5 2:Exodus:6:6:6:9 3:Exodus:6:10:6:13
2020-01-23	chul|Thursday|Va_eira|-|morning	ALL	haftarah	-
2020-01-23	chul|Thursday|Va_eira|-|morning	ALL	maftir	-
2020-01-23	chul|Thursday|Va_eira|-|morning	ALL	torah	1:Exodus:6:2:6:5 2:Exodus:6:6:6:9 3:Exodus:6:10:6:13
2020-01-25	EY|shabbos|Va_eira|-|afternoon	ALL	haftarah	-
2020-01-25	EY|shabbos|Va_eira|-|afternoon	ALL	maftir	-
2020-01-25	EY|shabbos|Va_eira|-|afternoon	ALL	torah	1:Exodus:10:1:10:3 2:Exodus:10:4:10:6 3:Exodus:10:7:10:11
2020-01-25	EY|shabbos|Va_eira|-|morning	ALL	maftir	Exodus:9:33:9:35
2020-01-25	EY|shabbos|Va_eira|-|morning	ALL	torah	1:Exodus:6:2:6:13 2:Exodus:6:14:6:28 3:Exodus:6:29:7:7 4:Exodus:7:8:8:6 5:Exodus:8:7:8:18 6:Exodus:8:19:9:16 7:Exodus:9:17:9:35
2020-01-25	EY|shabbos|Va_eira|-|morning	Agadir+Algeria+Algiers+Ashkenaz+Bavlim+Chabad+ChayeyOdom+Djerba+Fes+Frankfurt+Hagra+Italki+Libya+Lita+Magreb+Marrakesh+Morocco+Persia+PureSephardim+Romania+Sefard+Toshbim	haftarah	Ezekiel:28:25:29:21
2020-01-25	EY|shabbos|Va_eira|-|morning	Baladi+Shami+Teiman	haftarah	Ezekiel:28:24:29:21
2020-01-25	EY|shabbos|Va_eira|-|morning	Poznan	haftarah	Ezekiel:29:1:29:21
2020-01-25	chul|shabbos|Va_eira|-|afternoon	ALL	haftarah	-
2020-01-25	chul|shabbos|Va_eira|-|afternoon	ALL	maftir	-
2020-01-25	chul|shabbos|Va_eira|-|afternoon	ALL	torah	1:Exodus:10:1:10:3 2:Exodus:10:4:10:6 3:Exodus:10:7:10:11
2020-01-25	chul|shabbos|Va_eira|-|morning	ALL	maftir	Exodus:9:33:9:35
2020-01-25	chul|shabbos|Va_eira|-|morning	ALL	torah	1:Exodus:6:2:6:13 2:Exodus:6:14:6:28 3:Exodus:6:29:7:7 4:Exodus:7:8:8:6 5:Exodus:8:7:8:18 6:Exodus:8:19:9:16 7:Exodus:9:17:9:35
2020-01-25	chul|shabbos|Va_eira|-|morning	Agadir+Algeria+Algiers+Ashkenaz+Bavlim+Chabad+ChayeyOdom+Djerba+Fes+Frankfurt+Hagra+Italki+Libya+Lita+Magreb+Marrakesh+Morocco+Persia+PureSephardim+Romania+Sefard+Toshbim	haftarah	Ezekiel:28:25:29:21
2020-01-25	chul|shabbos|Va_eira|-|morning	Baladi+Shami+Teiman	haftarah	Ezekiel:28:24:29:21
2020-01-25	chul|shabbos|Va_eira|-|morning	Poznan	haftarah	Ezekiel:29:1:29:21
2020-01-27	EY|Monday|Bo|RoshChodesh|morning	ALL	haftarah	-
2020-01-27	EY|Monday|Bo|RoshChodesh|morning	ALL	maftir	-
2020-01-27	EY|Monday|Bo|RoshChodesh|morning	Agadir+Algeria+Algiers+Ashkenaz+Baladi+Bavlim+Chabad+ChayeyOdom+Djerba+Fes+Frankfurt+Italki+Libya+Lita+Magreb+Marrakesh+Morocco+Persia+Poznan+PureSephardim+Romania+Sefard+Shami+Teiman+Toshbim	torah	1:Numbers:28:1:28:3 2:Numbers:28:3:28:5 3:Numbers:28:6:28:10 4:Numbers:28:11:28:15
2020-01-27	EY|Monday|Bo|RoshChodesh|morning	Hagra	torah	1:Numbers:28:1:28:3 2:Numbers:28:4:28:8 3:Numbers:28:6:28:10 4:Numbers:28:11:28:15
2020-01-27	chul|Monday|Bo|RoshChodesh|morning	ALL	haftarah	-
2020-01-27	chul|Monday|Bo|RoshChodesh|morning	ALL	maftir	-
2020-01-27	chul|Monday|Bo|RoshChodesh|morning	Agadir+Algeria+Algiers+Ashkenaz+Baladi+Bavlim+Chabad+ChayeyOdom+Djerba+Fes+Frankfurt+Italki+Libya+Lita+Magreb+Marrakesh+Morocco+Persia+Poznan+PureSephardim+Romania+Sefard+Shami+Teiman+Toshbim	torah	1:Numbers:28:1:28:3 2:Numbers:28:3:28:5 3:Numbers:28:6:28:10 4:Numbers:28:11:28:15
2020-01-27	chul|Monday|Bo|RoshChodesh|morning	Hagra	torah	1:Numbers:28:1:28:3 2:Numbers:28:4:28:8 3:Numbers:28:6:28:10 4:Numbers:28:11:28:15
2020-01-30	EY|Thursday|Bo|-|morning	ALL	haftarah	-
2020-01-30	EY|Thursday|Bo|-|morning	ALL	maftir	-
2020-01-30	EY|Thursday|Bo|-|morning	ALL	torah	1:Exodus:10:1:10:3 2:Exodus:10:4:10:6 3:Exodus:10:7:10:11
2020-01-30	chul|Thursday|Bo|-|morning	ALL	haftarah	-
2020-01-30	chul|Thursday|Bo|-|morning	ALL	maftir	-
2020-01-30	chul|Thursday|Bo|-|morning	ALL	torah	1:Exodus:10:1:10:3 2:Exodus:10:4:10:6 3:Exodus:10:7:10:11
2020-02-01	EY|shabbos|Bo|-|afternoon	ALL	haftarah	-
2020-02-01	EY|shabbos|Bo|-|afternoon	ALL	maftir	-
2020-02-01	EY|shabbos|Bo|-|afternoon	ALL	torah	1:Exodus:13:17:13:22 2:Exodus:14:1:14:4 3:Exodus:14:5:14:8
2020-02-01	EY|shabbos|Bo|-|morning	ALL	maftir	Exodus:13:14:13:16
2020-02-01	EY|shabbos|Bo|-|morning	ALL	torah	1:Exodus:10:1:10:11 2:Exodus:10:12:10:23 3:Exodus:10:24:11:3 4:Exodus:11:4:12:20 5:Exodus:12:21:12:28 6:Exodus:12:29:12:51 7:Exodus:13:1:13:16
2020-02-01	EY|shabbos|Bo|-|morning	Agadir+Algeria+Algiers+Baladi+Djerba+Fes+Magreb+Marrakesh+Morocco+Shami+Teiman+Toshbim	haftarah	Isaiah:19:1:19:25
2020-02-01	EY|shabbos|Bo|-|morning	Ashkenaz+Chabad+ChayeyOdom+Frankfurt+Hagra+Libya+Lita+Persia+Poznan+PureSephardim+Romania+Sefard	haftarah	Jeremiah:46:13:46:28
2020-02-01	EY|shabbos|Bo|-|morning	Bavlim+Italki	haftarah	Isaiah:18:7:19:25
2020-02-01	chul|shabbos|Bo|-|afternoon	ALL	haftarah	-
2020-02-01	chul|shabbos|Bo|-|afternoon	ALL	maftir	-
2020-02-01	chul|shabbos|Bo|-|afternoon	ALL	torah	1:Exodus:13:17:13:22 2:Exodus:14:1:14:4 3:Exodus:14:5:14:8
2020-02-01	chul|shabbos|Bo|-|morning	ALL	maftir	Exodus:13:14:13:16
2020-02-01	chul|shabbos|Bo|-|morning	ALL	torah	1:Exodus:10:1:10:11 2:Exodus:10:12:10:23 3:Exodus:10:24:11:3 4:Exodus:11:4:12:20 5:Exodus:12:21:12:28 6:Exodus:12:29:12:51 7:Exodus:13:1:13:16
2020-02-01	chul|shabbos|Bo|-|morning	Agadir+Algeria+Algiers+Baladi+Djerba+Fes+Magreb+Marrakesh+Morocco+Shami+Teiman+Toshbim	haftarah	Isaiah:19:1:19:25
2020-02-01	chul|shabbos|Bo|-|morning	Ashkenaz+Chabad+ChayeyOdom+Frankfurt+Hagra+Libya+Lita+Persia+Poznan+PureSephardim+Romania+Sefard	haftarah	Jeremiah:46:13:46:28
2020-02-01	chul|shabbos|Bo|-|morning	Bavlim+Italki	haftarah	Isaiah:18:7:19:25
2020-02-03	EY|Monday|Beshalach|-|morning	ALL	haftarah	-
2020-02-03	EY|Monday|Beshalach|-|morning	ALL	maftir	-
2020-02-03	EY|Monday|Beshalach|-|morning	ALL	torah	1:Exodus:13:17:13:22 2:Exodus:14:1:14:4 3:Exodus:14:5:14:8
2020-02-03	chul|Monday|Beshalach|-|morning	ALL	haftarah	-
2020-02-03	chul|Monday|Beshalach|-|morning	ALL	maftir	-
2020-02-03	chul|Monday|Beshalach|-|morning	ALL	torah	1:Exodus:13:17:13:22 2:Exodus:14:1:14:4 3:Exodus:14:5:14:8
2020-02-06	EY|Thursday|Beshalach|-|morning	ALL	haftarah	-
2020-02-06	EY|Thursday|Beshalach|-|morning	ALL	maftir	-
2020-02-06	EY|Thursday|Beshalach|-|morning	ALL	torah	1:Exodus:13:17:13:22 2:Exodus:14:1:14:4 3:Exodus:14:5:14:8
2020-02-06	chul|Thursday|Beshalach|-|morning	ALL	haftarah	-
2020-02-06	chul|Thursday|Beshalach|-|morning	ALL	maftir	-
2020-02-06	chul|Thursday|Beshalach|-|morning	ALL	torah	1:Exodus:13:17:13:22 2:Exodus:14:1:14:4 3:Exodus:14:5:14:8
2020-02-08	EY|shabbos|Beshalach|-|afternoon	ALL	haftarah	-
2020-02-08	EY|shabbos|Beshalach|-|afternoon	ALL	maftir	-
2020-02-08	EY|shabbos|Beshalach|-|afternoon	ALL	torah	1:Exodus:18:1:18:4 2:Exodus:18:5:18:8 3:Exodus:18:9:18:12
2020-02-08	EY|shabbos|Beshalach|-|morning	ALL	maftir	Exodus:17:14:17:16
2020-02-08	EY|shabbos|Beshalach|-|morning	ALL	torah	1:Exodus:13:17:14:8 2:Exodus:14:9:14:14 3:Exodus:14:15:14:25 4:Exodus:14:26:15:26 5:Exodus:15:27:16:10 6:Exodus:16:11:16:36 7:Exodus:17:1:17:16
2020-02-08	EY|shabbos|Beshalach|-|morning	Agadir+Algeria+Algiers+Bavlim+Djerba+Fes+Libya+Magreb+Marrakesh+Morocco+Persia+PureSephardim+Sefard+Toshbim	haftarah	Judges:5:1:5:31
2020-02-08	EY|shabbos|Beshalach|-|morning	Ashkenaz+Chabad+ChayeyOdom+Frankfurt+Hagra+Lita+Poznan	haftarah	Judges:4:4:5:31
2020-02-08	EY|shabbos|Beshalach|-|morning	Baladi+Shami+Teiman	haftarah	Judges:4:23:5:31
2020-02-08	EY|shabbos|Beshalach|-|morning	Italki	haftarah	Judges:4:4:5:3
2020-02-08	EY|shabbos|Beshalach|-|morning	Romania	haftarah	Joshua:24:7:24:26
2020-02-08	chul|shabbos|Beshalach|-|afternoon	ALL	haftarah	-
2020-02-08	chul|shabbos|Beshalach|-|afternoon	ALL	maftir	-
2020-02-08	chul|shabbos|Beshalach|-|afternoon	ALL	torah	1:Exodus:18:1:18:4 2:Exodus:18:5:18:8 3:Exodus:18:9:18:12
2020-02-08	chul|shabbos|Beshalach|-|morning	ALL	maftir	Exodus:17:14:17:16
2020-02-08	chul|shabbos|Beshalach|-|morning	ALL	torah	1:Exodus:13:17:14:8 2:Exodus:14:9:14:14 3:Exodus:14:15:14:25 4:Exodus:14:26:15:26 5:Exodus:15:27:16:10 6:Exodus:16:11:16:36 7:Exodus:17:1:17:16
2020-02-08	chul|shabbos|Beshalach|-|morning	Agadir+Algeria+Algiers+Bavlim+Djerba+Fes+Libya+Magreb+Marrakesh+Morocco+Persia+PureSephardim+Sefard+Toshbim	haftarah	Judges:5:1:5:31
2020-02-08	chul|shabbos|Beshalach|-|morning	Ashkenaz+Chabad+ChayeyOdom+Frankfurt+Hagra+Lita+Poznan	haftarah	Judges:4:4:5:31
2020-02-08	chul|shabbos|Beshalach|-|morning	Baladi+Shami+Teiman	haftarah	Judges:4:23:5:31
2020-02-08	chul|shabbos|Beshalach|-|morning	Italki	haftarah	Judges:4:4:5:3
2020-02-08	chul|shabbos|Beshalach|-|morning	Romania	haftarah	Joshua:24:7:24:26
2020-02-10	EY|Monday|Yisro|-|morning	ALL	haftarah	-
2020-02-10	EY|Monday|Yisro|-|morning	ALL	maftir	-
2020-02-10	EY|Monday|Yisro|-|morning	ALL	torah	1:Exodus:18:1:18:4 2:Exodus:18:5:18:8 3:Exodus:18:9:18:12
2020-02-10	chul|Monday|Yisro|-|morning	ALL	haftarah	-
2020-02-10	chul|Monday|Yisro|-|morning	ALL	maftir	-
2020-02-10	chul|Monday|Yisro|-|morning	ALL	torah	1:Exodus:18:1:18:4 2:Exodus:18:5:18:8 3:Exodus:18:9:18:12
2020-02-13	EY|Thursday|Yisro|-|morning	ALL	haftarah	-
2020-02-13	EY|Thursday|Yisro|-|morning	ALL	maftir	-
2020-02-13	EY|Thursday|Yisro|-|morning	ALL	torah	1:Exodus:18:1:18:4 2:Exodus:18:5:18:8 3:Exodus:18:9:18:12
2020-02-13	chul|Thursday|Yisro|-|morning	ALL	haftarah	-
2020-02-13	chul|Thursday|Yisro|-|morning	ALL	maftir	-
2020-02-13	chul|Thursday|Yisro|-|morning	ALL	torah	1:Exodus:18:1:18:4 2:Exodus:18:5:18:8 3:Exodus:18:9:18:12
2020-02-15	EY|shabbos|Yisro|-|afternoon	ALL	haftarah	-
2020-02-15	EY|shabbos|Yisro|-|afternoon	ALL	maftir	-
2020-02-15	EY|shabbos|Yisro|-|afternoon	ALL	torah	1:Exodus:21:1:21:6 2:Exodus:21:7:21:11 3:Exodus:21:12:21:19
2020-02-15	EY|shabbos|Yisro|-|morning	ALL	maftir	Exodus:20:19:20:23
2020-02-15	EY|shabbos|Yisro|-|morning	ALL	torah	1:Exodus:18:1:18:12 2:Exodus:18:13:18:23 3:Exodus:18:24:18:27 4:Exodus:19:1:19:6 5:Exodus:19:7:19:19 6:Exodus:19:20:20:14 7:Exodus:20:15:20:23
2020-02-15	EY|shabbos|Yisro|-|morning	Agadir+Bavlim+Chabad+Djerba+Fes+Libya+Magreb+Marrakesh+Morocco+Persia+Poznan+PureSephardim+Sefard+Toshbim	haftarah	Isaiah:6:1:6:13
2020-02-15	EY|shabbos|Yisro|-|morning	Algeria+Algiers	haftarah	Isaiah:6:1:7:6
2020-02-15	EY|shabbos|Yisro|-|morning	Ashkenaz+ChayeyOdom+Frankfurt+Hagra+Italki+Lita	haftarah	Isaiah:6:1:7:6 Isaiah:9:5:9:6
2020-02-15	EY|shabbos|Yisro|-|morning	Baladi+Shami+Teiman	haftarah	Isaiah:6:1:6:13 Isaiah:9:5:9:6
2020-02-15	EY|shabbos|Yisro|-|morning	Romania	haftarah	Isaiah:33:13:34:10
2020-02-15	chul|shabbos|Yisro|-|afternoon	ALL	haftarah	-
2020-02-15	chul|shabbos|Yisro|-|afternoon	ALL	maftir	-
2020-02-15	chul|shabbos|Yisro|-|afternoon	ALL	torah	1:Exodus:21:1:21:6 2:Exodus:21:7:21:11 3:Exodus:21:12:21:19
2020-02-15	chul|shabbos|Yisro|-|morning	ALL	maftir	Exodus:20:19:20:23
2020-02-15	chul|shabbos|Yisro|-|morning	ALL	torah	1:Exodus:18:1:18:12 2:Exodus:18:13:18:23 3:Exodus:18:24:18:27 4:Exodus:19:1:19:6 5:Exodus:19:7:19:19 6:Exodus:19:20:20:14 7:Exodus:20:15:20:23
2020-02-15	chul|shabbos|Yisro|-|morning	Agadir+Bavlim+Chabad+Djerba+Fes+Libya+Magreb+Marrakesh+Morocco+Persia+Poznan+PureSephardim+Sefard+Toshbim	haftarah	Isaiah:6:1:6:13
2020-02-15	chul|shabbos|Yisro|-|morning	Algeria+Algiers	haftarah	Isaiah:6:1:7:6
2020-02-15	chul|shabbos|Yisro|-|morning	Ashkenaz+ChayeyOdom+Frankfurt+Hagra+Italki+Lita	haftarah	Isaiah:6:1:7:6 Isaiah:9:5:9:6
2020-02-15	chul|shabbos|Yisro|-|morning	Baladi+Shami+Teiman	haftarah	Isaiah:6:1:6:13 Isaiah:9:5:9:6
2020-02-15	chul|shabbos|Yisro|-|morning	Romania	haftarah	Isaiah:33:13:34:10
2020-02-17	EY|Monday|Mishpatim|-|morning	ALL	haftarah	-
2020-02-17	EY|Monday|Mishpatim|-|morning	ALL	maftir	-
2020-02-17	EY|Monday|Mishpatim|-|morning	ALL	torah	1:Exodus:21:1:21:6 2:Exodus:21:7:21:11 3:Exodus:21:12:21:19
2020-02-17	chul|Monday|Mishpatim|-|morning	ALL	haftarah	-
2020-02-17	chul|Monday|Mishpatim|-|morning	ALL	maftir	-
2020-02-17	chul|Monday|Mishpatim|-|morning	ALL	torah	1:Exodus:21:1:21:6 2:Exodus:21:7:21:11 3:Exodus:21:12:21:19
2020-02-20	EY|Thursday|Mishpatim|-|morning	ALL	haftarah	-
2020-02-20	EY|Thursday|Mishpatim|-|morning	ALL	maftir	-
2020-02-20	EY|Thursday|Mishpatim|-|morning	ALL	torah	1:Exodus:21:1:21:6 2:Exodus:21:7:21:11 3:Exodus:21:12:21:19
2020-02-20	chul|Thursday|Mishpatim|-|morning	ALL	haftarah	-
2020-02-20	chul|Thursday|Mishpatim|-|morning	ALL	maftir	-
2020-02-20	chul|Thursday|Mishpatim|-|morning	ALL	torah	1:Exodus:21:1:21:6 2:Exodus:21:7:21:11 3:Exodus:21:12:21:19
2020-02-22	EY|shabbos|Mishpatim|ParshasShekalim|afternoon	ALL	haftarah	-
2020-02-22	EY|shabbos|Mishpatim|ParshasShekalim|afternoon	ALL	maftir	-
2020-02-22	EY|shabbos|Mishpatim|ParshasShekalim|afternoon	ALL	torah	1:Exodus:25:1:25:5 2:Exodus:25:6:25:9 3:Exodus:25:10:25:16
2020-02-22	EY|shabbos|Mishpatim|ParshasShekalim|morning	ALL	maftir	Exodus:30:11:30:16
2020-02-22	EY|shabbos|Mishpatim|ParshasShekalim|morning	ALL	torah	1:Exodus:21:1:21:19 2:Exodus:21:20:22:3 3:Exodus:22:4:22:26 4:Exodus:22:27:23:5 5:Exodus:23:6:23:19 6:Exodus:23:20:23:25 7:Exodus:23:26:24:18
2020-02-22	EY|shabbos|Mishpatim|ParshasShekalim|morning	Agadir+Algeria+Algiers+Bavlim+Djerba+Fes+Libya+Magreb+Marrakesh+Morocco+Persia+PureSephardim+Sefard+Toshbim	haftarah	KingsII:11:17:12:17
2020-02-22	EY|shabbos|Mishpatim|ParshasShekalim|morning	Ashkenaz+Baladi+Chabad+ChayeyOdom+Frankfurt+Hagra+Italki+Lita+Poznan+Shami+Teiman	haftarah	KingsII:12:1:12:17
2020-02-22	EY|shabbos|Mishpatim|ParshasShekalim|morning	Romania	haftarah	Ezekiel:45:12:46:5
2020-02-22	chul|shabbos|Mishpatim|ParshasShekalim|afternoon	ALL	haftarah	-
2020-02-22	chul|shabbos|Mishpatim|ParshasShekalim|afternoon	ALL	maftir	-
2020-02-22	chul|shabbos|Mishpatim|ParshasShekalim|afternoon	ALL	torah	1:Exodus:25:1:25:5 2:Exodus:25:6:25:9 3:Exodus:25:10:25:16
2020-02-22	chul|shabbos|Mishpatim|ParshasShekalim|morning	ALL	maftir	Exodus:30:11:30:16
2020-02-22	chul|shabbos|Mishpatim|ParshasShekalim|morning	ALL	torah	1:Exodus:21:1:21:19 2:Exodus:21:20:22:3 3:Exodus:22:4:22:26 4:Exodus:22:27:23:5 5:Exodus:23:6:23:19 6:Exodus:23:20:23:25 7:Exodus:23:26:24:18
2020-02-22	chul|shabbos|Mishpatim|ParshasShekalim|morning	Agadir+Algeria+Algiers+Bavlim+Djerba+Fes+Libya+Magreb+Marrakesh+Morocco+Persia+PureSephardim+Sefard+Toshbim	haftarah	KingsII:11:17:12:17
2020-02-22	chul|shabbos|Mishpatim|ParshasShekalim|morning	Ashkenaz+Baladi+Chabad+ChayeyOdom+Frankfurt+Hagra+Italki+Lita+Poznan+Shami+Teiman	haftarah	KingsII:12:1:12:17
2020-02-22	chul|shabbos|Mishpatim|ParshasShekalim|morning	Romania	haftarah	Ezekiel:45:12:46:5
2020-02-24	EY|Monday|Terumah|ErevRoshChodesh|morning	ALL	haftarah	-
2020-02-24	EY|Monday|Terumah|ErevRoshChodesh|morning	ALL	maftir	-
2020-02-24	EY|Monday|Terumah|ErevRoshChodesh|morning	ALL	torah	1:Exodus:25:1:25:5 2:Exodus:25:6:25:9 3:Exodus:25:10:25:16
2020-02-24	chul|Monday|Terumah|ErevRoshChodesh|morning	ALL	haftarah	-
2020-02-24	chul|Monday|Terumah|ErevRoshChodesh|morning	ALL	maftir	-
2020-02-24	chul|Monday|Terumah|ErevRoshChodesh|morning	ALL	torah	1:Exodus:25:1:25:5 2:Exodus:25:6:25:9 3:Exodus:25:10:25:16
2020-02-25	EY|Tuesday|Terumah|ErevRoshChodesh+RoshChodesh|morning	ALL	haftarah	-
2020-02-25	EY|Tuesday|Terumah|ErevRoshChodesh+RoshChodesh|morning	ALL	maftir	-
2020-02-25	EY|Tuesday|Terumah|ErevRoshChodesh+RoshChodesh|morning	Agadir+Algeria+Algiers+Ashkenaz+Baladi+Bavlim+Chabad+ChayeyOdom+Djerba+Fes+Frankfurt+Italki+Libya+Lita+Magreb+Marrakesh+Morocco+Persia+Poznan+PureSephardim+Romania+Sefard+Shami+Teiman+Toshbim	torah	1:Numbers:28:1:28:3 2:Numbers:28:3:28:5 3:Numbers:28:6:28:10 4:Numbers:28:11:28:15
2020-02-25	EY|Tuesday|Terumah|ErevRoshChodesh+RoshChodesh|morning	Hagra	torah	1:Numbers:28:1:28:3 2:Numbers:28:4:28:8 3:Numbers:28:6:28:10 4:Numbers:28:11:28:15
2020-02-25	chul|Tuesday|Terumah|ErevRoshChodesh+RoshChodesh|morning	ALL	haftarah	-
2020-02-25	chul|Tuesday|Terumah|ErevRoshChodesh+RoshChodesh|morning	ALL	maftir	-
2020-02-25	chul|Tuesday|Terumah|ErevRoshChodesh+RoshChodesh|morning	Agadir+Algeria+Algiers+Ashkenaz+Baladi+Bavlim+Chabad+ChayeyOdom+Djerba+Fes+Frankfurt+Italki+Libya+Lita+Magreb+Marrakesh+Morocco+Persia+Poznan+PureSephardim+Romania+Sefard+Shami+Teiman+Toshbim	torah	1:Numbers:28:1:28:3 2:Numbers:28:3:28:5 3:Numbers:28:6:28:10 4:Numbers:28:11:28:15
2020-02-25	chul|Tuesday|Terumah|ErevRoshChodesh+RoshChodesh|morning	Hagra	torah	1:Numbers:28:1:28:3 2:Numbers:28:4:28:8 3:Numbers:28:6:28:10 4:Numbers:28:11:28:15
2020-02-26	EY|Wednesday|Terumah|RoshChodesh|morning	ALL	haftarah	-
2020-02-26	EY|Wednesday|Terumah|RoshChodesh|morning	ALL	maftir	-
2020-02-26	EY|Wednesday|Terumah|RoshChodesh|morning	Agadir+Algeria+Algiers+Ashkenaz+Baladi+Bavlim+Chabad+ChayeyOdom+Djerba+Fes+Frankfurt+Italki+Libya+Lita+Magreb+Marrakesh+Morocco+Persia+Poznan+PureSephardim+Romania+Sefard+Shami+Teiman+Toshbim	torah	1:Numbers:28:1:28:3 2:Numbers:28:3:28:5 3:Numbers:28:6:28:10 4:Numbers:28:11:28:15
2020-02-26	EY|Wednesday|Terumah|RoshChodesh|morning	Hagra	torah	1:Numbers:28:1:28:3 2:Numbers:28:4:28:8 3:Numbers:28:6:28:10 4:Numbers:28:11:28:15
2020-02-26	chul|Wednesday|Terumah|RoshChodesh|morning	ALL	haftarah	-
2020-02-26	chul|Wednesday|Terumah|RoshChodesh|morning	ALL	maftir	-
2020-02-26	chul|Wednesday|Terumah|RoshChodesh|morning	Agadir+Algeria+Algiers+Ashkenaz+Baladi+Bavlim+Chabad+ChayeyOdom+Djerba+Fes+Frankfurt+Italki+Libya+Lita+Magreb+Marrakesh+Morocco+Persia+Poznan+PureSephardim+Romania+Sefard+Shami+Teiman+Toshbim	torah	1:Numbers:28:1:28:3 2:Numbers:28:3:28:5 3:Numbers:28:6:28:10 4:Numbers:28:11:28:15
2020-02-26	chul|Wednesday|Terumah|RoshChodesh|morning	Hagra	torah	1:Numbers:28:1:28:3 2:Numbers:28:4:28:8 3:Numbers:28:6:28:10 4:Numbers:28:11:28:15
2020-02-27	EY|Thursday|Terumah|-|morning	ALL	haftarah	-
2020-02-27	EY|Thursday|Terumah|-|morning	ALL	maftir	-
2020-02-27	EY|Thursday|Terumah|-|morning	ALL	torah	1:Exodus:25:1:25:5 2:Exodus:25:6:25:9 3:Exodus:25:10:25:16
2020-02-27	chul|Thursday|Terumah|-|morning	ALL	haftarah	-
2020-02-27	chul|Thursday|Terumah|-|morning	ALL	maftir	-
2020-02-27	chul|Thursday|Terumah|-|morning	ALL	torah	1:Exodus:25:1:25:5 2:Exodus:25:6:25:9 3:Exodus:25:10:25:16
2020-02-29	EY|shabbos|Terumah|-|afternoon	ALL	haftarah	-
2020-02-29	EY|shabbos|Terumah|-|afternoon	ALL	maftir	-
2020-02-29	EY|shabbos|Terumah|-|afternoon	ALL	torah	1:Exodus:27:20:28:5 2:Exodus:28:6:28:9 3:Exodus:28:10:28:12
2020-02-29	EY|shabbos|Terumah|-|morning	ALL	haftarah	KingsI:5:26:6:13
2020-02-29	EY|shabbos|Terumah|-|morning	ALL	maftir	Exodus:27:17:27:19
2020-02-29	EY|shabbos|Terumah|-|morning	ALL	torah	1:Exodus:25:1:25:16 2:Exodus:25:17:25:30 3:Exodus:25:31:26:14 4:Exodus:26:15:26:30 5:Exodus:26:31:26:37 6:Exodus:27:1:27:8 7:Exodus:27:9:27:19
2020-02-29	chul|shabbos|Terumah|-|afternoon	ALL	haftarah	-
2020-02-29	chul|shabbos|Terumah|-|afternoon	ALL	maftir	-
2020-02-29	chul|shabbos|Terumah|-|afternoon	ALL	torah	1:Exodus:27:20:28:5 2:Exodus:28:6:28:9 3:Exodus:28:10:28:12
2020-02-29	chul|shabbos|Terumah|-|morning	ALL	haftarah	KingsI:5:26:6:13
2020-02-29	chul|shabbos|Terumah|-|morning	ALL	maftir	Exodus:27:17:27:19
2020-02-29	chul|shabbos|Terumah|-|morning	ALL	torah	1:Exodus:25:1:25:16 2:Exodus:25:17:25:30 3:Exodus:25:31:26:14 4:Exodus:26:15:26:30 5:Exodus:26:31:26:37 6:Exodus:27:1:27:8 7:Exodus:27:9:27:19
2020-03-02	EY|Monday|Tetzaveh|-|morning	ALL	haftarah	-
2020-03-02	EY|Monday|Tetzaveh|-|morning	ALL	maftir	-
2020-03-02	EY|Monday|Tetzaveh|-|morning	ALL	torah	1:Exodus:27:20:28:5 2:Exodus:28:6:28:9 3:Exodus:28:10:28:12
2020-03-02	chul|Monday|Tetzaveh|-|morning	ALL	haftarah	-
2020-03-02	chul|Monday|Tetzaveh|-|morning	ALL	maftir	-
2020-03-02	chul|Monday|Tetzaveh|-|morning	ALL	torah	1:Exodus:27:20:28:5 2:Exodus:28:6:28:9 3:Exodus:28:10:28:12
2020-03-05	EY|Thursday|Tetzaveh|-|morning	ALL	haftarah	-
2020-03-05	EY|Thursday|Tetzaveh|-|morning	ALL	maftir	-
2020-03-05	EY|Thursday|Tetzaveh|-|morning	ALL	torah	1:Exodus:27:20:28:5 2:Exodus:28:6:28:9 3:Exodus:28:10:28:12
2020-03-05	chul|Thursday|Tetzaveh|-|morning	ALL	haftarah	-
2020-03-05	chul|Thursday|Tetzaveh|-|morning	ALL	maftir	-
2020-03-05	chul|Thursday|Tetzaveh|-|morning	ALL	torah	1:Exodus:27:20:28:5 2:Exodus:28:6:28:9 3:Exodus:28:10:28:12
2020-03-07	EY|shabbos|Tetzaveh|ParshasZachor|afternoon	ALL	haftarah	-
2020-03-07	EY|shabbos|Tetzaveh|ParshasZachor|afternoon	ALL	maftir	-
2020-03-07	EY|shabbos|Tetzaveh|ParshasZachor|afternoon	ALL	torah	1:Exodus:30:11:30:13 2:Exodus:30:14:30:16 3:Exodus:30:17:30:21
2020-03-07	EY|shabbos|Tetzaveh|ParshasZachor|morning	ALL	maftir	Deuteronomy:25:17:25:19
2020-03-07	EY|shabbos|Tetzaveh|ParshasZachor|morning	ALL	torah	1:Exodus:27:20:28:12 2:Exodus:28:13:28:30 3:Exodus:28:31:28:43 4:Exodus:29:1:29:18 5:Exodus:29:19:29:37 6:Exodus:29:38:29:46 7:Exodus:30:1:30:10
2020-03-07	EY|shabbos|Tetzaveh|ParshasZachor|morning	Agadir+Algeria+Algiers+Bavlim+Djerba+Fes+Libya+Magreb+Marrakesh+Morocco+Persia+PureSephardim+Sefard+Toshbim	haftarah	SamuelI:15:1:15:34
2020-03-07	EY|shabbos|Tetzaveh|ParshasZachor|morning	Ashkenaz+Chabad+ChayeyOdom+Frankfurt+Hagra+Italki+Lita	haftarah	SamuelI:15:2:15:34
2020-03-07	EY|shabbos|Tetzaveh|ParshasZachor|morning	Baladi+Shami+Teiman	haftarah	SamuelI:14:52:15:33
2020-03-07	EY|shabbos|Tetzaveh|ParshasZachor|morning	Poznan	haftarah	SamuelI:15:2:15:33
2020-03-07	EY|shabbos|Tetzaveh|ParshasZachor|morning	Romania	haftarah	SamuelI:15:2:15:22
2020-03-07	chul|shabbos|Tetzaveh|ParshasZachor|afternoon	ALL	haftarah	-
2020-03-07	chul|shabbos|Tetzaveh|ParshasZachor|afternoon	ALL	maftir	-
2020-03-07	chul|shabbos|Tetzaveh|ParshasZachor|afternoon	ALL	torah	1:Exodus:30:11:30:13 2:Exodus:30:14:30:16 3:Exodus:30:17:30:21
2020-03-07	chul|shabbos|Tetzaveh|ParshasZachor|morning	ALL	maftir	Deuteronomy:25:17:25:19
2020-03-07	chul|shabbos|Tetzaveh|ParshasZachor|morning	ALL	torah	1:Exodus:27:20:28:12 2:Exodus:28:13:28:30 3:Exodus:28:31:28:43 4:Exodus:29:1:29:18 5:Exodus:29:19:29:37 6:Exodus:29:38:29:46 7:Exodus:30:1:30:10
2020-03-07	chul|shabbos|Tetzaveh|ParshasZachor|morning	Agadir+Algeria+Algiers+Bavlim+Djerba+Fes+Libya+Magreb+Marrakesh+Morocco+Persia+PureSephardim+Sefard+Toshbim	haftarah	SamuelI:15:1:15:34
2020-03-07	chul|shabbos|Tetzaveh|ParshasZachor|morning	Ashkenaz+Chabad+ChayeyOdom+Frankfurt+Hagra+Italki+Lita	haftarah	SamuelI:15:2:15:34
2020-03-07	chul|shabbos|Tetzaveh|ParshasZachor|morning	Baladi+Shami+Teiman	haftarah	SamuelI:14:52:15:33
2020-03-07	chul|shabbos|Tetzaveh|ParshasZachor|morning	Poznan	haftarah	SamuelI:15:2:15:33
2020-03-07	chul|shabbos|Tetzaveh|ParshasZachor|morning	Romania	haftarah	SamuelI:15:2:15:22
2020-03-09	EY|Monday|KiSisa|FastOfEster|afternoon	ALL	maftir	-
2020-03-09	EY|Monday|KiSisa|FastOfEster|afternoon	ALL	torah	1:Exodus:32:11:32:14 2:Exodus:34:1:34:3 3:Exodus:34:4:34:10
2020-03-09	EY|Monday|KiSisa|FastOfEster|afternoon	Agadir+Baladi+Bavlim+Djerba+Fes+Libya+Magreb+Morocco+Persia+PureSephardim+Sefard+Shami+Teiman+Toshbim	haftarah	-
2020-03-09	EY|Monday|KiSisa|FastOfEster|afternoon	Algeria+Marrakesh	haftarah	Hosea:14:2:14:10 Micah:7:18:7:20
2020-03-09	EY|Monday|KiSisa|FastOfEster|afternoon	Algiers+Ashkenaz+Chabad+ChayeyOdom+Frankfurt+Hagra+Italki+Lita+Poznan+Romania	haftarah	Isaiah:55:6:56:8
2020-03-09	EY|Monday|KiSisa|FastOfEster|morning	ALL	haftarah	-
2020-03-09	EY|Monday|KiSisa|FastOfEster|morning	ALL	maftir	-
2020-03-09	EY|Monday|KiSisa|FastOfEster|morning	ALL	torah	1:Exodus:32:11:32:14 2:Exodus:34:1:34:3 3:Exodus:34:4:34:10
2020-03-09	chul|Monday|KiSisa|FastOfEster|afternoon	ALL	maftir	-
2020-03-09	chul|Monday|KiSisa|FastOfEster|afternoon	ALL	torah	1:Exodus:32:11:32:14 2:Exodus:34:1:34:3 3:Exodus:34:4:34:10
2020-03-09	chul|Monday|KiSisa|FastOfEster|afternoon	Agadir+Baladi+Bavlim+Djerba+Fes+Libya+Magreb+Morocco+Persia+PureSephardim+Sefard+Shami+Teiman+Toshbim	haftarah	-
2020-03-09	chul|Monday|KiSisa|FastOfEster|afternoon	Algeria+Marrakesh	haftarah	Hosea:14:2:14:10 Micah:7:18:7:20
2020-03-09	chul|Monday|KiSisa|FastOfEster|afternoon	Algiers+Ashkenaz+Chabad+ChayeyOdom+Frankfurt+Hagra+Italki+Lita+Poznan+Romania	haftarah	Isaiah:55:6:56:8
2020-03-09	chul|Monday|KiSisa|FastOfEster|morning	ALL	haftarah	-
2020-03-09	chul|Monday|KiSisa|FastOfEster|morning	ALL	maftir	-
2020-03-09	chul|Monday|KiSisa|FastOfEster|morning	ALL	torah	1:Exodus:32:11:32:14 2:Exodus:34:1:34:3 3:Exodus:34:4:34:10
2020-03-10	EY|Tuesday|KiSisa|Purim|morning	ALL	haftarah	-
2020-03-10	EY|Tuesday|KiSisa|Purim|morning	ALL	maftir	-
2020-03-10	EY|Tuesday|KiSisa|Purim|morning	ALL	torah	1:Exodus:17:8:17:10 2:Exodus:17:11:17:13 3:Exodus:17:14:17:16
2020-03-10	chul|Tuesday|KiSisa|Purim|morning	ALL	haftarah	-
2020-03-10	chul|Tuesday|KiSisa|Purim|morning	ALL	maftir	-
2020-03-10	chul|Tuesday|KiSisa|Purim|morning	ALL	torah	1:Exodus:17:8:17:10 2:Exodus:17:11:17:13 3:Exodus:17:14:17:16
2020-03-11	EY|Wednesday|KiSisa|ShushanPurim|morning	ALL	haftarah	-
2020-03-11	EY|Wednesday|KiSisa|ShushanPurim|morning	ALL	maftir	-
2020-03-11	EY|Wednesday|KiSisa|ShushanPurim|morning	ALL	torah	1:Exodus:17:8:17:10 2:Exodus:17:11:17:13 3:Exodus:17:14:17:16
2020-03-11	chul|Wednesday|KiSisa|ShushanPurim|morning	ALL	haftarah	-
2020-03-11	chul|Wednesday|KiSisa|ShushanPurim|morning	ALL	maftir	-
2020-03-11	chul|Wednesday|KiSisa|ShushanPurim|morning	ALL	torah	1:Exodus:17:8:17:10 2:Exodus:17:11:17:13 3:Exodus:17:14:17:16
2020-03-12	EY|Thursday|KiSisa|-|morning	ALL	haftarah	-
2020-03-12	EY|Thursday|KiSisa|-|morning	ALL	maftir	-
2020-03-12	EY|Thursday|KiSisa|-|morning	ALL	torah	1:Exodus:30:11:30:13 2:Exodus:30:14:30:16 3:Exodus:30:17:30:21
2020-03-12	chul|Thursday|KiSisa|-|morning	ALL	haftarah	-
2020-03-12	chul|Thursday|KiSisa|-|morning	ALL	maftir	-
2020-03-12	chul|Thursday|KiSisa|-|morning	ALL	torah	1:Exodus:30:11:30:13 2:Exodus:30:14:30:16 3:Exodus:30:17:30:21
2020-03-14	EY|shabbos|KiSisa|ParshasParah|afternoon	ALL	haftarah	-
2020-03-14	EY|shabbos|KiSisa|ParshasParah|afternoon	ALL	maftir	-
2020-03-14	EY|shabbos|KiSisa|ParshasParah|afternoon	ALL	torah	1:Exodus:35:1:35:3 2:Exodus:35:4:35:10 3:Exodus:35:11:35:20
2020-03-14	EY|shabbos|KiSisa|ParshasParah|morning	ALL	maftir	Numbers:19:1:19:22
2020-03-14	EY|shabbos|KiSisa|ParshasParah|morning	ALL	torah	1:Exodus:30:11:31:17 2:Exodus:31:18:33:11 3:Exodus:33:12:33:16 4:Exodus:33:17:33:23 5:Exodus:34:1:34:9 6:Exodus:34:10:34:26 7:Exodus:34:27:34:35
2020-03-14	EY|shabbos|KiSisa|ParshasParah|morning	Agadir+Algeria+Algiers+Baladi+Bavlim+Chabad+Djerba+Fes+Libya+Magreb+Marrakesh+Morocco+Persia+PureSephardim+Sefard+Shami+Teiman+Toshbim	haftarah	Ezekiel:36:16:36:36
2020-03-14	EY|shabbos|KiSisa|ParshasParah|morning	Ashkenaz+ChayeyOdom+Frankfurt+Hagra+Italki+Lita+Poznan	haftarah	Ezekiel:36:16:36:38
2020-03-14	EY|shabbos|KiSisa|ParshasParah|morning	Romania	haftarah	Ezekiel:36:25:37:7
2020-03-14	chul|shabbos|KiSisa|ParshasParah|afternoon	ALL	haftarah	-
2020-03-14	chul|shabbos|KiSisa|ParshasParah|afternoon	ALL	maftir	-
2020-03-14	chul|shabbos|KiSisa|ParshasParah|afternoon	ALL	torah	1:Exodus:35:1:35:3 2:Exodus:35:4:35:10 3:Exodus:35:11:35:20
2020-03-14	chul|shabbos|KiSisa|ParshasParah|morning	ALL	maftir	Numbers:19:1:19:22
2020-03-14	chul|shabbos|KiSisa|ParshasParah|morning	ALL	torah	1:Exodus:30:11:31:17 2:Exodus:31:18:33:11 3:Exodus:33:12:33:16 4:Exodus:33:17:33:23 5:Exodus:34:1:34:9 6:Exodus:34:10:34:26 7:Exodus:34:27:34:35
2020-03-14	chul|shabbos|KiSisa|ParshasParah|morning	Agadir+Algeria+Algiers+Baladi+Bavlim+Chabad+Djerba+Fes+Libya+Magreb+Marrakesh+Morocco+Persia+PureSephardim+Sefard+Shami+Teiman+Toshbim	haftarah	Ezekiel:36:16:36:36
2020-03-14	chul|shabbos|KiSisa|ParshasParah|morning	Ashkenaz+ChayeyOdom+Frankfurt+Hagra+Italki+Lita+Poznan	haftarah	Ezekiel:36:16:36:38
2020-03-14	chul|shabbos|KiSisa|ParshasParah|morning	Romania	haftarah	Ezekiel:36:25:37:7
2020-03-16	EY|Monday|Vayakhel-Pekudei|-|morning	ALL	haftarah	-
2020-03-16	EY|Monday|Vayakhel-Pekudei|-|morning	ALL	maftir	-
2020-03-16	EY|Monday|Vayakhel-Pekudei|-|morning	ALL	torah	1:Exodus:35:1:35:3 2:Exodus:35:4:35:10 3:Exodus:35:11:35:20
2020-03-16	chul|Monday|Vayakhel-Pekudei|-|morning	ALL	haftarah	-
2020-03-16	chul|Monday|Vayakhel-Pekudei|-|morning	ALL	maftir	-
2020-03-16	chul|Monday|Vayakhel-Pekudei|-|morning	ALL	torah	1:Exodus:35:1:35:3 2:Exodus:35:4:35:10 3:Exodus:35:11:35:20
2020-03-19	EY|Thursday|Vayakhel-Pekudei|-|morning	ALL	haftarah	-
2020-03-19	EY|Thursday|Vayakhel-Pekudei|-|morning	ALL	maftir	-
2020-03-19	EY|Thursday|Vayakhel-Pekudei|-|morning	ALL	torah	1:Exodus:35:1:35:3 2:Exodus:35:4:35:10 3:Exodus:35:11:35:20
2020-03-19	chul|Thursday|Vayakhel-Pekudei|-|morning	ALL	haftarah	-
2020-03-19	chul|Thursday|Vayakhel-Pekudei|-|morning	ALL	maftir	-
2020-03-19	chul|Thursday|Vayakhel-Pekudei|-|morning	ALL	torah	1:Exodus:35:1:35:3 2:Exodus:35:4:35:10 3:Exodus:35:11:35:20
2020-03-21	EY|shabbos|Vayakhel-Pekudei|ParshasHachodesh|afternoon	ALL	haftarah	-
2020-03-21	EY|shabbos|Vayakhel-Pekudei|ParshasHachodesh|afternoon	ALL	maftir	-
2020-03-21	EY|shabbos|Vayakhel-Pekudei|ParshasHachodesh|afternoon	ALL	torah	1:Leviticus:1:1:1:4 2:Leviticus:1:5:1:9 3:Leviticus:1:10:1:13
2020-03-21	EY|shabbos|Vayakhel-Pekudei|ParshasHachodesh|morning	ALL	maftir	Exodus:12:1:12:20
2020-03-21	EY|shabbos|Vayakhel-Pekudei|ParshasHachodesh|morning	ALL	torah	1:Exodus:35:1:35:29 2:Exodus:35:30:37:16 3:Exodus:37:17:37:29 4:Exodus:38:1:39:1 5:Exodus:39:2:39:21 6:Exodus:39:22:39:43 7:Exodus:40:1:40:38
2020-03-21	EY|shabbos|Vayakhel-Pekudei|ParshasHachodesh|morning	Agadir+Algeria+Algiers+Bavlim+Chabad+Djerba+Fes+Libya+Magreb+Marrakesh+Morocco+Persia+Poznan+PureSephardim+Sefard+Toshbim	haftarah	Ezekiel:45:18:46:15
2020-03-21	EY|shabbos|Vayakhel-Pekudei|ParshasHachodesh|morning	Ashkenaz+ChayeyOdom+Frankfurt+Hagra+Lita	haftarah	Ezekiel:45:16:46:18
2020-03-21	EY|shabbos|Vayakhel-Pekudei|ParshasHachodesh|morning	Baladi+Shami+Teiman	haftarah	Ezekiel:45:9:46:11
2020-03-21	EY|shabbos|Vayakhel-Pekudei|ParshasHachodesh|morning	Italki	haftarah	Ezekiel:45:18:46:11
2020-03-21	EY|shabbos|Vayakhel-Pekudei|ParshasHachodesh|morning	Romania	haftarah	Ezekiel:45:21:46:13
2020-03-21	chul|shabbos|Vayakhel-Pekudei|ParshasHachodesh|afternoon	ALL	haftarah	-
2020-03-21	chul|shabbos|Vayakhel-Pekudei|ParshasHachodesh|afternoon	ALL	maftir	-
2020-03-21	chul|shabbos|Vayakhel-Pekudei|ParshasHachodesh|afternoon	ALL	torah	1:Leviticus:1:1:1:4 2:Leviticus:1:5:1:9 3:Leviticus:1:10:1:13
2020-03-21	chul|shabbos|Vayakhel-Pekudei|ParshasHachodesh|morning	ALL	maftir	Exodus:12:1:12:20
2020-03-21	chul|shabbos|Vayakhel-Pekudei|ParshasHachodesh|morning	ALL	torah	1:Exodus:35:1:35:29 2:Exodus:35:30:37:16 3:Exodus:37:17:37:29 4:Exodus:38:1:39:1 5:Exodus:39:2:39:21 6:Exodus:39:22:39:43 7:Exodus:40:1:40:38
2020-03-21	chul|shabbos|Vayakhel-Pekudei|ParshasHachodesh|morning	Agadir+Algeria+Algiers+Bavlim+Chabad+Djerba+Fes+Libya+Magreb+Marrakesh+Morocco+Persia+Poznan+PureSephardim+Sefard+Toshbim	haftarah	Ezekiel:45:18:46:15
2020-03-21	chul|shabbos|Vayakhel-Pekudei|ParshasHachodesh|morning	Ashkenaz+ChayeyOdom+Frankfurt+Hagra+Lita	haftarah	Ezekiel:45:16:46:18
2020-03-21	chul|shabbos|Vayakhel-Pekudei|ParshasHachodesh|morning	Baladi+Shami+Teiman	haftarah	Ezekiel:45:9:46:11
2020-03-21	chul|shabbos|Vayakhel-Pekudei|ParshasHachodesh|morning	Italki	haftarah	Ezekiel:45:18:46:11
2020-03-21	chul|shabbos|Vayakhel-Pekudei|ParshasHachodesh|morning	Romania	haftarah	Ezekiel:45:21:46:13
2020-03-23	EY|Monday|Vayikra|-|morning	ALL	haftarah	-
2020-03-23	EY|Monday|Vayikra|-|morning	ALL	maftir	-
2020-03-23	EY|Monday|Vayikra|-|morning	ALL	torah	1:Leviticus:1:1:1:4 2:Leviticus:1:5:1:9 3:Leviticus:1:10:1:13
2020-03-23	chul|Monday|Vayikra|-|morning	ALL	haftarah	-
2020-03-23	chul|Monday|Vayikra|-|morning	ALL	maftir	-
2020-03-23	chul|Monday|Vayikra|-|morning	ALL	torah	1:Leviticus:1:1:1:4 2:Leviticus:1:5:1:9 3:Leviticus:1:10:1:13
2020-03-26	EY|Thursday|Vayikra|RoshChodesh|morning	ALL	haftarah	-
2020-03-26	EY|Thursday|Vayikra|RoshChodesh|morning	ALL	maftir	-
2020-03-26	EY|Thursday|Vayikra|RoshChodesh|morning	Agadir+Algeria+Algiers+Ashkenaz+Baladi+Bavlim+Chabad+ChayeyOdom+Djerba+Fes+Frankfurt+Italki+Libya+Lita+Magreb+Marrakesh+Morocco+Persia+Poznan+PureSephardim+Romania+Sefard+Shami+Teiman+Toshbim	torah	1:Numbers:28:1:28:3 2:Numbers:28:3:28:5 3:Numbers:28:6:28:10 4:Numbers:28:11:28:15
2020-03-26	EY|Thursday|Vayikra|RoshChodesh|morning	Hagra	torah	1:Numbers:28:1:28:3 2:Numbers:28:4:28:8 3:Numbers:28:6:28:10 4:Numbers:28:11:28:15
2020-03-26	chul|Thursday|Vayikra|RoshChodesh|morning	ALL	haftarah	-
2020-03-26	chul|Thursday|Vayikra|RoshChodesh|morning	ALL	maftir	-
2020-03-26	chul|Thursday|Vayikra|RoshChodesh|morning	Agadir+Algeria+Algiers+Ashkenaz+Baladi+Bavlim+Chabad+ChayeyOdom+Djerba+Fes+Frankfurt+Italki+Libya+Lita+Magreb+Marrakesh+Morocco+Persia+Poznan+PureSephardim+Romania+Sefard+Shami+Teiman+Toshbim	torah	1:Numbers:28:1:28:3 2:Numbers:28:3:28:5 3:Numbers:28:6:28:10 4:Numbers:28:11:28:15
2020-03-26	chul|Thursday|Vayikra|RoshChodesh|morning	Hagra	torah	1:Numbers:28:1:28:3 2:Numbers:28:4:28:8 3:Numbers:28:6:28:10 4:Numbers:28:11:28:15
2020-03-28	EY|shabbos|Vayikra|-|afternoon	ALL	haftarah	-
2020-03-28	EY|shabbos|Vayikra|-|afternoon	ALL	maftir	-
2020-03-28	EY|shabbos|Vayikra|-|afternoon	ALL	torah	1:Leviticus:6:1:6:3 2:Leviticus:6:4:6:6 3:Leviticus:6:7:6:11
2020-03-28	EY|shabbos|Vayikra|-|morning	ALL	maftir	Leviticus:5:24:5:26
2020-03-28	EY|shabbos|Vayikra|-|morning	ALL	torah	1:Leviticus:1:1:1:13 2:Leviticus:1:14:2:6 3:Leviticus:2:7:2:16 4:Leviticus:3:1:3:17 5:Leviticus:4:1:4:26 6:Leviticus:4:27:5:10 7:Leviticus:5:11:5:26
2020-03-28	EY|shabbos|Vayikra|-|morning	Agadir+Algeria+Algiers+Baladi+Djerba+Fes+Italki+Magreb+Marrakesh+Morocco+Shami+Teiman	haftarah	Isaiah:43:21:44:6
2020-03-28	EY|shabbos|Vayikra|-|morning	Ashkenaz+Bavlim+Chabad+ChayeyOdom+Frankfurt+Hagra+Libya+Lita+Persia+Poznan+PureSephardim+Romania+Sefard	haftarah	Isaiah:43:21:44:23
2020-03-28	EY|shabbos|Vayikra|-|morning	Toshbim	haftarah	Isaiah:43:21:44:6 Isaiah:44:21:44:23
2020-03-28	chul|shabbos|Vayikra|-|afternoon	ALL	haftarah	-
2020-03-28	chul|shabbos|Vayikra|-|afternoon	ALL	maftir	-
2020-03-28	chul|shabbos|Vayikra|-|afternoon	ALL	torah	1:Leviticus:6:1:6:3 2:Leviticus:6:4:6:6 3:Leviticus:6:7:6:11
2020-03-28	chul|shabbos|Vayikra|-|morning	ALL	maftir	Leviticus:5:24:5:26
2020-03-28	chul|shabbos|Vayikra|-|morning	ALL	torah	1:Leviticus:1:1:1:13 2:Leviticus:1:14:2:6 3:Leviticus:2:7:2:16 4:Leviticus:3:1:3:17 5:Leviticus:4:1:4:26 6:Leviticus:4:27:5:10 7:Leviticus:5:11:5:26
2020-03-28	chul|shabbos|Vayikra|-|morning	Agadir+Algeria+Algiers+Baladi+Djerba+Fes+Italki+Magreb+Marrakesh+Morocco+Shami+Teiman	haftarah	Isaiah:43:21:44:6
2020-03-28	chul|shabbos|Vayikra|-|morning	Ashkenaz+Bavlim+Chabad+ChayeyOdom+Frankfurt+Hagra+Libya+Lita+Persia+Poznan+PureSephardim+Romania+Sefard	haftarah	Isaiah:43:21:44:23
2020-03-28	chul|shabbos|Vayikra|-|morning	Toshbim	haftarah	Isaiah:43:21:44:6 Isaiah:44:21:44:23
2020-03-30	EY|Monday|Tzav|-|morning	ALL	haftarah	-
2020-03-30	EY|Monday|Tzav|-|morning	ALL	maftir	-
2020-03-30	EY|Monday|Tzav|-|morning	ALL	torah	1:Leviticus:6:1:6:3 2:Leviticus:6:4:6:6 3:Leviticus:6:7:6:11
2020-03-30	chul|Monday|Tzav|-|morning	ALL	haftarah	-
2020-03-30	chul|Monday|Tzav|-|morning	ALL	maftir	-
2020-03-30	chul|Monday|Tzav|-|morning	ALL	torah	1:Leviticus:6:1:6:3 2:Leviticus:6:4:6:6 3:Leviticus:6:7:6:11
2020-04-02	EY|Thursday|Tzav|-|morning	ALL	haftarah	-
2020-04-02	EY|Thursday|Tzav|-|morning	ALL	maftir	-
2020-04-02	EY|Thursday|Tzav|-|morning	ALL	torah	1:Leviticus:6:1:6:3 2:Leviticus:6:4:6:6 3:Leviticus:6:7:6:11
2020-04-02	chul|Thursday|Tzav|-|morning	ALL	haftarah	-
2020-04-02	chul|Thursday|Tzav|-|morning	ALL	maftir	-
2020-04-02	chul|Thursday|Tzav|-|morning	ALL	torah	1:Leviticus:6:1:6:3 2:Leviticus:6:4:6:6 3:Leviticus:6:7:6:11
2020-04-04	EY|shabbos|Tzav|ShabbosHagodol|afternoon	ALL	haftarah	-
2020-04-04	EY|shabbos|Tzav|ShabbosHagodol|afternoon	ALL	maftir	-
2020-04-04	EY|shabbos|Tzav|ShabbosHagodol|afternoon	ALL	torah	1:Leviticus:9:1:9:5 2:Leviticus:9:6:9:10 3:Leviticus:9:11:9:16
2020-04-04	EY|shabbos|Tzav|ShabbosHagodol|morning	ALL	maftir	Leviticus:8:33:8:36
2020-04-04	EY|shabbos|Tzav|ShabbosHagodol|morning	ALL	torah	1:Leviticus:6:1:6:11 2:Leviticus:6:12:7:10 3:Leviticus:7:11:7:38 4:Leviticus:8:1:8:13 5:Leviticus:8:14:8:21 6:Leviticus:8:22:8:29 7:Leviticus:8:30:8:36
2020-04-04	EY|shabbos|Tzav|ShabbosHagodol|morning	Agadir+Algeria+Algiers+Ashkenaz+Baladi+Bavlim+ChayeyOdom+Djerba+Fes+Frankfurt+Hagra+Italki+Libya+Lita+Magreb+Marrakesh+Morocco+Persia+Poznan+PureSephardim+Romania+Sefard+Shami+Teiman+Toshbim	haftarah	Malachi:3:4:3:24
2020-04-04	EY|shabbos|Tzav|ShabbosHagodol|morning	Chabad	haftarah	Jeremiah:7:21:7:28 Jeremiah:9:22:9:23
2020-04-04	chul|shabbos|Tzav|ShabbosHagodol|afternoon	ALL	haftarah	-
2020-04-04	chul|shabbos|Tzav|ShabbosHagodol|afternoon	ALL	maftir	-
2020-04-04	chul|shabbos|Tzav|ShabbosHagodol|afternoon	ALL	torah	1:Leviticus:9:1:9:5 2:Leviticus:9:6:9:10 3:Leviticus:9:11:9:16
2020-04-04	chul|shabbos|Tzav|ShabbosHagodol|morning	ALL	maftir	Leviticus:8:33:8:36
2020-04-04	chul|shabbos|Tzav|ShabbosHagodol|morning	ALL	torah	1:Leviticus:6:1:6:11 2:Leviticus:6:12:7:10 3:Leviticus:7:11:7:38 4:Leviticus:8:1:8:13 5:Leviticus:8:14:8:21 6:Leviticus:8:22:8:29 7:Leviticus:8:30:8:36
2020-04-04	chul|shabbos|Tzav|ShabbosHagodol|morning	Agadir+Algeria+Algiers+Ashkenaz+Baladi+Bavlim+ChayeyOdom+Djerba+Fes+Frankfurt+Hagra+Italki+Libya+Lita+Magreb+Marrakesh+Morocco+Persia+Poznan+PureSephardim+Romania+Sefard+Shami+Teiman+Toshbim	haftarah	Malachi:3:4:3:24
2020-04-04	chul|shabbos|Tzav|ShabbosHagodol|morning	Chabad	haftarah	Jeremiah:7:21:7:28 Jeremiah:9:22:9:23
2020-04-06	EY|Monday|-|-|morning	ALL	haftarah	-
2020-04-06	EY|Monday|-|-|morning	ALL	maftir	-
2020-04-06	EY|Monday|-|-|morning	ALL	torah	1:Leviticus:9:1:9:5 2:Leviticus:9:6:9:10 3:Leviticus:9:11:9:16
2020-04-06	chul|Monday|-|-|morning	ALL	haftarah	-
2020-04-06	chul|Monday|-|-|morning	ALL	maftir	-
2020-04-06	chul|Monday|-|-|morning	ALL	torah	1:Leviticus:9:1:9:5 2:Leviticus:9:6:9:10 3:Leviticus:9:11:9:16
2020-04-09	EY|Thursday|-|Pesach1|morning	ALL	maftir	Numbers:28:16:28:25
2020-04-09	EY|Thursday|-|Pesach1|morning	ALL	torah	1:Exodus:12:21:12:24 2:Exodus:12:25:12:28 3:Exodus:12:29:12:36 4:Exodus:12:37:12:42 5:Exodus:12:43:12:51
2020-04-09	EY|Thursday|-|Pesach1|morning	Agadir+Algeria+Algiers+Baladi+Bavlim+Djerba+Fes+Libya+Magreb+Marrakesh+Morocco+Persia+PureSephardim+Sefard+Shami+Teiman+Toshbim	haftarah	Joshua:5:2:6:1 Joshua:6:27:6:27
2020-04-09	EY|Thursday|-|Pesach1|morning	Ashkenaz+Chabad+ChayeyOdom+Italki+Lita+Poznan	haftarah	Joshua:3:5:3:7 Joshua:5:2:6:1 Joshua:6:27:6:27
2020-04-09	EY|Thursday|-|Pesach1|morning	Frankfurt+Hagra+Romania	haftarah	Joshua:5:2:6:1
2020-04-09	chul|Thursday|-|Pesach1|morning	ALL	maftir	Numbers:28:16:28:25
2020-04-09	chul|Thursday|-|Pesach1|morning	ALL	torah	1:Exodus:12:21:12:24 2:Exodus:12:25:12:28 3:Exodus:12:29:12:36 4:Exodus:12:37:12:42 5:Exodus:12:43:12:51
2020-04-09	chul|Thursday|-|Pesach1|morning	Agadir+Algeria+Algiers+Baladi+Bavlim+Djerba+Fes+Libya+Magreb+Marrakesh+Morocco+Persia+PureSephardim+Sefard+Shami+Teiman+Toshbim	haftarah	Joshua:5:2:6:1 Joshua:6:27:6:27
2020-04-09	chul|Thursday|-|Pesach1|morning	Ashkenaz+Chabad+ChayeyOdom+Italki+Lita+Poznan	haftarah	Joshua:3:5:3:7 Joshua:5:2:6:1 Joshua:6:27:6:27
2020-04-09	chul|Thursday|-|Pesach1|morning	Frankfurt+Hagra+Romania	haftarah	Joshua:5:2:6:1
2020-04-10	EY|Friday|-|Omer(1)+PesachIntermediate1InHolyLand|morning	ALL	haftarah	-
2020-04-10	EY|Friday|-|Omer(1)+PesachIntermediate1InHolyLand|morning	ALL	maftir	-
2020-04-10	EY|Friday|-|Omer(1)+PesachIntermediate1InHolyLand|morning	ALL	torah	1:Leviticus:22:26:23:3 2:Leviticus:23:4:23:14 3:Leviticus:23:15:23:44 4:Numbers:28:19:28:25
2020-04-10	chul|Friday|-|Omer(1)+Pesach2|morning	ALL	maftir	Numbers:28:16:28:25
2020-04-10	chul|Friday|-|Omer(1)+Pesach2|morning	ALL	torah	1:Leviticus:22:26:23:3 2:Leviticus:23:4:23:14 3:Leviticus:23:15:23:22 4:Leviticus:23:23:23:32 5:Leviticus:23:33:23:44
2020-04-10	chul|Friday|-|Omer(1)+Pesach2|morning	Agadir+Algeria+Algiers+Ashkenaz+Bavlim+Chabad+ChayeyOdom+Djerba+Fes+Frankfurt+Hagra+Libya+Lita+Magreb+Marrakesh+Morocco+Persia+PureSephardim+Romania+Sefard+Toshbim	haftarah	KingsII:23:1:23:9 KingsII:23:21:23:25
2020-04-10	chul|Friday|-|Omer(1)+Pesach2|morning	Baladi+Shami+Teiman	haftarah	KingsII:22:1:22:7 KingsII:23:21:23:25
2020-04-10	chul|Friday|-|Omer(1)+Pesach2|morning	Italki	haftarah	KingsII:23:21:23:30
2020-04-10	chul|Friday|-|Omer(1)+Pesach2|morning	Poznan	haftarah	KingsII:23:4:23:9 KingsII:23:21:23:30
2020-04-11	EY|shabbos|-|Omer(2)+PesachIntermediate2InHolyLand|afternoon	ALL	haftarah	-
2020-04-11	EY|shabbos|-|Omer(2)+PesachIntermediate2InHolyLand|afternoon	ALL	maftir	-
2020-04-11	EY|shabbos|-|Omer(2)+PesachIntermediate2InHolyLand|afternoon	ALL	torah	1:Leviticus:9:1:9:5 2:Leviticus:9:6:9:10 3:Leviticus:9:11:9:16
2020-04-11	EY|shabbos|-|Omer(2)+PesachIntermediate2InHolyLand|morning	ALL	maftir	Numbers:28:19:28:25
2020-04-11	EY|shabbos|-|Omer(2)+PesachIntermediate2InHolyLand|morning	ALL	torah	1:Exodus:33:12:33:16 2:Exodus:33:17:33:19 3:Exodus:33:20:33:23 4:Exodus:34:1:34:3 5:Exodus:34:4:34:10 6:Exodus:34:11:34:17 7:Exodus:34:18:34:26
2020-04-11	EY|shabbos|-|Omer(2)+PesachIntermediate2InHolyLand|morning	Agadir+Algeria+Algiers+Ashkenaz+Bavlim+Chabad+ChayeyOdom+Djerba+Fes+Frankfurt+Hagra+Italki+Libya+Lita+Magreb+Marrakesh+Morocco+Persia+Poznan+PureSephardim+Romania+Sefard+Toshbim	haftarah	Ezekiel:37:1:37:14
2020-04-11	EY|shabbos|-|Omer(2)+PesachIntermediate2InHolyLand|morning	Baladi+Shami+Teiman	haftarah	Ezekiel:36:37:37:14
2020-04-11	chul|shabbos|-|Omer(2)+PesachIntermediate1|afternoon	ALL	haftarah	-
2020-04-11	chul|shabbos|-|Omer(2)+PesachIntermediate1|afternoon	ALL	maftir	-
2020-04-11	chul|shabbos|-|Omer(2)+PesachIntermediate1|afternoon	ALL	torah	1:Leviticus:9:1:9:5 2:Leviticus:9:6:9:10 3:Leviticus:9:11:9:16
2020-04-11	chul|shabbos|-|Omer(2)+PesachIntermediate1|morning	ALL	maftir	Numbers:28:19:28:25
2020-04-11	chul|shabbos|-|Omer(2)+PesachIntermediate1|morning	ALL	torah	1:Exodus:33:12:33:16 2:Exodus:33:17:33:19 3:Exodus:33:20:33:23 4:Exodus:34:1:34:3 5:Exodus:34:4:34:10 6:Exodus:34:11:34:17 7:Exodus:34:18:34:26
2020-04-11	chul|shabbos|-|Omer(2)+PesachIntermediate1|morning	Agadir+Algeria+Algiers+Ashkenaz+Bavlim+Chabad+ChayeyOdom+Djerba+Fes+Frankfurt+Hagra+Italki+Libya+Lita+Magreb+Marrakesh+Morocco+Persia+Poznan+PureSephardim+Romania+Sefard+Toshbim	haftarah	Ezekiel:37:1:37:14
2020-04-11	chul|shabbos|-|Omer(2)+PesachIntermediate1|morning	Baladi+Shami+Teiman	haftarah	Ezekiel:36:37:37:14
2020-04-12	EY|Sunday|Shemini|Omer(3)+PesachIntermediate3InHolyLand|morning	ALL	haftarah	-
2020-04-12	EY|Sunday|Shemini|Omer(3)+PesachIntermediate3InHolyLand|morning	ALL	maftir	-
2020-04-12	EY|Sunday|Shemini|Omer(3)+PesachIntermediate3InHolyLand|morning	ALL	torah	1:Exodus:13:1:13:4 2:Exodus:13:5:13:10 3:Exodus:13:11:13:16 4:Numbers:28:19:28:25
2020-04-12	chul|Sunday|Shemini|Omer(3)+PesachIntermediate2|morning	ALL	haftarah	-
2020-04-12	chul|Sunday|Shemini|Omer(3)+PesachIntermediate2|morning	ALL	maftir	-
2020-04-12	chul|Sunday|Shemini|Omer(3)+PesachIntermediate2|morning	ALL	torah	1:Exodus:13:1:13:4 2:Exodus:13:5:13:10 3:Exodus:13:11:13:16 4:Numbers:28:19:28:25
2020-04-13	EY|Monday|Shemini|Omer(4)+PesachIntermediate4InHolyLand|morning	ALL	haftarah	-
2020-04-13	EY|Monday|Shemini|Omer(4)+PesachIntermediate4InHolyLand|morning	ALL	maftir	-
2020-04-13	EY|Monday|Shemini|Omer(4)+PesachIntermediate4InHolyLand|morning	ALL	torah	1:Exodus:22:24:22:26 2:Exodus:22:27:23:5 3:Exodus:23:6:23:19 4:Numbers:28:19:28:25
2020-04-13	chul|Monday|Shemini|Omer(4)+PesachIntermediate3|morning	ALL	haftarah	-
2020-04-13	chul|Monday|Shemini|Omer(4)+PesachIntermediate3|morning	ALL	maftir	-
2020-04-13	chul|Monday|Shemini|Omer(4)+PesachIntermediate3|morning	ALL	torah	1:Exodus:22:24:22:26 2:Exodus:22:27:23:5 3:Exodus:23:6:23:19 4:Numbers:28:19:28:25
2020-04-14	EY|Tuesday|Shemini|Omer(5)+PesachIntermediate5InHolyLand|morning	ALL	haftarah	-
2020-04-14	EY|Tuesday|Shemini|Omer(5)+PesachIntermediate5InHolyLand|morning	ALL	maftir	-
2020-04-14	EY|Tuesday|Shemini|Omer(5)+PesachIntermediate5InHolyLand|morning	ALL	torah	1:Numbers:9:1:9:6 2:Numbers:9:7:9:8 3:Numbers:9:9:9:14 4:Numbers:28:19:28:25
2020-04-14	chul|Tuesday|Shemini|Omer(5)+PesachIntermediate4|morning	ALL	haftarah	-
2020-04-14	chul|Tuesday|Shemini|Omer(5)+PesachIntermediate4|morning	ALL	maftir	-
2020-04-14	chul|Tuesday|Shemini|Omer(5)+PesachIntermediate4|morning	ALL	torah	1:Numbers:9:1:9:6 2:Numbers:9:7:9:8 3:Numbers:9:9:9:14 4:Numbers:28:19:28:25
2020-04-15	EY|Wednesday|Shemini|Omer(6)+Pesach7|morning	ALL	haftarah	SamuelII:22:1:22:51
2020-04-15	EY|Wednesday|Shemini|Omer(6)+Pesach7|morning	ALL	maftir	Numbers:28:19:28:25
2020-04-15	EY|Wednesday|Shemini|Omer(6)+Pesach7|morning	ALL	torah	1:Exodus:13:17:13:22 2:Exodus:14:1:14:8 3:Exodus:14:9:14:14 4:Exodus:14:15:14:25 5:Exodus:14:26:15:26
2020-04-15	chul|Wednesday|Shemini|Omer(6)+Pesach7|morning	ALL	haftarah	SamuelII:22:1:22:51
2020-04-15	chul|Wednesday|Shemini|Omer(6)+Pesach7|morning	ALL	maftir	Numbers:28:19:28:25
2020-04-15	chul|Wednesday|Shemini|Omer(6)+Pesach7|morning	ALL	torah	1:Exodus:13:17:13:22 2:Exodus:14:1:14:8 3:Exodus:14:9:14:14 4:Exodus:14:15:14:25 5:Exodus:14:26:15:26
2020-04-16	EY|Thursday|Shemini|Omer(7)|morning	ALL	haftarah	-
2020-04-16	EY|Thursday|Shemini|Omer(7)|morning	ALL	maftir	-
2020-04-16	EY|Thursday|Shemini|Omer(7)|morning	ALL	torah	1:Leviticus:9:1:9:5 2:Leviticus:9:6:9:10 3:Leviticus:9:11:9:16
2020-04-16	chul|Thursday|Shemini|Omer(7)+Pesach8|morning	ALL	haftarah	Isaiah:10:32:12:6
2020-04-16	chul|Thursday|Shemini|Omer(7)+Pesach8|morning	ALL	maftir	Numbers:28:19:28:25
2020-04-16	chul|Thursday|Shemini|Omer(7)+Pesach8|morning	ALL	torah	1:Deuteronomy:15:19:15:23 2:Deuteronomy:16:1:16:3 3:Deuteronomy:16:4:16:8 4:Deuteronomy:16:9:16:12 5:Deuteronomy:16:13:16:17
2020-04-18	EY|shabbos|Shemini|Omer(9)|afternoon	ALL	haftarah	-
2020-04-18	EY|shabbos|Shemini|Omer(9)|afternoon	ALL	maftir	-
2020-04-18	EY|shabbos|Shemini|Omer(9)|afternoon	ALL	torah	1:Leviticus:12:1:12:4 2:Leviticus:12:5:12:8 3:Leviticus:13:1:13:5
2020-04-18	EY|shabbos|Shemini|Omer(9)|morning	ALL	maftir	Leviticus:11:45:11:47
2020-04-18	EY|shabbos|Shemini|Omer(9)|morning	ALL	torah	1:Leviticus:9:1:9:16 2:Leviticus:9:17:9:23 3:Leviticus:9:24:10:11 4:Leviticus:10:12:10:15 5:Leviticus:10:16:10:20 6:Leviticus:11:1:11:32 7:Leviticus:11:33:11:47
2020-04-18	EY|shabbos|Shemini|Omer(9)|morning	Agadir+Algeria+Algiers+Bavlim+Chabad+Djerba+Fes+Libya+Magreb+Marrakesh+Morocco+Persia+Poznan+PureSephardim+Sefard+Toshbim	haftarah	SamuelII:6:1:6:19
2020-04-18	EY|shabbos|Shemini|Omer(9)|morning	Ashkenaz+ChayeyOdom+Frankfurt+Hagra+Lita	haftarah	SamuelII:6:1:7:17
2020-04-18	EY|shabbos|Shemini|Omer(9)|morning	Baladi+Italki+Shami+Teiman	haftarah	SamuelII:6:1:7:3
2020-04-18	EY|shabbos|Shemini|Omer(9)|morning	Romania	haftarah	Ezekiel:43:27:44:21
2020-04-18	chul|shabbos|Shemini|Omer(9)|afternoon	ALL	haftarah	-
2020-04-18	chul|shabbos|Shemini|Omer(9)|afternoon	ALL	maftir	-
2020-04-18	chul|shabbos|Shemini|Omer(9)|afternoon	ALL	torah	1:Leviticus:12:1:12:4 2:Leviticus:12:5:12:8 3:Leviticus:13:1:13:5
2020-04-18	chul|shabbos|Shemini|Omer(9)|morning	ALL	maftir	Leviticus:11:45:11:47
2020-04-18	chul|shabbos|Shemini|Omer(9)|morning	ALL	torah	1:Leviticus:9:1:9:16 2:Leviticus:9:17:9:23 3:Leviticus:9:24:10:11 4:Leviticus:10:12:10:15 5:Leviticus:10:16:10:20 6:Leviticus:11:1:11:32 7:Leviticus:11:33:11:47
2020-04-18	chul|shabbos|Shemini|Omer(9)|morning	Agadir+Algeria+Algiers+Bavlim+Chabad+Djerba+Fes+Libya+Magreb+Marrakesh+Morocco+Persia+Poznan+PureSephardim+Sefard+Toshbim	haftarah	SamuelII:6:1:6:19
2020-04-18	chul|shabbos|Shemini|Omer(9)|morning	Ashkenaz+ChayeyOdom+Frankfurt+Hagra+Lita	haftarah	SamuelII:6:1:7:17
2020-04-18	chul|shabbos|Shemini|Omer(9)|morning	Baladi+Italki+Shami+Teiman	haftarah	SamuelII:6:1:7:3
2020-04-18	chul|shabbos|Shemini|Omer(9)|morning	Romania	haftarah	Ezekiel:43:27:44:21
2020-04-20	EY|Monday|Tazria-Metzora|Omer(11)|morning	ALL	haftarah	-
2020-04-20	EY|Monday|Tazria-Metzora|Omer(11)|morning	ALL	maftir	-
2020-04-20	EY|Monday|Tazria-Metzora|Omer(11)|morning	ALL	torah	1:Leviticus:12:1:12:4 2:Leviticus:12:5:12:8 3:Leviticus:13:1:13:5
2020-04-20	chul|Monday|Tazria-Metzora|Omer(11)|morning	ALL	haftarah	-
2020-04-20	chul|Monday|Tazria-Metzora|Omer(11)|morning	ALL	maftir	-
2020-04-20	chul|Monday|Tazria-Metzora|Omer(11)|morning	ALL	torah	1:Leviticus:12:1:12:4 2:Leviticus:12:5:12:8 3:Leviticus:13:1:13:5
2020-04-23	EY|Thursday|Tazria-Metzora|ErevRoshChodesh+Omer(14)|morning	ALL	haftarah	-
2020-04-23	EY|Thursday|Tazria-Metzora|ErevRoshChodesh+Omer(14)|morning	ALL	maftir	-
2020-04-23	EY|Thursday|Tazria-Metzora|ErevRoshChodesh+Omer(14)|morning	ALL	torah	1:Leviticus:12:1:12:4 2:Leviticus:12:5:12:8 3:Leviticus:13:1:13:5
2020-04-23	chul|Thursday|Tazria-Metzora|ErevRoshChodesh+Omer(14)|morning	ALL	haftarah	-
2020-04-23	chul|Thursday|Tazria-Metzora|ErevRoshChodesh+Omer(14)|morning	ALL	maftir	-
2020-04-23	chul|Thursday|Tazria-Metzora|ErevRoshChodesh+Omer(14)|morning	ALL	torah	1:Leviticus:12:1:12:4 2:Leviticus:12:5:12:8 3:Leviticus:13:1:13:5
2020-04-24	EY|Friday|Tazria-Metzora|ErevRoshChodesh+Omer(15)+RoshChodesh|morning	ALL	haftarah	-
2020-04-24	EY|Friday|Tazria-Metzora|ErevRoshChodesh+Omer(15)+RoshChodesh|morning	ALL	maftir	-
2020-04-24	EY|Friday|Tazria-Metzora|ErevRoshChodesh+Omer(15)+RoshChodesh|morning	Agadir+Algeria+Algiers+Ashkenaz+Baladi+Bavlim+Chabad+ChayeyOdom+Djerba+Fes+Frankfurt+Italki+Libya+Lita+Magreb+Marrakesh+Morocco+Persia+Poznan+PureSephardim+Romania+Sefard+Shami+Teiman+Toshbim	torah	1:Numbers:28:1:28:3 2:Numbers:28:3:28:5 3:Numbers:28:6:28:10 4:Numbers:28:11:28:15
2020-04-24	EY|Friday|Tazria-Metzora|ErevRoshChodesh+Omer(15)+RoshChodesh|morning	Hagra	torah	1:Numbers:28:1:28:3 2:Numbers:28:4:28:8 3:Numbers:28:6:28:10 4:Numbers:28:11:28:15
2020-04-24	chul|Friday|Tazria-Metzora|ErevRoshChodesh+Omer(15)+RoshChodesh|morning	ALL	haftarah	-
2020-04-24	chul|Friday|Tazria-Metzora|ErevRoshChodesh+Omer(15)+RoshChodesh|morning	ALL	maftir	-
2020-04-24	chul|Friday|Tazria-Metzora|ErevRoshChodesh+Omer(15)+RoshChodesh|morning	Agadir+Algeria+Algiers+Ashkenaz+Baladi+Bavlim+Chabad+ChayeyOdom+Djerba+Fes+Frankfurt+Italki+Libya+Lita+Magreb+Marrakesh+Morocco+Persia+Poznan+PureSephardim+Romania+Sefard+Shami+Teiman+Toshbim	torah	1:Numbers:28:1:28:3 2:Numbers:28:3:28:5 3:Numbers:28:6:28:10 4:Numbers:28:11:28:15
2020-04-24	chul|Friday|Tazria-Metzora|ErevRoshChodesh+Omer(15)+RoshChodesh|morning	Hagra	torah	1:Numbers:28:1:28:3 2:Numbers:28:4:28:8 3:Numbers:28:6:28:10 4:Numbers:28:11:28:15
2020-04-25	EY|shabbos|Tazria-Metzora|Omer(16)+RoshChodesh|afternoon	ALL	haftarah	-
2020-04-25	EY|shabbos|Tazria-Metzora|Omer(16)+RoshChodesh|afternoon	ALL	maftir	-
2020-04-25	EY|shabbos|Tazria-Metzora|Omer(16)+RoshChodesh|afternoon	ALL	torah	1:Leviticus:16:1:16:6 2:Leviticus:16:7:16:11 3:Leviticus:16:12:16:17
2020-04-25	EY|shabbos|Tazria-Metzora|Omer(16)+RoshChodesh|morning	ALL	haftarah	Isaiah:66:1:66:24 Isaiah:66:23:66:23
2020-04-25	EY|shabbos|Tazria-Metzora|Omer(16)+RoshChodesh|morning	ALL	maftir	Numbers:28:9:28:15
2020-04-25	EY|shabbos|Tazria-Metzora|Omer(16)+RoshChodesh|morning	ALL	torah	1:Leviticus:12:1:13:23 2:Leviticus:13:24:13:39 3:Leviticus:13:40:13:54 4:Leviticus:13:55:14:20 5:Leviticus:14:21:14:32 6:Leviticus:14:33:15:15 7:Leviticus:15:16:15:33
2020-04-25	chul|shabbos|Tazria-Metzora|Omer(16)+RoshChodesh|afternoon	ALL	haftarah	-
2020-04-25	chul|shabbos|Tazria-Metzora|Omer(16)+RoshChodesh|afternoon	ALL	maftir	-
2020-04-25	chul|shabbos|Tazria-Metzora|Omer(16)+RoshChodesh|afternoon	ALL	torah	1:Leviticus:16:1:16:6 2:Leviticus:16:7:16:11 3:Leviticus:16:12:16:17
2020-04-25	chul|shabbos|Tazria-Metzora|Omer(16)+RoshChodesh|morning	ALL	haftarah	Isaiah:66:1:66:24 Isaiah:66:23:66:23
2020-04-25	chul|shabbos|Tazria-Metzora|Omer(16)+RoshChodesh|morning	ALL	maftir	Numbers:28:9:28:15
2020-04-25	chul|shabbos|Tazria-Metzora|Omer(16)+RoshChodesh|morning	ALL	torah	1:Leviticus:12:1:13:23 2:Leviticus:13:24:13:39 3:Leviticus:13:40:13:54 4:Leviticus:13:55:14:20 5:Leviticus:14:21:14:32 6:Leviticus:14:33:15:15 7:Leviticus:15:16:15:33
2020-04-27	EY|Monday|Acharei-Kedoshim|Omer(18)|morning	ALL	haftarah	-
2020-04-27	EY|Monday|Acharei-Kedoshim|Omer(18)|morning	ALL	maftir	-
2020-04-27	EY|Monday|Acharei-Kedoshim|Omer(18)|morning	ALL	torah	1:Leviticus:16:1:16:6 2:Leviticus:16:7:16:11 3:Leviticus:16:12:16:17
2020-04-27	chul|Monday|Acharei-Kedoshim|Omer(18)|morning	ALL	haftarah	-
2020-04-27	chul|Monday|Acharei-Kedoshim|Omer(18)|morning	ALL	maftir	-
2020-04-27	chul|Monday|Acharei-Kedoshim|Omer(18)|morning	ALL	torah	1:Leviticus:16:1:16:6 2:Leviticus:16:7:16:11 3:Leviticus:16:12:16:17
2020-04-30	EY|Thursday|Acharei-Kedoshim|Omer(21)|morning	ALL	haftarah	-
2020-04-30	EY|Thursday|Acharei-Kedoshim|Omer(21)|morning	ALL	maftir	-
2020-04-30	EY|Thursday|Acharei-Kedoshim|Omer(21)|morning	ALL	torah	1:Leviticus:16:1:16:6 2:Leviticus:16:7:16:11 3:Leviticus:16:12:16:17
2020-04-30	chul|Thursday|Acharei-Kedoshim|Omer(21)|morning	ALL	haftarah	-
2020-04-30	chul|Thursday|Acharei-Kedoshim|Omer(21)|morning	ALL	maftir	-
2020-04-30	chul|Thursday|Acharei-Kedoshim|Omer(21)|morning	ALL	torah	1:Leviticus:16:1:16:6 2:Leviticus:16:7:16:11 3:Leviticus:16:12:16:17
2020-05-02	EY|shabbos|Acharei-Kedoshim|Omer(23)|afternoon	ALL	haftarah	-
2020-05-02	EY|shabbos|Acharei-Kedoshim|Omer(23)|afternoon	ALL	maftir	-
2020-05-02	EY|shabbos|Acharei-Kedoshim|Omer(23)|afternoon	ALL	torah	1:Leviticus:21:1:21:6 2:Leviticus:21:7:21:12 3:Leviticus:21:13:21:15
2020-05-02	EY|shabbos|Acharei-Kedoshim|Omer(23)|morning	ALL	maftir	Leviticus:20:25:20:27
2020-05-02	EY|shabbos|Acharei-Kedoshim|Omer(23)|morning	ALL	torah	1:Leviticus:16:1:16:24 2:Leviticus:16:25:17:7 3:Leviticus:17:8:18:21 4:Leviticus:18:22:19:14 5:Leviticus:19:15:19:32 6:Leviticus:19:33:20:7 7:Leviticus:20:8:20:27
2020-05-02	EY|shabbos|Acharei-Kedoshim|Omer(23)|morning	Agadir+Algeria+Algiers+Bavlim+Djerba+Fes+Libya+Magreb+Marrakesh+Morocco+Persia+PureSephardim+Sefard+Toshbim	haftarah	Ezekiel:20:2:20:20
2020-05-02	EY|shabbos|Acharei-Kedoshim|Omer(23)|morning	Ashkenaz+Chabad+Frankfurt+Hagra+Poznan	haftarah	Amos:9:7:9:15
2020-05-02	EY|shabbos|Acharei-Kedoshim|Omer(23)|morning	Baladi	haftarah	Ezekiel:20:1:20:15
2020-05-02	EY|shabbos|Acharei-Kedoshim|Omer(23)|morning	ChayeyOdom+Lita	haftarah	Ezekiel:22:1:22:16
2020-05-02	EY|shabbos|Acharei-Kedoshim|Omer(23)|morning	Italki+Shami+Teiman	haftarah	Ezekiel:20:1:20:20
2020-05-02	EY|shabbos|Acharei-Kedoshim|Omer(23)|morning	Romania	haftarah	Isaiah:3:4:5:17
2020-05-02	chul|shabbos|Acharei-Kedoshim|Omer(23)|afternoon	ALL	haftarah	-
2020-05-02	chul|shabbos|Acharei-Kedoshim|Omer(23)|afternoon	ALL	maftir	-
2020-05-02	chul|shabbos|Acharei-Kedoshim|Omer(23)|afternoon	ALL	torah	1:Leviticus:21:1:21:6 2:Leviticus:21:7:21:12 3:Leviticus:21:13:21:15
2020-05-02	chul|shabbos|Acharei-Kedoshim|Omer(23)|morning	ALL	maftir	Leviticus:20:25:20:27
2020-05-02	chul|shabbos|Acharei-Kedoshim|Omer(23)|morning	ALL	torah	1:Leviticus:16:1:16:24 2:Leviticus:16:25:17:7 3:Leviticus:17:8:18:21 4:Leviticus:18:22:19:14 5:Leviticus:19:15:19:32 6:Leviticus:19:33:20:7 7:Leviticus:20:8:20:27
2020-05-02	chul|shabbos|Acharei-Kedoshim|Omer(23)|morning	Agadir+Algeria+Algiers+Bavlim+Djerba+Fes+Libya+Magreb+Marrakesh+Morocco+Persia+PureSephardim+Sefard+Toshbim	haftarah	Ezekiel:20:2:20:20
2020-05-02	chul|shabbos|Acharei-Kedoshim|Omer(23)|morning	Ashkenaz+Chabad+Frankfurt+Hagra+Poznan	haftarah	Amos:9:7:9:15
2020-05-02	chul|shabbos|Acharei-Kedoshim|Omer(23)|morning	Baladi	haftarah	Ezekiel:20:1:20:15
2020-05-02	chul|shabbos|Acharei-Kedoshim|Omer(23)|morning	ChayeyOdom+Lita	haftarah	Ezekiel:22:1:22:16
2020-05-02	chul|shabbos|Acharei-Kedoshim|Omer(23)|morning	Italki+Shami+Teiman	haftarah	Ezekiel:20:1:20:20
2020-05-02	chul|shabbos|Acharei-Kedoshim|Omer(23)|morning	Romania	haftarah	Isaiah:3:4:5:17
2020-05-04	EY|Monday|Emor|Omer(25)|morning	ALL	haftarah	-
2020-05-04	EY|Monday|Emor|Omer(25)|morning	ALL	maftir	-
2020-05-04	EY|Monday|Emor|Omer(25)|morning	ALL	torah	1:Leviticus:21:1:21:6 2:Leviticus:21:7:21:12 3:Leviticus:21:13:21:15
2020-05-04	chul|Monday|Emor|Omer(25)|morning	ALL	haftarah	-
2020-05-04	chul|Monday|Emor|Omer(25)|morning	ALL	maftir	-
2020-05-04	chul|Monday|Emor|Omer(25)|morning	ALL	torah	1:Leviticus:21:1:21:6 2:Leviticus:21:7:21:12 3:Leviticus:21:13:21:15
2020-05-07	EY|Thursday|Emor|Omer(28)|morning	ALL	haftarah	-
2020-05-07	EY|Thursday|Emor|Omer(28)|morning	ALL	maftir	-
2020-05-07	EY|Thursday|Emor|Omer(28)|morning	ALL	torah	1:Leviticus:21:1:21:6 2:Leviticus:21:7:21:12 3:Leviticus:21:13:21:15
2020-05-07	chul|Thursday|Emor|Omer(28)|morning	ALL	haftarah	-
2020-05-07	chul|Thursday|Emor|Omer(28)|morning	ALL	maftir	-
2020-05-07	chul|Thursday|Emor|Omer(28)|morning	ALL	torah	1:Leviticus:21:1:21:6 2:Leviticus:21:7:21:12 3:Leviticus:21:13:21:15
2020-05-09	EY|shabbos|Emor|Omer(30)|afternoon	ALL	haftarah	-
2020-05-09	EY|shabbos|Emor|Omer(30)|afternoon	ALL	maftir	-
2020-05-09	EY|shabbos|Emor|Omer(30)|afternoon	ALL	torah	1:Leviticus:25:1:25:3 2:Leviticus:25:4:25:7 3:Leviticus:25:8:25:13
2020-05-09	EY|shabbos|Emor|Omer(30)|morning	ALL	haftarah	Ezekiel:44:15:44:31
2020-05-09	EY|shabbos|Emor|Omer(30)|morning	ALL	maftir	Leviticus:24:21:24:23
2020-05-09	EY|shabbos|Emor|Omer(30)|morning	ALL	torah	1:Leviticus:21:1:21:15 2:Leviticus:21:16:22:16 3:Leviticus:22:17:22:33 4:Leviticus:23:1:23:22 5:Leviticus:23:23:23:32 6:Leviticus:23:33:23:44 7:Leviticus:24:1:24:23
2020-05-09	chul|shabbos|Emor|Omer(30)|afternoon	ALL	haftarah	-
2020-05-09	chul|shabbos|Emor|Omer(30)|afternoon	ALL	maftir	-
2020-05-09	chul|shabbos|Emor|Omer(30)|afternoon	ALL	torah	1:Leviticus:25:1:25:3 2:Leviticus:25:4:25:7 3:Leviticus:25:8:25:13
2020-05-09	chul|shabbos|Emor|Omer(30)|morning	ALL	haftarah	Ezekiel:44:15:44:31
2020-05-09	chul|shabbos|Emor|Omer(30)|morning	ALL	maftir	Leviticus:24:21:24:23
2020-05-09	chul|shabbos|Emor|Omer(30)|morning	ALL	torah	1:Leviticus:21:1:21:15 2:Leviticus:21:16:22:16 3:Leviticus:22:17:22:33 4:Leviticus:23:1:23:22 5:Leviticus:23:23:23:32 6:Leviticus:23:33:23:44 7:Leviticus:24:1:24:23
2020-05-11	EY|Monday|Behar-Bechukosai|Omer(32)|morning	ALL	haftarah	-
2020-05-11	EY|Monday|Behar-Bechukosai|Omer(32)|morning	ALL	maftir	-
2020-05-11	EY|Monday|Behar-Bechukosai|Omer(32)|morning	ALL	torah	1:Leviticus:25:1:25:3 2:Leviticus:25:4:25:7 3:Leviticus:25:8:25:13
2020-05-11	chul|Monday|Behar-Bechukosai|Omer(32)|morning	ALL	haftarah	-
2020-05-11	chul|Monday|Behar-Bechukosai|Omer(32)|morning	ALL	maftir	-
2020-05-11	chul|Monday|Behar-Bechukosai|Omer(32)|morning	ALL	torah	1:Leviticus:25:1:25:3 2:Leviticus:25:4:25:7 3:Leviticus:25:8:25:13
2020-05-14	EY|Thursday|Behar-Bechukosai|Omer(35)|morning	ALL	haftarah	-
2020-05-14	EY|Thursday|Behar-Bechukosai|Omer(35)|morning	ALL	maftir	-
2020-05-14	EY|Thursday|Behar-Bechukosai|Omer(35)|morning	ALL	torah	1:Leviticus:25:1:25:3 2:Leviticus:25:4:25:7 3:Leviticus:25:8:25:13
2020-05-14	chul|Thursday|Behar-Bechukosai|Omer(35)|morning	ALL	haftarah	-
2020-05-14	chul|Thursday|Behar-Bechukosai|Omer(35)|morning	ALL	maftir	-
2020-05-14	chul|Thursday|Behar-Bechukosai|Omer(35)|morning	ALL	torah	1:Leviticus:25:1:25:3 2:Leviticus:25:4:25:7 3:Leviticus:25:8:25:13
2020-05-16	EY|shabbos|Behar-Bechukosai|Omer(37)|afternoon	ALL	haftarah	-
2020-05-16	EY|shabbos|Behar-Bechukosai|Omer(37)|afternoon	ALL	maftir	-
2020-05-16	EY|shabbos|Behar-Bechukosai|Omer(37)|afternoon	ALL	torah	1:Numbers:1:1:1:4 2:Numbers:1:5:1:16 3:Numbers:1:17:1:19
2020-05-16	EY|shabbos|Behar-Bechukosai|Omer(37)|morning	ALL	maftir	Leviticus:27:32:27:34
2020-05-16	EY|shabbos|Behar-Bechukosai|Omer(37)|morning	ALL	torah	1:Leviticus:25:1:25:18 2:Leviticus:25:19:25:28 3:Leviticus:25:29:25:38 4:Leviticus:25:39:26:9 5:Leviticus:26:10:26:46 6:Leviticus:27:1:27:15 7:Leviticus:27:16:27:34
2020-05-16	EY|shabbos|Behar-Bechukosai|Omer(37)|morning	Agadir+Algeria+Algiers+Ashkenaz+Bavlim+Chabad+ChayeyOdom+Djerba+Fes+Frankfurt+Hagra+Libya+Lita+Magreb+Marrakesh+Morocco+Persia+PureSephardim+Romania+Sefard+Toshbim	haftarah	Jeremiah:16:19:17:14
2020-05-16	EY|shabbos|Behar-Bechukosai|Omer(37)|morning	Baladi+Shami+Teiman	haftarah	Ezekiel:34:1:34:27
2020-05-16	EY|shabbos|Behar-Bechukosai|Omer(37)|morning	Italki+Poznan	haftarah	Ezekiel:34:1:34:15
2020-05-16	chul|shabbos|Behar-Bechukosai|Omer(37)|afternoon	ALL	haftarah	-
2020-05-16	chul|shabbos|Behar-Bechukosai|Omer(37)|afternoon	ALL	maftir	-
2020-05-16	chul|shabbos|Behar-Bechukosai|Omer(37)|afternoon	ALL	torah	1:Numbers:1:1:1:4 2:Numbers:1:5:1:16 3:Numbers:1:17:1:19
2020-05-16	chul|shabbos|Behar-Bechukosai|Omer(37)|morning	ALL	maftir	Leviticus:27:32:27:34
2020-05-16	chul|shabbos|Behar-Bechukosai|Omer(37)|morning	ALL	torah	1:Leviticus:25:1:25:18 2:Leviticus:25:19:25:28 3:Leviticus:25:29:25:38 4:Leviticus:25:39:26:9 5:Leviticus:26:10:26:46 6:Leviticus:27:1:27:15 7:Leviticus:27:16:27:34
2020-05-16	chul|shabbos|Behar-Bechukosai|Omer(37)|morning	Agadir+Algeria+Algiers+Ashkenaz+Bavlim+Chabad+ChayeyOdom+Djerba+Fes+Frankfurt+Hagra+Libya+Lita+Magreb+Marrakesh+Morocco+Persia+PureSephardim+Romania+Sefard+Toshbim	haftarah	Jeremiah:16:19:17:14
2020-05-16	chul|shabbos|Behar-Bechukosai|Omer(37)|morning	Baladi+Shami+Teiman	haftarah	Ezekiel:34:1:34:27
2020-05-16	chul|shabbos|Behar-Bechukosai|Omer(37)|morning	Italki+Poznan	haftarah	Ezekiel:34:1:34:15
2020-05-18	EY|Monday|Bemidbar|Omer(39)|morning	ALL	haftarah	-
2020-05-18	EY|Monday|Bemidbar|Omer(39)|morning	ALL	maftir	-
2020-05-18	EY|Monday|Bemidbar|Omer(39)|morning	ALL	torah	1:Numbers:1:1:1:4 2:Numbers:1:5:1:16 3:Numbers:1:17:1:19
2020-05-18	chul|Monday|Bemidbar|Omer(39)|morning	ALL	haftarah	-
2020-05-18	chul|Monday|Bemidbar|Omer(39)|morning	ALL	maftir	-
2020-05-18	chul|Monday|Bemidbar|Omer(39)|morning	ALL	torah	1:Numbers:1:1:1:4 2:Numbers:1:5:1:16 3:Numbers:1:17:1:19
2020-05-21	EY|Thursday|Bemidbar|Omer(42)|morning	ALL	haftarah	-
2020-05-21	EY|Thursday|Bemidbar|Omer(42)|morning	ALL	maftir	-
2020-05-21	EY|Thursday|Bemidbar|Omer(42)|morning	ALL	torah	1:Numbers:1:1:1:4 2:Numbers:1:5:1:16 3:Numbers:1:17:1:19
2020-05-21	chul|Thursday|Bemidbar|Omer(42)|morning	ALL	haftarah	-
2020-05-21	chul|Thursday|Bemidbar|Omer(42)|morning	ALL	maftir	-
2020-05-21	chul|Thursday|Bemidbar|Omer(42)|morning	ALL	torah	1:Numbers:1:1:1:4 2:Numbers:1:5:1:16 3:Numbers:1:17:1:19
2020-05-23	EY|shabbos|Bemidbar|ErevRoshChodesh+Omer(44)|afternoon	ALL	haftarah	-
2020-05-23	EY|shabbos|Bemidbar|ErevRoshChodesh+Omer(44)|afternoon	ALL	maftir	-
2020-05-23	EY|shabbos|Bemidbar|ErevRoshChodesh+Omer(44)|afternoon	ALL	torah	1:Numbers:4:21:4:24 2:Numbers:4:25:4:28 3:Numbers:4:29:4:37
2020-05-23	EY|shabbos|Bemidbar|ErevRoshChodesh+Omer(44)|morning	ALL	maftir	Numbers:4:17:4:20
2020-05-23	EY|shabbos|Bemidbar|ErevRoshChodesh+Omer(44)|morning	ALL	torah	1:Numbers:1:1:1:19 2:Numbers:1:20:1:54 3:Numbers:2:1:2:34 4:Numbers:3:1:3:13 5:Numbers:3:14:3:39 6:Numbers:3:40:3:51 7:Numbers:4:1:4:20
2020-05-23	EY|shabbos|Bemidbar|ErevRoshChodesh+Omer(44)|morning	Agadir+Algeria+Algiers+Ashkenaz+Baladi+Bavlim+Chabad+ChayeyOdom+Djerba+Frankfurt+Hagra+Italki+Libya+Lita+Magreb+Marrakesh+Morocco+Persia+Poznan+PureSephardim+Romania+Sefard+Shami+Teiman+Toshbim	haftarah	SamuelI:20:18:20:42
2020-05-23	EY|shabbos|Bemidbar|ErevRoshChodesh+Omer(44)|morning	Fes	haftarah	Hosea:2:1:2:22 SamuelI:20:18:20:18 SamuelI:20:42:20:42
2020-05-23	chul|shabbos|Bemidbar|ErevRoshChodesh+Omer(44)|afternoon	ALL	haftarah	-
2020-05-23	chul|shabbos|Bemidbar|ErevRoshChodesh+Omer(44)|afternoon	ALL	maftir	-
2020-05-23	chul|shabbos|Bemidbar|ErevRoshChodesh+Omer(44)|afternoon	ALL	torah	1:Numbers:4:21:4:24 2:Numbers:4:25:4:28 3:Numbers:4:29:4:37
2020-05-23	chul|shabbos|Bemidbar|ErevRoshChodesh+Omer(44)|morning	ALL	maftir	Numbers:4:17:4:20
2020-05-23	chul|shabbos|Bemidbar|ErevRoshChodesh+Omer(44)|morning	ALL	torah	1:Numbers:1:1:1:19 2:Numbers:1:20:1:54 3:Numbers:2:1:2:34 4:Numbers:3:1:3:13 5:Numbers:3:14:3:39 6:Numbers:3:40:3:51 7:Numbers:4:1:4:20
2020-05-23	chul|shabbos|Bemidbar|ErevRoshChodesh+Omer(44)|morning	Agadir+Algeria+Algiers+Ashkenaz+Baladi+Bavlim+Chabad+ChayeyOdom+Djerba+Frankfurt+Hagra+Italki+Libya+Lita+Magreb+Marrakesh+Morocco+Persia+Poznan+PureSephardim+Romania+Sefard+Shami+Teiman+Toshbim	haftarah	SamuelI:20:18:20:42
2020-05-23	chul|shabbos|Bemidbar|ErevRoshChodesh+Omer(44)|morning	Fes	haftarah	Hosea:2:1:2:22 SamuelI:20:18:20:18 SamuelI:20:42:20:42
2020-05-24	EY|Sunday|Nasso|Omer(45)+RoshChodesh|morning	ALL	haftarah	-
2020-05-24	EY|Sunday|Nasso|Omer(45)+RoshChodesh|morning	ALL	maftir	-
2020-05-24	EY|Sunday|Nasso|Omer(45)+RoshChodesh|morning	Agadir+Algeria+Algiers+Ashkenaz+Baladi+Bavlim+Chabad+ChayeyOdom+Djerba+Fes+Frankfurt+Italki+Libya+Lita+Magreb+Marrakesh+Morocco+Persia+Poznan+PureSephardim+Romania+Sefard+Shami+Teiman+Toshbim	torah	1:Numbers:28:1:28:3 2:Numbers:28:3:28:5 3:Numbers:28:6:28:10 4:Numbers:28:11:28:15
2020-05-24	EY|Sunday|Nasso|Omer(45)+RoshChodesh|morning	Hagra	torah	1:Numbers:28:1:28:3 2:Numbers:28:4:28:8 3:Numbers:28:6:28:10 4:Numbers:28:11:28:15
2020-05-24	chul|Sunday|-|Omer(45)+RoshChodesh|morning	ALL	haftarah	-
2020-05-24	chul|Sunday|-|Omer(45)+RoshChodesh|morning	ALL	maftir	-
2020-05-24	chul|Sunday|-|Omer(45)+RoshChodesh|morning	Agadir+Algeria+Algiers+Ashkenaz+Baladi+Bavlim+Chabad+ChayeyOdom+Djerba+Fes+Frankfurt+Italki+Libya+Lita+Magreb+Marrakesh+Morocco+Persia+Poznan+PureSephardim+Romania+Sefard+Shami+Teiman+Toshbim	torah	1:Numbers:28:1:28:3 2:Numbers:28:3:28:5 3:Numbers:28:6:28:10 4:Numbers:28:11:28:15
2020-05-24	chul|Sunday|-|Omer(45)+RoshChodesh|morning	Hagra	torah	1:Numbers:28:1:28:3 2:Numbers:28:4:28:8 3:Numbers:28:6:28:10 4:Numbers:28:11:28:15
2020-05-25	EY|Monday|Nasso|Omer(46)|morning	ALL	haftarah	-
2020-05-25	EY|Monday|Nasso|Omer(46)|morning	ALL	maftir	-
2020-05-25	EY|Monday|Nasso|Omer(46)|morning	ALL	torah	1:Numbers:4:21:4:24 2:Numbers:4:25:4:28 3:Numbers:4:29:4:37
2020-05-25	chul|Monday|-|Omer(46)|morning	ALL	haftarah	-
2020-05-25	chul|Monday|-|Omer(46)|morning	ALL	maftir	-
2020-05-25	chul|Monday|-|Omer(46)|morning	ALL	torah	1:Numbers:4:21:4:24 2:Numbers:4:25:4:28 3:Numbers:4:29:4:37
2020-05-28	EY|Thursday|Nasso|Omer(49)|morning	ALL	haftarah	-
2020-05-28	EY|Thursday|Nasso|Omer(49)|morning	ALL	maftir	-
2020-05-28	EY|Thursday|Nasso|Omer(49)|morning	ALL	torah	1:Numbers:4:21:4:24 2:Numbers:4:25:4:28 3:Numbers:4:29:4:37
2020-05-28	chul|Thursday|-|Omer(49)|morning	ALL	haftarah	-
2020-05-28	chul|Thursday|-|Omer(49)|morning	ALL	maftir	-
2020-05-28	chul|Thursday|-|Omer(49)|morning	ALL	torah	1:Numbers:4:21:4:24 2:Numbers:4:25:4:28 3:Numbers:4:29:4:37
2020-05-29	EY|Friday|Nasso|Shavuos1|morning	ALL	maftir	Numbers:28:26:28:31
2020-05-29	EY|Friday|Nasso|Shavuos1|morning	ALL	torah	1:Exodus:19:1:19:6 2:Exodus:19:7:19:13 3:Exodus:19:14:19:19 4:Exodus:19:20:20:14 5:Exodus:20:15:20:22
2020-05-29	EY|Friday|Nasso|Shavuos1|morning	Agadir+Algeria+Algiers+Ashkenaz+Bavlim+Chabad+ChayeyOdom+Djerba+Fes+Frankfurt+Hagra+Italki+Libya+Lita+Magreb+Marrakesh+Morocco+Persia+Poznan+PureSephardim+Romania+Sefard+Toshbim	haftarah	Ezekiel:1:1:1:28 Ezekiel:3:12:3:12
2020-05-29	EY|Friday|Nasso|Shavuos1|morning	Baladi+Shami+Teiman	haftarah	Ezekiel:1:1:2:2 Ezekiel:3:12:3:12
2020-05-29	chul|Friday|-|Shavuos1|morning	ALL	maftir	Numbers:28:26:28:31
2020-05-29	chul|Friday|-|Shavuos1|morning	ALL	torah	1:Exodus:19:1:19:6 2:Exodus:19:7:19:13 3:Exodus:19:14:19:19 4:Exodus:19:20:20:14 5:Exodus:20:15:20:22
2020-05-29	chul|Friday|-|Shavuos1|morning	Agadir+Algeria+Algiers+Ashkenaz+Bavlim+Chabad+ChayeyOdom+Djerba+Fes+Frankfurt+Hagra+Italki+Libya+Lita+Magreb+Marrakesh+Morocco+Persia+Poznan+PureSephardim+Romania+Sefard+Toshbim	haftarah	Ezekiel:1:1:1:28 Ezekiel:3:12:3:12
2020-05-29	chul|Friday|-|Shavuos1|morning	Baladi+Shami+Teiman	haftarah	Ezekiel:1:1:2:2 Ezekiel:3:12:3:12
2020-05-30	EY|shabbos|Nasso|-|afternoon	ALL	haftarah	-
2020-05-30	EY|shabbos|Nasso|-|afternoon	ALL	maftir	-
2020-05-30	EY|shabbos|Nasso|-|afternoon	ALL	torah	1:Numbers:8:1:8:4 2:Numbers:8:5:8:9 3:Numbers:8:10:8:14
2020-05-30	EY|shabbos|Nasso|-|morning	ALL	maftir	Numbers:7:87:7:89
2020-05-30	EY|shabbos|Nasso|-|morning	Agadir+Algeria+Algiers+Ashkenaz+Baladi+Bavlim+ChayeyOdom+Djerba+Fes+Frankfurt+Hagra+Italki+Libya+Lita+Magreb+Marrakesh+Morocco+Persia+Poznan+PureSephardim+Romania+Sefard+Shami+Teiman+Toshbim	torah	1:Numbers:4:21:4:37 2:Numbers:4:38:4:49 3:Numbers:5:1:5:10 4:Numbers:5:11:6:27 5:Numbers:7:1:7:41 6:Numbers:7:42:7:71 7:Numbers:7:72:7:89
2020-05-30	EY|shabbos|Nasso|-|morning	Agadir+Algeria+Algiers+Ashkenaz+Bavlim+Chabad+ChayeyOdom+Djerba+Fes+Frankfurt+Hagra+Italki+Libya+Lita+Magreb+Marrakesh+Morocco+Persia+Poznan+PureSephardim+Romania+Sefard+Toshbim	haftarah	Judges:13:2:13:25
2020-05-30	EY|shabbos|Nasso|-|morning	Baladi+Shami+Teiman	haftarah	Judges:13:2:13:24
2020-05-30	EY|shabbos|Nasso|-|morning	Chabad	torah	1:Numbers:4:21:4:37 2:Numbers:4:38:4:49 3:Numbers:5:1:5:10 4:Numbers:5:11:6:27 5:Numbers:7:1:7:41 6:Numbers:7:42:7:83 7:Numbers:7:84:7:89
2020-05-30	chul|shabbos|-|Shavuos2|afternoon	ALL	haftarah	-
2020-05-30	chul|shabbos|-|Shavuos2|afternoon	ALL	maftir	-
2020-05-30	chul|shabbos|-|Shavuos2|afternoon	ALL	torah	1:Numbers:4:21:4:24 2:Numbers:4:25:4:28 3:Numbers:4:29:4:37
2020-05-30	chul|shabbos|-|Shavuos2|morning	ALL	maftir	Numbers:28:26:28:31
2020-05-30	chul|shabbos|-|Shavuos2|morning	ALL	torah	1:Deuteronomy:14:22:14:29 2:Deuteronomy:15:1:15:18 3:Deuteronomy:15:19:15:23 4:Deuteronomy:16:1:16:3 5:Deuteronomy:16:4:16:8 6:Deuteronomy:16:9:16:12 7:Deuteronomy:16:13:16:17
2020-05-30	chul|shabbos|-|Shavuos2|morning	Agadir+Algeria+Algiers+Baladi+Bavlim+Chabad+Djerba+Fes+Italki+Libya+Magreb+Marrakesh+Morocco+Persia+PureSephardim+Sefard+Shami+Teiman+Toshbim	haftarah	Habakkuk:2:20:3:19
2020-05-30	chul|shabbos|-|Shavuos2|morning	Ashkenaz+ChayeyOdom+Frankfurt+Hagra+Lita+Poznan+Romania	haftarah	Habakkuk:3:1:3:19
2020-06-01	EY|Monday|Beha_aloscha|-|morning	ALL	haftarah	-
2020-06-01	EY|Monday|Beha_aloscha|-|morning	ALL	maftir	-
2020-06-01	EY|Monday|Beha_aloscha|-|morning	ALL	torah	1:Numbers:8:1:8:4 2:Numbers:8:5:8:9 3:Numbers:8:10:8:14
2020-06-01	chul|Monday|Nasso|-|morning	ALL	haftarah	-
2020-06-01	chul|Monday|Nasso|-|morning	ALL	maftir	-
2020-06-01	chul|Monday|Nasso|-|morning	ALL	torah	1:Numbers:4:21:4:24 2:Numbers:4:25:4:28 3:Numbers:4:29:4:37
2020-06-04	EY|Thursday|Beha_aloscha|-|morning	ALL	haftarah	-
2020-06-04	EY|Thursday|Beha_aloscha|-|morning	ALL	maftir	-
2020-06-04	EY|Thursday|Beha_aloscha|-|morning	ALL	torah	1:Numbers:8:1:8:4 2:Numbers:8:5:8:9 3:Numbers:8:10:8:14
2020-06-04	chul|Thursday|Nasso|-|morning	ALL	haftarah	-
2020-06-04	chul|Thursday|Nasso|-|morning	ALL	maftir	-
2020-06-04	chul|Thursday|Nasso|-|morning	ALL	torah	1:Numbers:4:21:4:24 2:Numbers:4:25:4:28 3:Numbers:4:29:4:37
2020-06-06	EY|shabbos|Beha_aloscha|-|afternoon	ALL	haftarah	-
2020-06-06	EY|shabbos|Beha_aloscha|-|afternoon	ALL	maftir	-
2020-06-06	EY|shabbos|Beha_aloscha|-|afternoon	ALL	torah	1:Numbers:13:1:13:3 2:Numbers:13:4:13:16 3:Numbers:13:17:13:20
2020-06-06	EY|shabbos|Beha_aloscha|-|morning	ALL	maftir	Numbers:12:14:12:16
2020-06-06	EY|shabbos|Beha_aloscha|-|morning	ALL	torah	1:Numbers:8:1:8:14 2:Numbers:8:15:8:26 3:Numbers:9:1:9:14 4:Numbers:9:15:10:10 5:Numbers:10:11:10:34 6:Numbers:10:35:11:29 7:Numbers:11:30:12:16
2020-06-06	EY|shabbos|Beha_aloscha|-|morning	Agadir+Algeria+Algiers+Ashkenaz+Bavlim+Chabad+ChayeyOdom+Djerba+Fes+Frankfurt+Hagra+Italki+Libya+Lita+Magreb+Marrakesh+Morocco+Persia+Poznan+PureSephardim+Romania+Sefard	haftarah	Zechariah:2:14:4:7
2020-06-06	EY|shabbos|Beha_aloscha|-|morning	Baladi+Shami+Teiman	haftarah	Zechariah:2:14:4:9
2020-06-06	EY|shabbos|Beha_aloscha|-|morning	Toshbim	haftarah	Zechariah:2:14:4:10
2020-06-06	chul|shabbos|Nasso|-|afternoon	ALL	haftarah	-
2020-06-06	chul|shabbos|Nasso|-|afternoon	ALL	maftir	-
2020-06-06	chul|shabbos|Nasso|-|afternoon	ALL	torah	1:Numbers:8:1:8:4 2:Numbers:8:5:8:9 3:Numbers:8:10:8:14
2020-06-06	chul|shabbos|Nasso|-|morning	ALL	maftir	Numbers:7:87:7:89
2020-06-06	chul|shabbos|Nasso|-|morning	Agadir+Algeria+Algiers+Ashkenaz+Baladi+Bavlim+ChayeyOdom+Djerba+Fes+Frankfurt+Hagra+Italki+Libya+Lita+Magreb+Marrakesh+Morocco+Persia+Poznan+PureSephardim+Romania+Sefard+Shami+Teiman+Toshbim	torah	1:Numbers:4:21:4:37 2:Numbers:4:38:4:49 3:Numbers:5:1:5:10 4:Numbers:5:11:6:27 5:Numbers:7:1:7:41 6:Numbers:7:42:7:71 7:Numbers:7:72:7:89
2020-06-06	chul|shabbos|Nasso|-|morning	Agadir+Algeria+Algiers+Ashkenaz+Bavlim+Chabad+ChayeyOdom+Djerba+Fes+Frankfurt+Hagra+Italki+Libya+Lita+Magreb+Marrakesh+Morocco+Persia+Poznan+PureSephardim+Romania+Sefard+Toshbim	haftarah	Judges:13:2:13:25
2020-06-06	chul|shabbos|Nasso|-|morning	Baladi+Shami+Teiman	haftarah	Judges:13:2:13:24
2020-06-06	chul|shabbos|Nasso|-|morning	Chabad	torah	1:Numbers:4:21:4:37 2:Numbers:4:38:4:49 3:Numbers:5:1:5:10 4:Numbers:5:11:6:27 5:Numbers:7:1:7:41 6:Numbers:7:42:7:83 7:Numbers:7:84:7:89
2020-06-08	EY|Monday|Shelach|-|morning	ALL	haftarah	-
2020-06-08	EY|Monday|Shelach|-|morning	ALL	maftir	-
2020-06-08	EY|Monday|Shelach|-|morning	ALL	torah	1:Numbers:13:1:13:3 2:Numbers:13:4:13:16 3:Numbers:13:17:13:20
2020-06-08	chul|Monday|Beha_aloscha|-|morning	ALL	haftarah	-
2020-06-08	chul|Monday|Beha_aloscha|-|morning	ALL	maftir	-
2020-06-08	chul|Monday|Beha_aloscha|-|morning	ALL	torah	1:Numbers:8:1:8:4 2:Numbers:8:5:8:9 3:Numbers:8:10:8:14
2020-06-11	EY|Thursday|Shelach|-|morning	ALL	haftarah	-
2020-06-11	EY|Thursday|Shelach|-|morning	ALL	maftir	-
2020-06-11	EY|Thursday|Shelach|-|morning	ALL	torah	1:Numbers:13:1:13:3 2:Numbers:13:4:13:16 3:Numbers:13:17:13:20
2020-06-11	chul|Thursday|Beha_aloscha|-|morning	ALL	haftarah	-
2020-06-11	chul|Thursday|Beha_aloscha|-|morning	ALL	maftir	-
2020-06-11	chul|Thursday|Beha_aloscha|-|morning	ALL	torah	1:Numbers:8:1:8:4 2:Numbers:8:5:8:9 3:Numbers:8:10:8:14
2020-06-13	EY|shabbos|Shelach|-|afternoon	ALL	haftarah	-
2020-06-13	EY|shabbos|Shelach|-|afternoon	ALL	maftir	-
2020-06-13	EY|shabbos|Shelach|-|afternoon	ALL	torah	1:Numbers:16:1:16:3 2:Numbers:16:4:16:7 3:Numbers:16:8:16:13
2020-06-13	EY|shabbos|Shelach|-|morning	ALL	haftarah	Joshua:2:1:2:24
2020-06-13	EY|shabbos|Shelach|-|morning	ALL	maftir	Numbers:15:37:15:41
2020-06-13	EY|shabbos|Shelach|-|morning	ALL	torah	1:Numbers:13:1:13:20 2:Numbers:13:21:14:7 3:Numbers:14:8:14:25 4:Numbers:14:26:15:7 5:Numbers:15:8:15:16 6:Numbers:15:17:15:26 7:Numbers:15:27:15:41
2020-06-13	chul|shabbos|Beha_aloscha|-|afternoon	ALL	haftarah	-
2020-06-13	chul|shabbos|Beha_aloscha|-|afternoon	ALL	maftir	-
2020-06-13	chul|shabbos|Beha_aloscha|-|afternoon	ALL	torah	1:Numbers:13:1:13:3 2:Numbers:13:4:13:16 3:Numbers:13:17:13:20
2020-06-13	chul|shabbos|Beha_aloscha|-|morning	ALL	maftir	Numbers:12:14:12:16
2020-06-13	chul|shabbos|Beha_aloscha|-|morning	ALL	torah	1:Numbers:8:1:8:14 2:Numbers:8:15:8:26 3:Numbers:9:1:9:14 4:Numbers:9:15:10:10 5:Numbers:10:11:10:34 6:Numbers:10:35:11:29 7:Numbers:11:30:12:16
2020-06-13	chul|shabbos|Beha_aloscha|-|morning	Agadir+Algeria+Algiers+Ashkenaz+Bavlim+Chabad+ChayeyOdom+Djerba+Fes+Frankfurt+Hagra+Italki+Libya+Lita+Magreb+Marrakesh+Morocco+Persia+Poznan+PureSephardim+Romania+Sefard	haftarah	Zechariah:2:14:4:7
2020-06-13	chul|shabbos|Beha_aloscha|-|morning	Baladi+Shami+Teiman	haftarah	Zechariah:2:14:4:9
2020-06-13	chul|shabbos|Beha_aloscha|-|morning	Toshbim	haftarah	Zechariah:2:14:4:10
2020-06-15	EY|Monday|Korach|-|morning	ALL	haftarah	-
2020-06-15	EY|Monday|Korach|-|morning	ALL	maftir	-
2020-06-15	EY|Monday|Korach|-|morning	ALL	torah	1:Numbers:16:1:16:3 2:Numbers:16:4:16:7 3:Numbers:16:8:16:13
2020-06-15	chul|Monday|Shelach|-|morning	ALL	haftarah	-
2020-06-15	chul|Monday|Shelach|-|morning	ALL	maftir	-
2020-06-15	chul|Monday|Shelach|-|morning	ALL	torah	1:Numbers:13:1:13:3 2:Numbers:13:4:13:16 3:Numbers:13:17:13:20
2020-06-18	EY|Thursday|Korach|-|morning	ALL	haftarah	-
2020-06-18	EY|Thursday|Korach|-|morning	ALL	maftir	-
2020-06-18	EY|Thursday|Korach|-|morning	ALL	torah	1:Numbers:16:1:16:3 2:Numbers:16:4:16:7 3:Numbers:16:8:16:13
2020-06-18	chul|Thursday|Shelach|-|morning	ALL	haftarah	-
2020-06-18	chul|Thursday|Shelach|-|morning	ALL	maftir	-
2020-06-18	chul|Thursday|Shelach|-|morning	ALL	torah	1:Numbers:13:1:13:3 2:Numbers:13:4:13:16 3:Numbers:13:17:13:20
2020-06-20	EY|shabbos|Korach|-|afternoon	ALL	haftarah	-
2020-06-20	EY|shabbos|Korach|-|afternoon	ALL	maftir	-
2020-06-20	EY|shabbos|Korach|-|afternoon	ALL	torah	1:Numbers:19:1:19:6 2:Numbers:19:7:19:9 3:Numbers:19:10:19:17
2020-06-20	EY|shabbos|Korach|-|morning	ALL	haftarah	SamuelI:11:14:12:22
2020-06-20	EY|shabbos|Korach|-|morning	ALL	maftir	Numbers:18:30:18:32
2020-06-20	EY|shabbos|Korach|-|morning	ALL	torah	1:Numbers:16:1:16:13 2:Numbers:16:14:16:19 3:Numbers:16:20:17:8 4:Numbers:17:9:17:15 5:Numbers:17:16:17:24 6:Numbers:17:25:18:20 7:Numbers:18:21:18:32
2020-06-20	chul|shabbos|Shelach|-|afternoon	ALL	haftarah	-
2020-06-20	chul|shabbos|Shelach|-|afternoon	ALL	maftir	-
2020-06-20	chul|shabbos|Shelach|-|afternoon	ALL	torah	1:Numbers:16:1:16:3 2:Numbers:16:4:16:7 3:Numbers:16:8:16:13
2020-06-20	chul|shabbos|Shelach|-|morning	ALL	haftarah	Joshua:2:1:2:24
2020-06-20	chul|shabbos|Shelach|-|morning	ALL	maftir	Numbers:15:37:15:41
2020-06-20	chul|shabbos|Shelach|-|morning	ALL	torah	1:Numbers:13:1:13:20 2:Numbers:13:21:14:7 3:Numbers:14:8:14:25 4:Numbers:14:26:15:7 5:Numbers:15:8:15:16 6:Numbers:15:17:15:26 7:Numbers:15:27:15:41
2020-06-22	EY|Monday|Chukas|ErevRoshChodesh+RoshChodesh|morning	ALL	haftarah	-
2020-06-22	EY|Monday|Chukas|ErevRoshChodesh+RoshChodesh|morning	ALL	maftir	-
2020-06-22	EY|Monday|Chukas|ErevRoshChodesh+RoshChodesh|morning	Agadir+Algeria+Algiers+Ashkenaz+Baladi+Bavlim+Chabad+ChayeyOdom+Djerba+Fes+Frankfurt+Italki+Libya+Lita+Magreb+Marrakesh+Morocco+Persia+Poznan+PureSephardim+Romania+Sefard+Shami+Teiman+Toshbim	torah	1:Numbers:28:1:28:3 2:Numbers:28:3:28:5 3:Numbers:28:6:28:10 4:Numbers:28:11:28:15
2020-06-22	EY|Monday|Chukas|ErevRoshChodesh+RoshChodesh|morning	Hagra	torah	1:Numbers:28:1:28:3 2:Numbers:28:4:28:8 3:Numbers:28:6:28:10 4:Numbers:28:11:28:15
2020-06-22	chul|Monday|Korach|ErevRoshChodesh+RoshChodesh|morning	ALL	haftarah	-
2020-06-22	chul|Monday|Korach|ErevRoshChodesh+RoshChodesh|morning	ALL	maftir	-
2020-06-22	chul|Monday|Korach|ErevRoshChodesh+RoshChodesh|morning	Agadir+Algeria+Algiers+Ashkenaz+Baladi+Bavlim+Chabad+ChayeyOdom+Djerba+Fes+Frankfurt+Italki+Libya+Lita+Magreb+Marrakesh+Morocco+Persia+Poznan+PureSephardim+Romania+Sefard+Shami+Teiman+Toshbim	torah	1:Numbers:28:1:28:3 2:Numbers:28:3:28:5 3:Numbers:28:6:28:10 4:Numbers:28:11:28:15
2020-06-22	chul|Monday|Korach|ErevRoshChodesh+RoshChodesh|morning	Hagra	torah	1:Numbers:28:1:28:3 2:Numbers:28:4:28:8 3:Numbers:28:6:28:10 4:Numbers:28:11:28:15
2020-06-23	EY|Tuesday|Chukas|RoshChodesh|morning	ALL	haftarah	-
2020-06-23	EY|Tuesday|Chukas|RoshChodesh|morning	ALL	maftir	-
2020-06-23	EY|Tuesday|Chukas|RoshChodesh|morning	Agadir+Algeria+Algiers+Ashkenaz+Baladi+Bavlim+Chabad+ChayeyOdom+Djerba+Fes+Frankfurt+Italki+Libya+Lita+Magreb+Marrakesh+Morocco+Persia+Poznan+PureSephardim+Romania+Sefard+Shami+Teiman+Toshbim	torah	1:Numbers:28:1:28:3 2:Numbers:28:3:28:5 3:Numbers:28:6:28:10 4:Numbers:28:11:28:15
2020-06-23	EY|Tuesday|Chukas|RoshChodesh|morning	Hagra	torah	1:Numbers:28:1:28:3 2:Numbers:28:4:28:8 3:Numbers:28:6:28:10 4:Numbers:28:11:28:15
2020-06-23	chul|Tuesday|Korach|RoshChodesh|morning	ALL	haftarah	-
2020-06-23	chul|Tuesday|Korach|RoshChodesh|morning	ALL	maftir	-
2020-06-23	chul|Tuesday|Korach|RoshChodesh|morning	Agadir+Algeria+Algiers+Ashkenaz+Baladi+Bavlim+Chabad+ChayeyOdom+Djerba+Fes+Frankfurt+Italki+Libya+Lita+Magreb+Marrakesh+Morocco+Persia+Poznan+PureSephardim+Romania+Sefard+Shami+Teiman+Toshbim	torah	1:Numbers:28:1:28:3 2:Numbers:28:3:28:5 3:Numbers:28:6:28:10 4:Numbers:28:11:28:15
2020-06-23	chul|Tuesday|Korach|RoshChodesh|morning	Hagra	torah	1:Numbers:28:1:28:3 2:Numbers:28:4:28:8 3:Numbers:28:6:28:10 4:Numbers:28:11:28:15
2020-06-25	EY|Thursday|Chukas|-|morning	ALL	haftarah	-
2020-06-25	EY|Thursday|Chukas|-|morning	ALL	maftir	-
2020-06-25	EY|Thursday|Chukas|-|morning	ALL	torah	1:Numbers:19:1:19:6 2:Numbers:19:7:19:9 3:Numbers:19:10:19:17
2020-06-25	chul|Thursday|Korach|-|morning	ALL	haftarah	-
2020-06-25	chul|Thursday|Korach|-|morning	ALL	maftir	-
2020-06-25	chul|Thursday|Korach|-|morning	ALL	torah	1:Numbers:16:1:16:3 2:Numbers:16:4:16:7 3:Numbers:16:8:16:13
2020-06-27	EY|shabbos|Chukas|-|afternoon	ALL	haftarah	-
2020-06-27	EY|shabbos|Chukas|-|afternoon	ALL	maftir	-
2020-06-27	EY|shabbos|Chukas|-|afternoon	ALL	torah	1:Numbers:22:2:22:4 2:Numbers:22:5:22:7 3:Numbers:22:8:22:12
2020-06-27	EY|shabbos|Chukas|-|morning	ALL	maftir	Numbers:21:34:22:1
2020-06-27	EY|shabbos|Chukas|-|morning	ALL	torah	1:Numbers:19:1:19:17 2:Numbers:19:18:20:6 3:Numbers:20:7:20:13 4:Numbers:20:14:20:21 5:Numbers:20:22:21:9 6:Numbers:21:10:21:20 7:Numbers:21:21:22:1
2020-06-27	EY|shabbos|Chukas|-|morning	Agadir+Algeria+Algiers+Ashkenaz+Bavlim+Chabad+ChayeyOdom+Djerba+Fes+Frankfurt+Hagra+Italki+Libya+Lita+Magreb+Marrakesh+Morocco+Persia+PureSephardim+Romania+Sefard+Toshbim	haftarah	Judges:11:1:11:33
2020-06-27	EY|shabbos|Chukas|-|morning	Baladi+Shami+Teiman	haftarah	Judges:11:1:11:40
2020-06-27	EY|shabbos|Chukas|-|morning	Poznan	haftarah	Judges:11:1:11:24
2020-06-27	chul|shabbos|Korach|-|afternoon	ALL	haftarah	-
2020-06-27	chul|shabbos|Korach|-|afternoon	ALL	maftir	-
2020-06-27	chul|shabbos|Korach|-|afternoon	ALL	torah	1:Numbers:19:1:19:6 2:Numbers:19:7:19:9 3:Numbers:19:10:19:17
2020-06-27	chul|shabbos|Korach|-|morning	ALL	haftarah	SamuelI:11:14:12:22
2020-06-27	chul|shabbos|Korach|-|morning	ALL	maftir	Numbers:18:30:18:32
2020-06-27	chul|shabbos|Korach|-|morning	ALL	torah	1:Numbers:16:1:16:13 2:Numbers:16:14:16:19 3:Numbers:16:20:17:8 4:Numbers:17:9:17:15 5:Numbers:17:16:17:24 6:Numbers:17:25:18:20 7:Numbers:18:21:18:32
2020-06-29	EY|Monday|Balak|-|morning	ALL	haftarah	-
2020-06-29	EY|Monday|Balak|-|morning	ALL	maftir	-
2020-06-29	EY|Monday|Balak|-|morning	ALL	torah	1:Numbers:22:2:22:4 2:Numbers:22:5:22:7 3:Numbers:22:8:22:12
2020-06-29	chul|Monday|Chukas-Balak|-|morning	ALL	haftarah	-
2020-06-29	chul|Monday|Chukas-Balak|-|morning	ALL	maftir	-
2020-06-29	chul|Monday|Chukas-Balak|-|morning	ALL	torah	1:Numbers:19:1:19:6 2:Numbers:19:7:19:9 3:Numbers:19:10:19:17
2020-07-02	EY|Thursday|Balak|-|morning	ALL	haftarah	-
2020-07-02	EY|Thursday|Balak|-|morning	ALL	maftir	-
2020-07-02	EY|Thursday|Balak|-|morning	ALL	torah	1:Numbers:22:2:22:4 2:Numbers:22:5:22:7 3:Numbers:22:8:22:12
2020-07-02	chul|Thursday|Chukas-Balak|-|morning	ALL	haftarah	-
2020-07-02	chul|Thursday|Chukas-Balak|-|morning	ALL	maftir	-
2020-07-02	chul|Thursday|Chukas-Balak|-|morning	ALL	torah	1:Numbers:19:1:19:6 2:Numbers:19:7:19:9 3:Numbers:19:10:19:17
2020-07-04	EY|shabbos|Balak|-|afternoon	ALL	haftarah	-
2020-07-04	EY|shabbos|Balak|-|afternoon	ALL	maftir	-
2020-07-04	EY|shabbos|Balak|-|afternoon	ALL	torah	1:Numbers:25:10:25:12 2:Numbers:25:13:25:15 3:Numbers:25:16:26:4
2020-07-04	EY|shabbos|Balak|-|morning	ALL	haftarah	Micah:5:6:6:8
2020-07-04	EY|shabbos|Balak|-|morning	ALL	maftir	Numbers:25:7:25:9
2020-07-04	EY|shabbos|Balak|-|morning	ALL	torah	1:Numbers:22:2:22:12 2:Numbers:22:13:22:20 3:Numbers:22:21:22:38 4:Numbers:22:39:23:12 5:Numbers:23:13:23:26 6:Numbers:23:27:24:13 7:Numbers:24:14:25:9
2020-07-04	chul|shabbos|Chukas-Balak|-|afternoon	ALL	haftarah	-
2020-07-04	chul|shabbos|Chukas-Balak|-|afternoon	ALL	maftir	-
2020-07-04	chul|shabbos|Chukas-Balak|-|afternoon	ALL	torah	1:Numbers:25:10:25:12 2:Numbers:25:13:25:15 3:Numbers:25:16:26:4
2020-07-04	chul|shabbos|Chukas-Balak|-|morning	ALL	haftarah	Micah:5:6:6:8
2020-07-04	chul|shabbos|Chukas-Balak|-|morning	ALL	maftir	Numbers:25:7:25:9
2020-07-04	chul|shabbos|Chukas-Balak|-|morning	ALL	torah	1:Numbers:19:1:20:6 2:Numbers:20:7:20:21 3:Numbers:20:22:21:20 4:Numbers:21:21:22:12 5:Numbers:22:13:22:38 6:Numbers:22:39:23:26 7:Numbers:23:27:25:9
2020-07-06	EY|Monday|Pinchas|-|morning	ALL	haftarah	-
2020-07-06	EY|Monday|Pinchas|-|morning	ALL	maftir	-
2020-07-06	EY|Monday|Pinchas|-|morning	ALL	torah	1:Numbers:25:10:25:12 2:Numbers:25:13:25:15 3:Numbers:25:16:26:4
2020-07-06	chul|Monday|Pinchas|-|morning	ALL	haftarah	-
2020-07-06	chul|Monday|Pinchas|-|morning	ALL	maftir	-
2020-07-06	chul|Monday|Pinchas|-|morning	ALL	torah	1:Numbers:25:10:25:12 2:Numbers:25:13:25:15 3:Numbers:25:16:26:4
2020-07-09	EY|Thursday|Pinchas|FastOfTammuz|afternoon	ALL	maftir	-
2020-07-09	EY|Thursday|Pinchas|FastOfTammuz|afternoon	ALL	torah	1:Exodus:32:11:32:14 2:Exodus:34:1:34:3 3:Exodus:34:4:34:10
2020-07-09	EY|Thursday|Pinchas|FastOfTammuz|afternoon	Agadir+Baladi+Bavlim+Djerba+Fes+Libya+Magreb+Morocco+Persia+PureSephardim+Sefard+Shami+Teiman+Toshbim	haftarah	-
2020-07-09	EY|Thursday|Pinchas|FastOfTammuz|afternoon	Algeria+Marrakesh	haftarah	Hosea:14:2:14:10 Micah:7:18:7:20
2020-07-09	EY|Thursday|Pinchas|FastOfTammuz|afternoon	Algiers+Ashkenaz+Chabad+ChayeyOdom+Frankfurt+Hagra+Italki+Lita+Poznan+Romania	haftarah	Isaiah:55:6:56:8
2020-07-09	EY|Thursday|Pinchas|FastOfTammuz|morning	ALL	haftarah	-
2020-07-09	EY|Thursday|Pinchas|FastOfTammuz|morning	ALL	maftir	-
2020-07-09	EY|Thursday|Pinchas|FastOfTammuz|morning	ALL	torah	1:Exodus:32:11:32:14 2:Exodus:34:1:34:3 3:Exodus:34:4:34:10
2020-07-09	chul|Thursday|Pinchas|FastOfTammuz|afternoon	ALL	maftir	-
2020-07-09	chul|Thursday|Pinchas|FastOfTammuz|afternoon	ALL	torah	1:Exodus:32:11:32:14 2:Exodus:34:1:34:3 3:Exodus:34:4:34:10
2020-07-09	chul|Thursday|Pinchas|FastOfTammuz|afternoon	Agadir+Baladi+Bavlim+Djerba+Fes+Libya+Magreb+Morocco+Persia+PureSephardim+Sefard+Shami+Teiman+Toshbim	haftarah	-
2020-07-09	chul|Thursday|Pinchas|FastOfTammuz|afternoon	Algeria+Marrakesh	haftarah	Hosea:14:2:14:10 Micah:7:18:7:20
2020-07-09	chul|Thursday|Pinchas|FastOfTammuz|afternoon	Algiers+Ashkenaz+Chabad+ChayeyOdom+Frankfurt+Hagra+Italki+Lita+Poznan+Romania	haftarah	Isaiah:55:6:56:8
2020-07-09	chul|Thursday|Pinchas|FastOfTammuz|morning	ALL	haftarah	-
2020-07-09	chul|Thursday|Pinchas|FastOfTammuz|morning	ALL	maftir	-
2020-07-09	chul|Thursday|Pinchas|FastOfTammuz|morning	ALL	torah	1:Exodus:32:11:32:14 2:Exodus:34:1:34:3 3:Exodus:34:4:34:10
2020-07-11	EY|shabbos|Pinchas|-|afternoon	ALL	haftarah	-
2020-07-11	EY|shabbos|Pinchas|-|afternoon	ALL	maftir	-
2020-07-11	EY|shabbos|Pinchas|-|afternoon	ALL	torah	1:Numbers:30:2:30:9 2:Numbers:30:10:30:13 3:Numbers:30:14:30:17
2020-07-11	EY|shabbos|Pinchas|-|morning	ALL	maftir	Numbers:29:35:30:1
2020-07-11	EY|shabbos|Pinchas|-|morning	ALL	torah	1:Numbers:25:10:26:4 2:Numbers:26:5:26:51 3:Numbers:26:52:27:5 4:Numbers:27:6:27:23 5:Numbers:28:1:28:15 6:Numbers:28:16:29:11 7:Numbers:29:12:30:1
2020-07-11	EY|shabbos|Pinchas|-|morning	Agadir+Algeria+Algiers+Ashkenaz+Bavlim+Chabad+ChayeyOdom+Djerba+Fes+Frankfurt+Hagra+Libya+Lita+Magreb+Marrakesh+Morocco+Persia+Poznan+PureSephardim+Romania+Sefard+Toshbim	haftarah	Jeremiah:1:1:2:3
2020-07-11	EY|shabbos|Pinchas|-|morning	Baladi+Shami+Teiman	haftarah	Jeremiah:1:1:1:19
2020-07-11	EY|shabbos|Pinchas|-|morning	Italki	haftarah	Joshua:13:15:13:33
2020-07-11	chul|shabbos|Pinchas|-|afternoon	ALL	haftarah	-
2020-07-11	chul|shabbos|Pinchas|-|afternoon	ALL	maftir	-
2020-07-11	chul|shabbos|Pinchas|-|afternoon	ALL	torah	1:Numbers:30:2:30:9 2:Numbers:30:10:30:13 3:Numbers:30:14:30:17
2020-07-11	chul|shabbos|Pinchas|-|morning	ALL	maftir	Numbers:29:35:30:1
2020-07-11	chul|shabbos|Pinchas|-|morning	ALL	torah	1:Numbers:25:10:26:4 2:Numbers:26:5:26:51 3:Numbers:26:52:27:5 4:Numbers:27:6:27:23 5:Numbers:28:1:28:15 6:Numbers:28:16:29:11 7:Numbers:29:12:30:1
2020-07-11	chul|shabbos|Pinchas|-|morning	Agadir+Algeria+Algiers+Ashkenaz+Bavlim+Chabad+ChayeyOdom+Djerba+Fes+Frankfurt+Hagra+Libya+Lita+Magreb+Marrakesh+Morocco+Persia+Poznan+PureSephardim+Romania+Sefard+Toshbim	haftarah	Jeremiah:1:1:2:3
2020-07-11	chul|shabbos|Pinchas|-|morning	Baladi+Shami+Teiman	haftarah	Jeremiah:1:1:1:19
2020-07-11	chul|shabbos|Pinchas|-|morning	Italki	haftarah	Joshua:13:15:13:33
2020-07-13	EY|Monday|Mattos-Masei|-|morning	ALL	haftarah	-
2020-07-13	EY|Monday|Mattos-Masei|-|morning	ALL	maftir	-
2020-07-13	EY|Monday|Mattos-Masei|-|morning	ALL	torah	1:Numbers:30:2:30:9 2:Numbers:30:10:30:13 3:Numbers:30:14:30:17
2020-07-13	chul|Monday|Mattos-Masei|-|morning	ALL	haftarah	-
2020-07-13	chul|Monday|Mattos-Masei|-|morning	ALL	maftir	-
2020-07-13	chul|Monday|Mattos-Masei|-|morning	ALL	torah	1:Numbers:30:2:30:9 2:Numbers:30:10:30:13 3:Numbers:30:14:30:17
2020-07-16	EY|Thursday|Mattos-Masei|-|morning	ALL	haftarah	-
2020-07-16	EY|Thursday|Mattos-Masei|-|morning	ALL	maftir	-
2020-07-16	EY|Thursday|Mattos-Masei|-|morning	ALL	torah	1:Numbers:30:2:30:9 2:Numbers:30:10:30:13 3:Numbers:30:14:30:17
2020-07-16	chul|Thursday|Mattos-Masei|-|morning	ALL	haftarah	-
2020-07-16	chul|Thursday|Mattos-Masei|-|morning	ALL	maftir	-
2020-07-16	chul|Thursday|Mattos-Masei|-|morning	ALL	torah	1:Numbers:30:2:30:9 2:Numbers:30:10:30:13 3:Numbers:30:14:30:17
2020-07-18	EY|shabbos|Mattos-Masei|-|afternoon	ALL	haftarah	-
2020-07-18	EY|shabbos|Mattos-Masei|-|afternoon	ALL	maftir	-
2020-07-18	EY|shabbos|Mattos-Masei|-|afternoon	ALL	torah	1:Deuteronomy:1:1:1:3 2:Deuteronomy:1:4:1:7 3:Deuteronomy:1:8:1:10
2020-07-18	EY|shabbos|Mattos-Masei|-|morning	ALL	maftir	Numbers:36:11:36:13
2020-07-18	EY|shabbos|Mattos-Masei|-|morning	Agadir+Algeria+Algiers+Baladi+Bavlim+Chabad+Djerba+Fes+Libya+Magreb+Marrakesh+Morocco+Persia+PureSephardim+Romania+Sefard+Shami+Teiman+Toshbim	torah	1:Numbers:30:2:31:12 2:Numbers:31:13:31:54 3:Numbers:32:1:32:19 4:Numbers:32:20:33:49 5:Numbers:33:50:34:15 6:Numbers:34:16:35:8 7:Numbers:35:9:36:13
2020-07-18	EY|shabbos|Mattos-Masei|-|morning	Agadir+Algeria+Algiers+Bavlim+Chabad+Djerba+Fes+Libya+Magreb+Marrakesh+Morocco+Persia+PureSephardim+Romania+Sefard+Shami+Toshbim	haftarah	Jeremiah:2:4:2:28 Jeremiah:4:1:4:2
2020-07-18	EY|shabbos|Mattos-Masei|-|morning	Ashkenaz+ChayeyOdom+Frankfurt+Hagra+Italki+Lita+Poznan	torah	1:Numbers:30:2:31:12 2:Numbers:31:13:31:54 3:Numbers:32:1:32:19 4:Numbers:32:20:33:10 5:Numbers:33:11:34:15 6:Numbers:34:16:35:8 7:Numbers:35:9:36:13
2020-07-18	EY|shabbos|Mattos-Masei|-|morning	Ashkenaz+ChayeyOdom+Frankfurt+Hagra+Lita+Poznan	haftarah	Jeremiah:2:4:2:28 Jeremiah:3:4:3:4
2020-07-18	EY|shabbos|Mattos-Masei|-|morning	Baladi+Teiman	haftarah	Isaiah:1:1:1:20
2020-07-18	EY|shabbos|Mattos-Masei|-|morning	Italki	haftarah	Joshua:19:21:21:3
2020-07-18	chul|shabbos|Mattos-Masei|-|afternoon	ALL	haftarah	-
2020-07-18	chul|shabbos|Mattos-Masei|-|afternoon	ALL	maftir	-
2020-07-18	chul|shabbos|Mattos-Masei|-|afternoon	ALL	torah	1:Deuteronomy:1:1:1:3 2:Deuteronomy:1:4:1:7 3:Deuteronomy:1:8:1:10
2020-07-18	chul|shabbos|Mattos-Masei|-|morning	ALL	maftir	Numbers:36:11:36:13
2020-07-18	chul|shabbos|Mattos-Masei|-|morning	Agadir+Algeria+Algiers+Baladi+Bavlim+Chabad+Djerba+Fes+Libya+Magreb+Marrakesh+Morocco+Persia+PureSephardim+Romania+Sefard+Shami+Teiman+Toshbim	torah	1:Numbers:30:2:31:12 2:Numbers:31:13:31:54 3:Numbers:32:1:32:19 4:Numbers:32:20:33:49 5:Numbers:33:50:34:15 6:Numbers:34:16:35:8 7:Numbers:35:9:36:13
2020-07-18	chul|shabbos|Mattos-Masei|-|morning	Agadir+Algeria+Algiers+Bavlim+Chabad+Djerba+Fes+Libya+Magreb+Marrakesh+Morocco+Persia+PureSephardim+Romania+Sefard+Shami+Toshbim	haftarah	Jeremiah:2:4:2:28 Jeremiah:4:1:4:2
2020-07-18	chul|shabbos|Mattos-Masei|-|morning	Ashkenaz+ChayeyOdom+Frankfurt+Hagra+Italki+Lita+Poznan	torah	1:Numbers:30:2:31:12 2:Numbers:31:13:31:54 3:Numbers:32:1:32:19 4:Numbers:32:20:33:10 5:Numbers:33:11:34:15 6:Numbers:34:16:35:8 7:Numbers:35:9:36:13
2020-07-18	chul|shabbos|Mattos-Masei|-|morning	Ashkenaz+ChayeyOdom+Frankfurt+Hagra+Lita+Poznan	haftarah	Jeremiah:2:4:2:28 Jeremiah:3:4:3:4
2020-07-18	chul|shabbos|Mattos-Masei|-|morning	Baladi+Teiman	haftarah	Isaiah:1:1:1:20
2020-07-18	chul|shabbos|Mattos-Masei|-|morning	Italki	haftarah	Joshua:19:21:21:3
2020-07-20	EY|Monday|Devarim|-|morning	ALL	haftarah	-
2020-07-20	EY|Monday|Devarim|-|morning	ALL	maftir	-
2020-07-20	EY|Monday|Devarim|-|morning	ALL	torah	1:Deuteronomy:1:1:1:3 2:Deuteronomy:1:4:1:7 3:Deuteronomy:1:8:1:10
2020-07-20	chul|Monday|Devarim|-|morning	ALL	haftarah	-
2020-07-20	chul|Monday|Devarim|-|morning	ALL	maftir	-
2020-07-20	chul|Monday|Devarim|-|morning	ALL	torah	1:Deuteronomy:1:1:1:3 2:Deuteronomy:1:4:1:7 3:Deuteronomy:1:8:1:10
2020-07-22	EY|Wednesday|Devarim|RoshChodesh|morning	ALL	haftarah	-
2020-07-22	EY|Wednesday|Devarim|RoshChodesh|morning	ALL	maftir	-
2020-07-22	EY|Wednesday|Devarim|RoshChodesh|morning	Agadir+Algeria+Algiers+Ashkenaz+Baladi+Bavlim+Chabad+ChayeyOdom+Djerba+Fes+Frankfurt+Italki+Libya+Lita+Magreb+Marrakesh+Morocco+Persia+Poznan+PureSephardim+Romania+Sefard+Shami+Teiman+Toshbim	torah	1:Numbers:28:1:28:3 2:Numbers:28:3:28:5 3:Numbers:28:6:28:10 4:Numbers:28:11:28:15
2020-07-22	EY|Wednesday|Devarim|RoshChodesh|morning	Hagra	torah	1:Numbers:28:1:28:3 2:Numbers:28:4:28:8 3:Numbers:28:6:28:10 4:Numbers:28:11:28:15
2020-07-22	chul|Wednesday|Devarim|RoshChodesh|morning	ALL	haftarah	-
2020-07-22	chul|Wednesday|Devarim|RoshChodesh|morning	ALL	maftir	-
2020-07-22	chul|Wednesday|Devarim|RoshChodesh|morning	Agadir+Algeria+Algiers+Ashkenaz+Baladi+Bavlim+Chabad+ChayeyOdom+Djerba+Fes+Frankfurt+Italki+Libya+Lita+Magreb+Marrakesh+Morocco+Persia+Poznan+PureSephardim+Romania+Sefard+Shami+Teiman+Toshbim	torah	1:Numbers:28:1:28:3 2:Numbers:28:3:28:5 3:Numbers:28:6:28:10 4:Numbers:28:11:28:15
2020-07-22	chul|Wednesday|Devarim|RoshChodesh|morning	Hagra	torah	1:Numbers:28:1:28:3 2:Numbers:28:4:28:8 3:Numbers:28:6:28:10 4:Numbers:28:11:28:15
2020-07-23	EY|Thursday|Devarim|-|morning	ALL	haftarah	-
2020-07-23	EY|Thursday|Devarim|-|morning	ALL	maftir	-
2020-07-23	EY|Thursday|Devarim|-|morning	ALL	torah	1:Deuteronomy:1:1:1:3 2:Deuteronomy:1:4:1:7 3:Deuteronomy:1:8:1:10
2020-07-23	chul|Thursday|Devarim|-|morning	ALL	haftarah	-
2020-07-23	chul|Thursday|Devarim|-|morning	ALL	maftir	-
2020-07-23	chul|Thursday|Devarim|-|morning	ALL	torah	1:Deuteronomy:1:1:1:3 2:Deuteronomy:1:4:1:7 3:Deuteronomy:1:8:1:10
2020-07-25	EY|shabbos|Devarim|-|afternoon	ALL	haftarah	-
2020-07-25	EY|shabbos|Devarim|-|afternoon	ALL	maftir	-
2020-07-25	EY|shabbos|Devarim|-|afternoon	ALL	torah	1:Deuteronomy:3:23:3:25 2:Deuteronomy:3:26:4:4 3:Deuteronomy:4:5:4:8
2020-07-25	EY|shabbos|Devarim|-|morning	ALL	maftir	Deuteronomy:3:20:3:22
2020-07-25	EY|shabbos|Devarim|-|morning	Agadir+Algeria+Algiers+Ashkenaz+Baladi+Bavlim+ChayeyOdom+Djerba+Fes+Frankfurt+Hagra+Italki+Libya+Lita+Magreb+Marrakesh+Morocco+Persia+Poznan+PureSephardim+Romania+Sefard+Shami+Teiman+Toshbim	torah	1:Deuteronomy:1:1:1:10 2:Deuteronomy:1:11:1:21 3:Deuteronomy:1:22:1:38 4:Deuteronomy:1:39:2:1 5:Deuteronomy:2:2:2:30 6:Deuteronomy:2:31:3:14 7:Deuteronomy:3:15:3:22
2020-07-25	EY|shabbos|Devarim|-|morning	Agadir+Algeria+Algiers+Ashkenaz+Bavlim+Chabad+ChayeyOdom+Djerba+Fes+Frankfurt+Hagra+Italki+Libya+Lita+Magreb+Marrakesh+Morocco+Persia+Poznan+PureSephardim+Romania+Sefard+Toshbim	haftarah	Isaiah:1:1:1:27
2020-07-25	EY|shabbos|Devarim|-|morning	Baladi+Shami+Teiman	haftarah	Isaiah:1:21:1:31
2020-07-25	EY|shabbos|Devarim|-|morning	Chabad	torah	1:Deuteronomy:1:1:1:11 2:Deuteronomy:1:12:1:21 3:Deuteronomy:1:22:1:38 4:Deuteronomy:1:39:2:1 5:Deuteronomy:2:2:2:30 6:Deuteronomy:2:31:3:14 7:Deuteronomy:3:15:3:22
2020-07-25	chul|shabbos|Devarim|-|afternoon	ALL	haftarah	-
2020-07-25	chul|shabbos|Devarim|-|afternoon	ALL	maftir	-
2020-07-25	chul|shabbos|Devarim|-|afternoon	ALL	torah	1:Deuteronomy:3:23:3:25 2:Deuteronomy:3:26:4:4 3:Deuteronomy:4:5:4:8
2020-07-25	chul|shabbos|Devarim|-|morning	ALL	maftir	Deuteronomy:3:20:3:22
2020-07-25	chul|shabbos|Devarim|-|morning	Agadir+Algeria+Algiers+Ashkenaz+Baladi+Bavlim+ChayeyOdom+Djerba+Fes+Frankfurt+Hagra+Italki+Libya+Lita+Magreb+Marrakesh+Morocco+Persia+Poznan+PureSephardim+Romania+Sefard+Shami+Teiman+Toshbim	torah	1:Deuteronomy:1:1:1:10 2:Deuteronomy:1:11:1:21 3:Deuteronomy:1:22:1:38 4:Deuteronomy:1:39:2:1 5:Deuteronomy:2:2:2:30 6:Deuteronomy:2:31:3:14 7:Deuteronomy:3:15:3:22
2020-07-25	chul|shabbos|Devarim|-|morning	Agadir+Algeria+Algiers+Ashkenaz+Bavlim+Chabad+ChayeyOdom+Djerba+Fes+Frankfurt+Hagra+Italki+Libya+Lita+Magreb+Marrakesh+Morocco+Persia+Poznan+PureSephardim+Romania+Sefard+Toshbim	haftarah	Isaiah:1:1:1:27
2020-07-25	chul|shabbos|Devarim|-|morning	Baladi+Shami+Teiman	haftarah	Isaiah:1:21:1:31
2020-07-25	chul|shabbos|Devarim|-|morning	Chabad	torah	1:Deuteronomy:1:1:1:11 2:Deuteronomy:1:12:1:21 3:Deuteronomy:1:22:1:38 4:Deuteronomy:1:39:2:1 5:Deuteronomy:2:2:2:30 6:Deuteronomy:2:31:3:14 7:Deuteronomy:3:15:3:22
2020-07-27	EY|Monday|Va_eschanan|-|morning	ALL	haftarah	-
2020-07-27	EY|Monday|Va_eschanan|-|morning	ALL	maftir	-
2020-07-27	EY|Monday|Va_eschanan|-|morning	ALL	torah	1:Deuteronomy:3:23:3:25 2:Deuteronomy:3:26:4:4 3:Deuteronomy:4:5:4:8
2020-07-27	chul|Monday|Va_eschanan|-|morning	ALL	haftarah	-
2020-07-27	chul|Monday|Va_eschanan|-|morning	ALL	maftir	-
2020-07-27	chul|Monday|Va_eschanan|-|morning	ALL	torah	1:Deuteronomy:3:23:3:25 2:Deuteronomy:3:26:4:4 3:Deuteronomy:4:5:4:8
2020-07-30	EY|Thursday|Va_eschanan|TishaBeAv|afternoon	ALL	maftir	-
2020-07-30	EY|Thursday|Va_eschanan|TishaBeAv|afternoon	ALL	torah	1:Exodus:32:11:32:14 2:Exodus:34:1:34:3 3:Exodus:34:4:34:10
2020-07-30	EY|Thursday|Va_eschanan|TishaBeAv|afternoon	Agadir+Baladi+Italki+Shami+Teiman	haftarah	Hosea:14:2:14:10
2020-07-30	EY|Thursday|Va_eschanan|TishaBeAv|afternoon	Algeria+Algiers+Bavlim+Djerba+Fes+Libya+Magreb+Marrakesh+Morocco+Persia+PureSephardim+Sefard+Toshbim	haftarah	Hosea:14:2:14:10 Micah:7:18:7:20
2020-07-30	EY|Thursday|Va_eschanan|TishaBeAv|afternoon	Ashkenaz+Chabad+ChayeyOdom+Frankfurt+Hagra+Lita+Poznan+Romania	haftarah	Isaiah:55:6:56:8
2020-07-30	EY|Thursday|Va_eschanan|TishaBeAv|morning	ALL	maftir	-
2020-07-30	EY|Thursday|Va_eschanan|TishaBeAv|morning	ALL	torah	1:Deuteronomy:4:25:4:29 2:Deuteronomy:4:30:4:35 3:Deuteronomy:4:36:4:40
2020-07-30	EY|Thursday|Va_eschanan|TishaBeAv|morning	Agadir+Algeria+Algiers+Ashkenaz+Bavlim+Chabad+ChayeyOdom+Djerba+Fes+Frankfurt+Hagra+Italki+Libya+Lita+Magreb+Marrakesh+Morocco+Persia+Poznan+PureSephardim+Romania+Sefard+Toshbim	haftarah	Jeremiah:8:13:9:23
2020-07-30	EY|Thursday|Va_eschanan|TishaBeAv|morning	Baladi+Shami+Teiman	haftarah	Jeremiah:6:16:6:17 Jeremiah:8:13:9:23
2020-07-30	chul|Thursday|Va_eschanan|TishaBeAv|afternoon	ALL	maftir	-
2020-07-30	chul|Thursday|Va_eschanan|TishaBeAv|afternoon	ALL	torah	1:Exodus:32:11:32:14 2:Exodus:34:1:34:3 3:Exodus:34:4:34:10
2020-07-30	chul|Thursday|Va_eschanan|TishaBeAv|afternoon	Agadir+Baladi+Italki+Shami+Teiman	haftarah	Hosea:14:2:14:10
2020-07-30	chul|Thursday|Va_eschanan|TishaBeAv|afternoon	Algeria+Algiers+Bavlim+Djerba+Fes+Libya+Magreb+Marrakesh+Morocco+Persia+PureSephardim+Sefard+Toshbim	haftarah	Hosea:14:2:14:10 Micah:7:18:7:20
2020-07-30	chul|Thursday|Va_eschanan|TishaBeAv|afternoon	Ashkenaz+Chabad+ChayeyOdom+Frankfurt+Hagra+Lita+Poznan+Romania	haftarah	Isaiah:55:6:56:8
2020-07-30	chul|Thursday|Va_eschanan|TishaBeAv|morning	ALL	maftir	-
2020-07-30	chul|Thursday|Va_eschanan|TishaBeAv|morning	ALL	torah	1:Deuteronomy:4:25:4:29 2:Deuteronomy:4:30:4:35 3:Deuteronomy:4:36:4:40
2020-07-30	chul|Thursday|Va_eschanan|TishaBeAv|morning	Agadir+Algeria+Algiers+Ashkenaz+Bavlim+Chabad+ChayeyOdom+Djerba+Fes+Frankfurt+Hagra+Italki+Libya+Lita+Magreb+Marrakesh+Morocco+Persia+Poznan+PureSephardim+Romania+Sefard+Toshbim	haftarah	Jeremiah:8:13:9:23
2020-07-30	chul|Thursday|Va_eschanan|TishaBeAv|morning	Baladi+Shami+Teiman	haftarah	Jeremiah:6:16:6:17 Jeremiah:8:13:9:23
2020-08-01	EY|shabbos|Va_eschanan|-|afternoon	ALL	haftarah	-
2020-08-01	EY|shabbos|Va_eschanan|-|afternoon	ALL	maftir	-
2020-08-01	EY|shabbos|Va_eschanan|-|afternoon	ALL	torah	1:Deuteronomy:7:12:7:21 2:Deuteronomy:7:22:8:3 3:Deuteronomy:8:4:8:10
2020-08-01	EY|shabbos|Va_eschanan|-|morning	ALL	maftir	Deuteronomy:7:9:7:11
2020-08-01	EY|shabbos|Va_eschanan|-|morning	ALL	torah	1:Deuteronomy:3:23:4:4 2:Deuteronomy:4:5:4:40 3:Deuteronomy:4:41:4:49 4:Deuteronomy:5:1:5:18 5:Deuteronomy:5:19:6:3 6:Deuteronomy:6:4:6:25 7:Deuteronomy:7:1:7:11
2020-08-01	EY|shabbos|Va_eschanan|-|morning	Agadir+Algeria+Algiers+Ashkenaz+Bavlim+Chabad+ChayeyOdom+Djerba+Fes+Frankfurt+Hagra+Libya+Lita+Magreb+Marrakesh+Morocco+Persia+Poznan+PureSephardim+Romania+Sefard+Toshbim	haftarah	Isaiah:40:1:40:26
2020-08-01	EY|shabbos|Va_eschanan|-|morning	Baladi+Shami+Teiman	haftarah	Isaiah:40:1:40:27 Isaiah:41:17:41:17
2020-08-01	EY|shabbos|Va_eschanan|-|morning	Italki	haftarah	Isaiah:40:1:40:16
2020-08-01	chul|shabbos|Va_eschanan|-|afternoon	ALL	haftarah	-
2020-08-01	chul|shabbos|Va_eschanan|-|afternoon	ALL	maftir	-
2020-08-01	chul|shabbos|Va_eschanan|-|afternoon	ALL	torah	1:Deuteronomy:7:12:7:21 2:Deuteronomy:7:22:8:3 3:Deuteronomy:8:4:8:10
2020-08-01	chul|shabbos|Va_eschanan|-|morning	ALL	maftir	Deuteronomy:7:9:7:11
2020-08-01	chul|shabbos|Va_eschanan|-|morning	ALL	torah	1:Deuteronomy:3:23:4:4 2:Deuteronomy:4:5:4:40 3:Deuteronomy:4:41:4:49 4:Deuteronomy:5:1:5:18 5:Deuteronomy:5:19:6:3 6:Deuteronomy:6:4:6:25 7:Deuteronomy:7:1:7:11
2020-08-01	chul|shabbos|Va_eschanan|-|morning	Agadir+Algeria+Algiers+Ashkenaz+Bavlim+Chabad+ChayeyOdom+Djerba+Fes+Frankfurt+Hagra+Libya+Lita+Magreb+Marrakesh+Morocco+Persia+Poznan+PureSephardim+Romania+Sefard+Toshbim	haftarah	Isaiah:40:1:40:26
2020-08-01	chul|shabbos|Va_eschanan|-|morning	Baladi+Shami+Teiman	haftarah	Isaiah:40:1:40:27 Isaiah:41:17:41:17
2020-08-01	chul|shabbos|Va_eschanan|-|morning	Italki	haftarah	Isaiah:40:1:40:16
2020-08-03	EY|Monday|Eikev|-|morning	ALL	haftarah	-
2020-08-03	EY|Monday|Eikev|-|morning	ALL	maftir	-
2020-08-03	EY|Monday|Eikev|-|morning	ALL	torah	1:Deuteronomy:7:12:7:21 2:Deuteronomy:7:22:8:3 3:Deuteronomy:8:4:8:10
2020-08-03	chul|Monday|Eikev|-|morning	ALL	haftarah	-
2020-08-03	chul|Monday|Eikev|-|morning	ALL	maftir	-
2020-08-03	chul|Monday|Eikev|-|morning	ALL	torah	1:Deuteronomy:7:12:7:21 2:Deuteronomy:7:22:8:3 3:Deuteronomy:8:4:8:10
2020-08-06	EY|Thursday|Eikev|-|morning	ALL	haftarah	-
2020-08-06	EY|Thursday|Eikev|-|morning	ALL	maftir	-
2020-08-06	EY|Thursday|Eikev|-|morning	ALL	torah	1:Deuteronomy:7:12:7:21 2:Deuteronomy:7:22:8:3 3:Deuteronomy:8:4:8:10
2020-08-06	chul|Thursday|Eikev|-|morning	ALL	haftarah	-
2020-08-06	chul|Thursday|Eikev|-|morning	ALL	maftir	-
2020-08-06	chul|Thursday|Eikev|-|morning	ALL	torah	1:Deuteronomy:7:12:7:21 2:Deuteronomy:7:22:8:3 3:Deuteronomy:8:4:8:10
2020-08-08	EY|shabbos|Eikev|-|afternoon	ALL	haftarah	-
2020-08-08	EY|shabbos|Eikev|-|afternoon	ALL	maftir	-
2020-08-08	EY|shabbos|Eikev|-|afternoon	ALL	torah	1:Deuteronomy:11:26:11:31 2:Deuteronomy:11:32:12:5 3:Deuteronomy:12:6:12:10
2020-08-08	EY|shabbos|Eikev|-|morning	ALL	haftarah	Isaiah:49:14:51:3
2020-08-08	EY|shabbos|Eikev|-|morning	ALL	maftir	Deuteronomy:11:22:11:25
2020-08-08	EY|shabbos|Eikev|-|morning	ALL	torah	1:Deuteronomy:7:12:8:10 2:Deuteronomy:8:11:9:3 3:Deuteronomy:9:4:9:29 4:Deuteronomy:10:1:10:11 5:Deuteronomy:10:12:11:9 6:Deuteronomy:11:10:11:21 7:Deuteronomy:11:22:11:25
2020-08-08	chul|shabbos|Eikev|-|afternoon	ALL	haftarah	-
2020-08-08	chul|shabbos|Eikev|-|afternoon	ALL	maftir	-
2020-08-08	chul|shabbos|Eikev|-|afternoon	ALL	torah	1:Deuteronomy:11:26:11:31 2:Deuteronomy:11:32:12:5 3:Deuteronomy:12:6:12:10
2020-08-08	chul|shabbos|Eikev|-|morning	ALL	haftarah	Isaiah:49:14:51:3
2020-08-08	chul|shabbos|Eikev|-|morning	ALL	maftir	Deuteronomy:11:22:11:25
2020-08-08	chul|shabbos|Eikev|-|morning	ALL	torah	1:Deuteronomy:7:12:8:10 2:Deuteronomy:8:11:9:3 3:Deuteronomy:9:4:9:29 4:Deuteronomy:10:1:10:11 5:Deuteronomy:10:12:11:9 6:Deuteronomy:11:10:11:21 7:Deuteronomy:11:22:11:25
2020-08-10	EY|Monday|Re_eh|-|morning	ALL	haftarah	-
2020-08-10	EY|Monday|Re_eh|-|morning	ALL	maftir	-
2020-08-10	EY|Monday|Re_eh|-|morning	ALL	torah	1:Deuteronomy:11:26:11:31 2:Deuteronomy:11:32:12:5 3:Deuteronomy:12:6:12:10
2020-08-10	chul|Monday|Re_eh|-|morning	ALL	haftarah	-
2020-08-10	chul|Monday|Re_eh|-|morning	ALL	maftir	-
2020-08-10	chul|Monday|Re_eh|-|morning	ALL	torah	1:Deuteronomy:11:26:11:31 2:Deuteronomy:11:32:12:5 3:Deuteronomy:12:6:12:10
2020-08-13	EY|Thursday|Re_eh|-|morning	ALL	haftarah	-
2020-08-13	EY|Thursday|Re_eh|-|morning	ALL	maftir	-
2020-08-13	EY|Thursday|Re_eh|-|morning	ALL	torah	1:Deuteronomy:11:26:11:31 2:Deuteronomy:11:32:12:5 3:Deuteronomy:12:6:12:10
2020-08-13	chul|Thursday|Re_eh|-|morning	ALL	haftarah	-
2020-08-13	chul|Thursday|Re_eh|-|morning	ALL	maftir	-
2020-08-13	chul|Thursday|Re_eh|-|morning	ALL	torah	1:Deuteronomy:11:26:11:31 2:Deuteronomy:11:32:12:5 3:Deuteronomy:12:6:12:10
2020-08-15	EY|shabbos|Re_eh|-|afternoon	ALL	haftarah	-
2020-08-15	EY|shabbos|Re_eh|-|afternoon	ALL	maftir	-
2020-08-15	EY|shabbos|Re_eh|-|afternoon	ALL	torah	1:Deuteronomy:16:18:16:20 2:Deuteronomy:16:21:17:10 3:Deuteronomy:17:11:17:13
2020-08-15	EY|shabbos|Re_eh|-|morning	ALL	haftarah	Isaiah:54:11:55:5
2020-08-15	EY|shabbos|Re_eh|-|morning	ALL	maftir	Deuteronomy:16:13:16:17
2020-08-15	EY|shabbos|Re_eh|-|morning	ALL	torah	1:Deuteronomy:11:26:12:10 2:Deuteronomy:12:11:12:28 3:Deuteronomy:12:29:13:19 4:Deuteronomy:14:1:14:21 5:Deuteronomy:14:22:14:29 6:Deuteronomy:15:1:15:18 7:Deuteronomy:15:19:16:17
2020-08-15	chul|shabbos|Re_eh|-|afternoon	ALL	haftarah	-
2020-08-15	chul|shabbos|Re_eh|-|afternoon	ALL	maftir	-
2020-08-15	chul|shabbos|Re_eh|-|afternoon	ALL	torah	1:Deuteronomy:16:18:16:20 2:Deuteronomy:16:21:17:10 3:Deuteronomy:17:11:17:13
2020-08-15	chul|shabbos|Re_eh|-|morning	ALL	haftarah	Isaiah:54:11:55:5
2020-08-15	chul|shabbos|Re_eh|-|morning	ALL	maftir	Deuteronomy:16:13:16:17
2020-08-15	chul|shabbos|Re_eh|-|morning	ALL	torah	1:Deuteronomy:11:26:12:10 2:Deuteronomy:12:11:12:28 3:Deuteronomy:12:29:13:19 4:Deuteronomy:14:1:14:21 5:Deuteronomy:14:22:14:29 6:Deuteronomy:15:1:15:18 7:Deuteronomy:15:19:16:17
2020-08-17	EY|Monday|Shoftim|-|morning	ALL	haftarah	-
2020-08-17	EY|Monday|Shoftim|-|morning	ALL	maftir	-
2020-08-17	EY|Monday|Shoftim|-|morning	ALL	torah	1:Deuteronomy:16:18:16:20 2:Deuteronomy:16:21:17:10 3:Deuteronomy:17:11:17:13
2020-08-17	chul|Monday|Shoftim|-|morning	ALL	haftarah	-
2020-08-17	chul|Monday|Shoftim|-|morning	ALL	maftir	-
2020-08-17	chul|Monday|Shoftim|-|morning	ALL	torah	1:Deuteronomy:16:18:16:20 2:Deuteronomy:16:21:17:10 3:Deuteronomy:17:11:17:13
2020-08-20	EY|Thursday|Shoftim|ErevRoshChodesh+RoshChodesh|morning	ALL	haftarah	-
2020-08-20	EY|Thursday|Shoftim|ErevRoshChodesh+RoshChodesh|morning	ALL	maftir	-
2020-08-20	EY|Thursday|Shoftim|ErevRoshChodesh+RoshChodesh|morning	Agadir+Algeria+Algiers+Ashkenaz+Baladi+Bavlim+Chabad+ChayeyOdom+Djerba+Fes+Frankfurt+Italki+Libya+Lita+Magreb+Marrakesh+Morocco+Persia+Poznan+PureSephardim+Romania+Sefard+Shami+Teiman+Toshbim	torah	1:Numbers:28:1:28:3 2:Numbers:28:3:28:5 3:Numbers:28:6:28:10 4:Numbers:28:11:28:15
2020-08-20	EY|Thursday|Shoftim|ErevRoshChodesh+RoshChodesh|morning	Hagra	torah	1:Numbers:28:1:28:3 2:Numbers:28:4:28:8 3:Numbers:28:6:28:10 4:Numbers:28:11:28:15
2020-08-20	chul|Thursday|Shoftim|ErevRoshChodesh+RoshChodesh|morning	ALL	haftarah	-
2020-08-20	chul|Thursday|Shoftim|ErevRoshChodesh+RoshChodesh|morning	ALL	maftir	-
2020-08-20	chul|Thursday|Shoftim|ErevRoshChodesh+RoshChodesh|morning	Agadir+Algeria+Algiers+Ashkenaz+Baladi+Bavlim+Chabad+ChayeyOdom+Djerba+Fes+Frankfurt+Italki+Libya+Lita+Magreb+Marrakesh+Morocco+Persia+Poznan+PureSephardim+Romania+Sefard+Shami+Teiman+Toshbim	torah	1:Numbers:28:1:28:3 2:Numbers:28:3:28:5 3:Numbers:28:6:28:10 4:Numbers:28:11:28:15
2020-08-20	chul|Thursday|Shoftim|ErevRoshChodesh+RoshChodesh|morning	Hagra	torah	1:Numbers:28:1:28:3 2:Numbers:28:4:28:8 3:Numbers:28:6:28:10 4:Numbers:28:11:28:15
2020-08-21	EY|Friday|Shoftim|RoshChodesh|morning	ALL	haftarah	-
2020-08-21	EY|Friday|Shoftim|RoshChodesh|morning	ALL	maftir	-
2020-08-21	EY|Friday|Shoftim|RoshChodesh|morning	Agadir+Algeria+Algiers+Ashkenaz+Baladi+Bavlim+Chabad+ChayeyOdom+Djerba+Fes+Frankfurt+Italki+Libya+Lita+Magreb+Marrakesh+Morocco+Persia+Poznan+PureSephardim+Romania+Sefard+Shami+Teiman+Toshbim	torah	1:Numbers:28:1:28:3 2:Numbers:28:3:28:5 3:Numbers:28:6:28:10 4:Numbers:28:11:28:15
2020-08-21	EY|Friday|Shoftim|RoshChodesh|morning	Hagra	torah	1:Numbers:28:1:28:3 2:Numbers:28:4:28:8 3:Numbers:28:6:28:10 4:Numbers:28:11:28:15
2020-08-21	chul|Friday|Shoftim|RoshChodesh|morning	ALL	haftarah	-
2020-08-21	chul|Friday|Shoftim|RoshChodesh|morning	ALL	maftir	-
2020-08-21	chul|Friday|Shoftim|RoshChodesh|morning	Agadir+Algeria+Algiers+Ashkenaz+Baladi+Bavlim+Chabad+ChayeyOdom+Djerba+Fes+Frankfurt+Italki+Libya+Lita+Magreb+Marrakesh+Morocco+Persia+Poznan+PureSephardim+Romania+Sefard+Shami+Teiman+Toshbim	torah	1:Numbers:28:1:28:3 2:Numbers:28:3:28:5 3:Numbers:28:6:28:10 4:Numbers:28:11:28:15
2020-08-21	chul|Friday|Shoftim|RoshChodesh|morning	Hagra	torah	1:Numbers:28:1:28:3 2:Numbers:28:4:28:8 3:Numbers:28:6:28:10 4:Numbers:28:11:28:15
2020-08-22	EY|shabbos|Shoftim|-|afternoon	ALL	haftarah	-
2020-08-22	EY|shabbos|Shoftim|-|afternoon	ALL	maftir	-
2020-08-22	EY|shabbos|Shoftim|-|afternoon	ALL	torah	1:Deuteronomy:21:10:21:14 2:Deuteronomy:21:15:21:17 3:Deuteronomy:21:18:21:21
2020-08-22	EY|shabbos|Shoftim|-|morning	ALL	maftir	Deuteronomy:21:7:21:9
2020-08-22	EY|shabbos|Shoftim|-|morning	ALL	torah	1:Deuteronomy:16:18:17:13 2:Deuteronomy:17:14:17:20 3:Deuteronomy:18:1:18:5 4:Deuteronomy:18:6:18:13 5:Deuteronomy:18:14:19:13 6:Deuteronomy:19:14:20:9 7:Deuteronomy:20:10:21:9
2020-08-22	EY|shabbos|Shoftim|-|morning	Agadir+Algeria+Algiers+Ashkenaz+Baladi+Bavlim+Chabad+ChayeyOdom+Djerba+Fes+Frankfurt+Hagra+Libya+Lita+Magreb+Marrakesh+Morocco+Persia+Poznan+PureSephardim+Romania+Sefard+Shami+Teiman+Toshbim	haftarah	Isaiah:51:12:52:12
2020-08-22	EY|shabbos|Shoftim|-|morning	Italki	haftarah	SamuelI:17:1:17:37
2020-08-22	chul|shabbos|Shoftim|-|afternoon	ALL	haftarah	-
2020-08-22	chul|shabbos|Shoftim|-|afternoon	ALL	maftir	-
2020-08-22	chul|shabbos|Shoftim|-|afternoon	ALL	torah	1:Deuteronomy:21:10:21:14 2:Deuteronomy:21:15:21:17 3:Deuteronomy:21:18:21:21
2020-08-22	chul|shabbos|Shoftim|-|morning	ALL	maftir	Deuteronomy:21:7:21:9
2020-08-22	chul|shabbos|Shoftim|-|morning	ALL	torah	1:Deuteronomy:16:18:17:13 2:Deuteronomy:17:14:17:20 3:Deuteronomy:18:1:18:5 4:Deuteronomy:18:6:18:13 5:Deuteronomy:18:14:19:13 6:Deuteronomy:19:14:20:9 7:Deuteronomy:20:10:21:9
2020-08-22	chul|shabbos|Shoftim|-|morning	Agadir+Algeria+Algiers+Ashkenaz+Baladi+Bavlim+Chabad+ChayeyOdom+Djerba+Fes+Frankfurt+Hagra+Libya+Lita+Magreb+Marrakesh+Morocco+Persia+Poznan+PureSephardim+Romania+Sefard+Shami+Teiman+Toshbim	haftarah	Isaiah:51:12:52:12
2020-08-22	chul|shabbos|Shoftim|-|morning	Italki	haftarah	SamuelI:17:1:17:37
2020-08-24	EY|Monday|KiSeitzei|-|morning	ALL	haftarah	-
2020-08-24	EY|Monday|KiSeitzei|-|morning	ALL	maftir	-
2020-08-24	EY|Monday|KiSeitzei|-|morning	ALL	torah	1:Deuteronomy:21:10:21:14 2:Deuteronomy:21:15:21:17 3:Deuteronomy:21:18:21:21
2020-08-24	chul|Monday|KiSeitzei|-|morning	ALL	haftarah	-
2020-08-24	chul|Monday|KiSeitzei|-|morning	ALL	maftir	-
2020-08-24	chul|Monday|KiSeitzei|-|morning	ALL	torah	1:Deuteronomy:21:10:21:14 2:Deuteronomy:21:15:21:17 3:Deuteronomy:21:18:21:21
2020-08-27	EY|Thursday|KiSeitzei|-|morning	ALL	haftarah	-
2020-08-27	EY|Thursday|KiSeitzei|-|morning	ALL	maftir	-
2020-08-27	EY|Thursday|KiSeitzei|-|morning	ALL	torah	1:Deuteronomy:21:10:21:14 2:Deuteronomy:21:15:21:17 3:Deuteronomy:21:18:21:21
2020-08-27	chul|Thursday|KiSeitzei|-|morning	ALL	haftarah	-
2020-08-27	chul|Thursday|KiSeitzei|-|morning	ALL	maftir	-
2020-08-27	chul|Thursday|KiSeitzei|-|morning	ALL	torah	1:Deuteronomy:21:10:21:14 2:Deuteronomy:21:15:21:17 3:Deuteronomy:21:18:21:21
2020-08-29	EY|shabbos|KiSeitzei|-|afternoon	ALL	haftarah	-
2020-08-29	EY|shabbos|KiSeitzei|-|afternoon	ALL	maftir	-
2020-08-29	EY|shabbos|KiSeitzei|-|afternoon	ALL	torah	1:Deuteronomy:26:1:26:3 2:Deuteronomy:26:4:26:11 3:Deuteronomy:26:12:26:15
2020-08-29	EY|shabbos|KiSeitzei|-|morning	ALL	maftir	Deuteronomy:25:17:25:19
2020-08-29	EY|shabbos|KiSeitzei|-|morning	ALL	torah	1:Deuteronomy:21:10:21:21 2:Deuteronomy:21:22:22:7 3:Deuteronomy:22:8:23:7 4:Deuteronomy:23:8:23:24 5:Deuteronomy:23:25:24:4 6:Deuteronomy:24:5:24:13 7:Deuteronomy:24:14:25:19
2020-08-29	EY|shabbos|KiSeitzei|-|morning	Agadir+Algeria+Algiers+Ashkenaz+Baladi+Bavlim+Chabad+ChayeyOdom+Djerba+Fes+Frankfurt+Hagra+Libya+Lita+Magreb+Marrakesh+Morocco+Persia+Poznan+PureSephardim+Romania+Sefard+Shami+Teiman+Toshbim	haftarah	Isaiah:54:1:54:10
2020-08-29	EY|shabbos|KiSeitzei|-|morning	Italki	haftarah	SamuelI:8:1:8:22
2020-08-29	chul|shabbos|KiSeitzei|-|afternoon	ALL	haftarah	-
2020-08-29	chul|shabbos|KiSeitzei|-|afternoon	ALL	maftir	-
2020-08-29	chul|shabbos|KiSeitzei|-|afternoon	ALL	torah	1:Deuteronomy:26:1:26:3 2:Deuteronomy:26:4:26:11 3:Deuteronomy:26:12:26:15
2020-08-29	chul|shabbos|KiSeitzei|-|morning	ALL	maftir	Deuteronomy:25:17:25:19
2020-08-29	chul|shabbos|KiSeitzei|-|morning	ALL	torah	1:Deuteronomy:21:10:21:21 2:Deuteronomy:21:22:22:7 3:Deuteronomy:22:8:23:7 4:Deuteronomy:23:8:23:24 5:Deuteronomy:23:25:24:4 6:Deuteronomy:24:5:24:13 7:Deuteronomy:24:14:25:19
2020-08-29	chul|shabbos|KiSeitzei|-|morning	Agadir+Algeria+Algiers+Ashkenaz+Baladi+Bavlim+Chabad+ChayeyOdom+Djerba+Fes+Frankfurt+Hagra+Libya+Lita+Magreb+Marrakesh+Morocco+Persia+Poznan+PureSephardim+Romania+Sefard+Shami+Teiman+Toshbim	haftarah	Isaiah:54:1:54:10
2020-08-29	chul|shabbos|KiSeitzei|-|morning	Italki	haftarah	SamuelI:8:1:8:22
2020-08-31	EY|Monday|KiSavo|-|morning	ALL	haftarah	-
2020-08-31	EY|Monday|KiSavo|-|morning	ALL	maftir	-
2020-08-31	EY|Monday|KiSavo|-|morning	ALL	torah	1:Deuteronomy:26:1:26:3 2:Deuteronomy:26:4:26:11 3:Deuteronomy:26:12:26:15
2020-08-31	chul|Monday|KiSavo|-|morning	ALL	haftarah	-
2020-08-31	chul|Monday|KiSavo|-|morning	ALL	maftir	-
2020-08-31	chul|Monday|KiSavo|-|morning	ALL	torah	1:Deuteronomy:26:1:26:3 2:Deuteronomy:26:4:26:11 3:Deuteronomy:26:12:26:15
2020-09-03	EY|Thursday|KiSavo|-|morning	ALL	haftarah	-
2020-09-03	EY|Thursday|KiSavo|-|morning	ALL	maftir	-
2020-09-03	EY|Thursday|KiSavo|-|morning	ALL	torah	1:Deuteronomy:26:1:26:3 2:Deuteronomy:26:4:26:11 3:Deuteronomy:26:12:26:15
2020-09-03	chul|Thursday|KiSavo|-|morning	ALL	haftarah	-
2020-09-03	chul|Thursday|KiSavo|-|morning	ALL	maftir	-
2020-09-03	chul|Thursday|KiSavo|-|morning	ALL	torah	1:Deuteronomy:26:1:26:3 2:Deuteronomy:26:4:26:11 3:Deuteronomy:26:12:26:15
2020-09-05	EY|shabbos|KiSavo|-|afternoon	ALL	haftarah	-
2020-09-05	EY|shabbos|KiSavo|-|afternoon	ALL	maftir	-
2020-09-05	EY|shabbos|KiSavo|-|afternoon	ALL	torah	1:Deuteronomy:29:9:29:11 2:Deuteronomy:29:12:29:14 3:Deuteronomy:29:15:29:28
2020-09-05	EY|shabbos|KiSavo|-|morning	ALL	maftir	Deuteronomy:29:6:29:8
2020-09-05	EY|shabbos|KiSavo|-|morning	ALL	torah	1:Deuteronomy:26:1:26:11 2:Deuteronomy:26:12:26:15 3:Deuteronomy:26:16:26:19 4:Deuteronomy:27:1:27:10 5:Deuteronomy:27:11:28:6 6:Deuteronomy:28:7:28:69 7:Deuteronomy:29:1:29:8
2020-09-05	EY|shabbos|KiSavo|-|morning	Agadir+Algeria+Algiers+Ashkenaz+Baladi+Bavlim+Chabad+ChayeyOdom+Djerba+Fes+Frankfurt+Hagra+Libya+Lita+Magreb+Marrakesh+Morocco+Persia+Poznan+PureSephardim+Romania+Sefard+Shami+Teiman+Toshbim	haftarah	Isaiah:60:1:60:22
2020-09-05	EY|shabbos|KiSavo|-|morning	Italki	haftarah	Joshua:8:30:9:27
2020-09-05	chul|shabbos|KiSavo|-|afternoon	ALL	haftarah	-
2020-09-05	chul|shabbos|KiSavo|-|afternoon	ALL	maftir	-
2020-09-05	chul|shabbos|KiSavo|-|afternoon	ALL	torah	1:Deuteronomy:29:9:29:11 2:Deuteronomy:29:12:29:14 3:Deuteronomy:29:15:29:28
2020-09-05	chul|shabbos|KiSavo|-|morning	ALL	maftir	Deuteronomy:29:6:29:8
2020-09-05	chul|shabbos|KiSavo|-|morning	ALL	torah	1:Deuteronomy:26:1:26:11 2:Deuteronomy:26:12:26:15 3:Deuteronomy:26:16:26:19 4:Deuteronomy:27:1:27:10 5:Deuteronomy:27:11:28:6 6:Deuteronomy:28:7:28:69 7:Deuteronomy:29:1:29:8
2020-09-05	chul|shabbos|KiSavo|-|morning	Agadir+Algeria+Algiers+Ashkenaz+Baladi+Bavlim+Chabad+ChayeyOdom+Djerba+Fes+Frankfurt+Hagra+Libya+Lita+Magreb+Marrakesh+Morocco+Persia+Poznan+PureSephardim+Romania+Sefard+Shami+Teiman+Toshbim	haftarah	Isaiah:60:1:60:22
2020-09-05	chul|shabbos|KiSavo|-|morning	Italki	haftarah	Joshua:8:30:9:27
2020-09-07	EY|Monday|Nitzavim-Vayeilech|-|morning	ALL	haftarah	-
2020-09-07	EY|Monday|Nitzavim-Vayeilech|-|morning	ALL	maftir	-
2020-09-07	EY|Monday|Nitzavim-Vayeilech|-|morning	ALL	torah	1:Deuteronomy:29:9:29:11 2:Deuteronomy:29:12:29:14 3:Deuteronomy:29:15:29:28
2020-09-07	chul|Monday|Nitzavim-Vayeilech|-|morning	ALL	haftarah	-
2020-09-07	chul|Monday|Nitzavim-Vayeilech|-|morning	ALL	maftir	-
2020-09-07	chul|Monday|Nitzavim-Vayeilech|-|morning	ALL	torah	1:Deuteronomy:29:9:29:11 2:Deuteronomy:29:12:29:14 3:Deuteronomy:29:15:29:28
2020-09-10	EY|Thursday|Nitzavim-Vayeilech|-|morning	ALL	haftarah	-
2020-09-10	EY|Thursday|Nitzavim-Vayeilech|-|morning	ALL	maftir	-
2020-09-10	EY|Thursday|Nitzavim-Vayeilech|-|morning	ALL	torah	1:Deuteronomy:29:9:29:11 2:Deuteronomy:29:12:29:14 3:Deuteronomy:29:15:29:28
2020-09-10	chul|Thursday|Nitzavim-Vayeilech|-|morning	ALL	haftarah	-
2020-09-10	chul|Thursday|Nitzavim-Vayeilech|-|morning	ALL	maftir	-
2020-09-10	chul|Thursday|Nitzavim-Vayeilech|-|morning	ALL	torah	1:Deuteronomy:29:9:29:11 2:Deuteronomy:29:12:29:14 3:Deuteronomy:29:15:29:28
2020-09-12	EY|shabbos|Nitzavim-Vayeilech|-|afternoon	ALL	haftarah	-
2020-09-12	EY|shabbos|Nitzavim-Vayeilech|-|afternoon	ALL	maftir	-
2020-09-12	EY|shabbos|Nitzavim-Vayeilech|-|afternoon	ALL	torah	1:Deuteronomy:32:1:32:3 2:Deuteronomy:32:4:32:6 3:Deuteronomy:32:7:32:12
2020-09-12	EY|shabbos|Nitzavim-Vayeilech|-|morning	ALL	maftir	Deuteronomy:31:28:31:30
2020-09-12	EY|shabbos|Nitzavim-Vayeilech|-|morning	ALL	torah	1:Deuteronomy:29:9:29:28 2:Deuteronomy:30:1:30:6 3:Deuteronomy:30:7:30:14 4:Deuteronomy:30:15:31:6 5:Deuteronomy:31:7:31:13 6:Deuteronomy:31:14:31:19 7:Deuteronomy:31:20:31:30
2020-09-12	EY|shabbos|Nitzavim-Vayeilech|-|morning	Agadir+Algeria+Algiers+Ashkenaz+Bavlim+Chabad+ChayeyOdom+Djerba+Fes+Frankfurt+Hagra+Libya+Lita+Magreb+Marrakesh+Morocco+Persia+Poznan+PureSephardim+Romania+Sefard+Toshbim	haftarah	Isaiah:61:10:63:9
2020-09-12	EY|shabbos|Nitzavim-Vayeilech|-|morning	Baladi+Shami+Teiman	haftarah	Isaiah:61:9:63:9
2020-09-12	EY|shabbos|Nitzavim-Vayeilech|-|morning	Italki	haftarah	Joshua:24:1:24:18
2020-09-12	chul|shabbos|Nitzavim-Vayeilech|-|afternoon	ALL	haftarah	-
2020-09-12	chul|shabbos|Nitzavim-Vayeilech|-|afternoon	ALL	maftir	-
2020-09-12	chul|shabbos|Nitzavim-Vayeilech|-|afternoon	ALL	torah	1:Deuteronomy:32:1:32:3 2:Deuteronomy:32:4:32:6 3:Deuteronomy:32:7:32:12
2020-09-12	chul|shabbos|Nitzavim-Vayeilech|-|morning	ALL	maftir	Deuteronomy:31:28:31:30
2020-09-12	chul|shabbos|Nitzavim-Vayeilech|-|morning	ALL	torah	1:Deuteronomy:29:9:29:28 2:Deuteronomy:30:1:30:6 3:Deuteronomy:30:7:30:14 4:Deuteronomy:30:15:31:6 5:Deuteronomy:31:7:31:13 6:Deuteronomy:31:14:31:19 7:Deuteronomy:31:20:31:30
2020-09-12	chul|shabbos|Nitzavim-Vayeilech|-|morning	Agadir+Algeria+Algiers+Ashkenaz+Bavlim+Chabad+ChayeyOdom+Djerba+Fes+Frankfurt+Hagra+Libya+Lita+Magreb+Marrakesh+Morocco+Persia+Poznan+PureSephardim+Romania+Sefard+Toshbim	haftarah	Isaiah:61:10:63:9
2020-09-12	chul|shabbos|Nitzavim-Vayeilech|-|morning	Baladi+Shami+Teiman	haftarah	Isaiah:61:9:63:9
2020-09-12	chul|shabbos|Nitzavim-Vayeilech|-|morning	Italki	haftarah	Joshua:24:1:24:18
2020-09-17	EY|Thursday|-|-|morning	ALL	haftarah	-
2020-09-17	EY|Thursday|-|-|morning	ALL	maftir	-
2020-09-17	EY|Thursday|-|-|morning	ALL	torah	1:Deuteronomy:32:1:32:3 2:Deuteronomy:32:4:32:6 3:Deuteronomy:32:7:32:12
2020-09-17	chul|Thursday|-|-|morning	ALL	haftarah	-
2020-09-17	chul|Thursday|-|-|morning	ALL	maftir	-
2020-09-17	chul|Thursday|-|-|morning	ALL	torah	1:Deuteronomy:32:1:32:3 2:Deuteronomy:32:4:32:6 3:Deuteronomy:32:7:32:12
2020-09-19	EY|shabbos|-|RoshChodesh+RoshHashanah1|afternoon	ALL	haftarah	-
2020-09-19	EY|shabbos|-|RoshChodesh+RoshHashanah1|afternoon	ALL	maftir	-
2020-09-19	EY|shabbos|-|RoshChodesh+RoshHashanah1|afternoon	ALL	torah	1:Deuteronomy:32:1:32:3 2:Deuteronomy:32:4:32:6 3:Deuteronomy:32:7:32:12
2020-09-19	EY|shabbos|-|RoshChodesh+RoshHashanah1|morning	ALL	haftarah	SamuelI:1:1:2:10
2020-09-19	EY|shabbos|-|RoshChodesh+RoshHashanah1|morning	ALL	maftir	Numbers:29:1:29:6
2020-09-19	EY|shabbos|-|RoshChodesh+RoshHashanah1|morning	ALL	torah	1:Genesis:21:1:21:4 2:Genesis:21:5:21:8 3:Genesis:21:9:21:12 4:Genesis:21:13:21:17 5:Genesis:21:18:21:21 6:Genesis:21:22:21:27 7:Genesis:21:28:21:34
2020-09-19	chul|shabbos|-|RoshChodesh+RoshHashanah1|afternoon	ALL	haftarah	-
2020-09-19	chul|shabbos|-|RoshChodesh+RoshHashanah1|afternoon	ALL	maftir	-
2020-09-19	chul|shabbos|-|RoshChodesh+RoshHashanah1|afternoon	ALL	torah	1:Deuteronomy:32:1:32:3 2:Deuteronomy:32:4:32:6 3:Deuteronomy:32:7:32:12
2020-09-19	chul|shabbos|-|RoshChodesh+RoshHashanah1|morning	ALL	haftarah	SamuelI:1:1:2:10
2020-09-19	chul|shabbos|-|RoshChodesh+RoshHashanah1|morning	ALL	maftir	Numbers:29:1:29:6
2020-09-19	chul|shabbos|-|RoshChodesh+RoshHashanah1|morning	ALL	torah	1:Genesis:21:1:21:4 2:Genesis:21:5:21:8 3:Genesis:21:9:21:12 4:Genesis:21:13:21:17 5:Genesis:21:18:21:21 6:Genesis:21:22:21:27 7:Genesis:21:28:21:34
2020-09-20	EY|Sunday|Haazinu|RoshHashanah2|morning	ALL	haftarah	Jeremiah:31:1:31:19
2020-09-20	EY|Sunday|Haazinu|RoshHashanah2|morning	ALL	maftir	Numbers:29:1:29:6
2020-09-20	EY|Sunday|Haazinu|RoshHashanah2|morning	ALL	torah	1:Genesis:22:1:22:3 2:Genesis:22:4:22:8 3:Genesis:22:9:22:14 4:Genesis:22:15:22:19 5:Genesis:22:20:22:24
2020-09-20	chul|Sunday|Haazinu|RoshHashanah2|morning	ALL	haftarah	Jeremiah:31:1:31:19
2020-09-20	chul|Sunday|Haazinu|RoshHashanah2|morning	ALL	maftir	Numbers:29:1:29:6
2020-09-20	chul|Sunday|Haazinu|RoshHashanah2|morning	ALL	torah	1:Genesis:22:1:22:3 2:Genesis:22:4:22:8 3:Genesis:22:9:22:14 4:Genesis:22:15:22:19 5:Genesis:22:20:22:24
2020-09-21	EY|Monday|Haazinu|FastOfGedalia|afternoon	ALL	maftir	-
2020-09-21	EY|Monday|Haazinu|FastOfGedalia|afternoon	ALL	torah	1:Exodus:32:11:32:14 2:Exodus:34:1:34:3 3:Exodus:34:4:34:10
2020-09-21	EY|Monday|Haazinu|FastOfGedalia|afternoon	Agadir+Baladi+Bavlim+Djerba+Libya+Magreb+Persia+PureSephardim+Sefard+Shami+Teiman+Toshbim	haftarah	-
2020-09-21	EY|Monday|Haazinu|FastOfGedalia|afternoon	Algeria+Algiers+Ashkenaz+Chabad+ChayeyOdom+Fes+Frankfurt+Hagra+Italki+Lita+Morocco+Poznan+Romania	haftarah	Isaiah:55:6:56:8
2020-09-21	EY|Monday|Haazinu|FastOfGedalia|afternoon	Marrakesh	haftarah	Hosea:14:2:14:10
2020-09-21	EY|Monday|Haazinu|FastOfGedalia|morning	ALL	haftarah	-
2020-09-21	EY|Monday|Haazinu|FastOfGedalia|morning	ALL	maftir	-
2020-09-21	EY|Monday|Haazinu|FastOfGedalia|morning	ALL	torah	1:Exodus:32:11:32:14 2:Exodus:34:1:34:3 3:Exodus:34:4:34:10
2020-09-21	chul|Monday|Haazinu|FastOfGedalia|afternoon	ALL	maftir	-
2020-09-21	chul|Monday|Haazinu|FastOfGedalia|afternoon	ALL	torah	1:Exodus:32:11:32:14 2:Exodus:34:1:34:3 3:Exodus:34:4:34:10
2020-09-21	chul|Monday|Haazinu|FastOfGedalia|afternoon	Agadir+Baladi+Bavlim+Djerba+Libya+Magreb+Persia+PureSephardim+Sefard+Shami+Teiman+Toshbim	haftarah	-
2020-09-21	chul|Monday|Haazinu|FastOfGedalia|afternoon	Algeria+Algiers+Ashkenaz+Chabad+ChayeyOdom+Fes+Frankfurt+Hagra+Italki+Lita+Morocco+Poznan+Romania	haftarah	Isaiah:55:6:56:8
2020-09-21	chul|Monday|Haazinu|FastOfGedalia|afternoon	Marrakesh	haftarah	Hosea:14:2:14:10
2020-09-21	chul|Monday|Haazinu|FastOfGedalia|morning	ALL	haftarah	-
2020-09-21	chul|Monday|Haazinu|FastOfGedalia|morning	ALL	maftir	-
2020-09-21	chul|Monday|Haazinu|FastOfGedalia|morning	ALL	torah	1:Exodus:32:11:32:14 2:Exodus:34:1:34:3 3:Exodus:34:4:34:10
2020-09-28	EY|Monday|-|YomKippur|afternoon	ALL	maftir	-
2020-09-28	EY|Monday|-|YomKippur|afternoon	ALL	torah	1:Leviticus:18:1:18:5 2:Leviticus:18:6:18:21 3:Leviticus:18:22:18:30
2020-09-28	EY|Monday|-|YomKippur|afternoon	Agadir+Algeria+Algiers+Ashkenaz+Baladi+Bavlim+Chabad+ChayeyOdom+Djerba+Fes+Frankfurt+Hagra+Libya+Lita+Magreb+Marrakesh+Morocco+Persia+Poznan+PureSephardim+Romania+Sefard+Shami+Teiman+Toshbim	haftarah	Jonah:1:1:4:11 Micah:7:18:7:20
2020-09-28	EY|Monday|-|YomKippur|afternoon	Italki	haftarah	Obadiah:1:21:1:21 Jonah:1:1:4:11 Micah:7:18:7:20
2020-09-28	EY|Monday|-|YomKippur|morning	ALL	maftir	Numbers:29:7:29:11
2020-09-28	EY|Monday|-|YomKippur|morning	ALL	torah	1:Leviticus:16:1:16:6 2:Leviticus:16:7:16:11 3:Leviticus:16:12:16:17 4:Leviticus:16:18:16:24 5:Leviticus:16:25:16:30 6:Leviticus:16:31:16:34
2020-09-28	EY|Monday|-|YomKippur|morning	Agadir+Algeria+Algiers+Ashkenaz+Bavlim+Chabad+ChayeyOdom+Djerba+Fes+Frankfurt+Hagra+Libya+Lita+Magreb+Marrakesh+Morocco+Persia+Poznan+PureSephardim+Romania+Sefard+Toshbim	haftarah	Isaiah:57:14:58:14
2020-09-28	EY|Monday|-|YomKippur|morning	Baladi+Italki+Shami+Teiman	haftarah	Isaiah:57:14:58:14 Isaiah:59:20:59:21
2020-09-28	chul|Monday|-|YomKippur|afternoon	ALL	maftir	-
2020-09-28	chul|Monday|-|YomKippur|afternoon	ALL	torah	1:Leviticus:18:1:18:5 2:Leviticus:18:6:18:21 3:Leviticus:18:22:18:30
2020-09-28	chul|Monday|-|YomKippur|afternoon	Agadir+Algeria+Algiers+Ashkenaz+Baladi+Bavlim+Chabad+ChayeyOdom+Djerba+Fes+Frankfurt+Hagra+Libya+Lita+Magreb+Marrakesh+Morocco+Persia+Poznan+PureSephardim+Romania+Sefard+Shami+Teiman+Toshbim	haftarah	Jonah:1:1:4:11 Micah:7:18:7:20
2020-09-28	chul|Monday|-|YomKippur|afternoon	Italki	haftarah	Obadiah:1:21:1:21 Jonah:1:1:4:11 Micah:7:18:7:20
2020-09-28	chul|Monday|-|YomKippur|morning	ALL	maftir	Numbers:29:7:29:11
2020-09-28	chul|Monday|-|YomKippur|morning	ALL	torah	1:Leviticus:16:1:16:6 2:Leviticus:16:7:16:11 3:Leviticus:16:12:16:17 4:Leviticus:16:18:16:24 5:Leviticus:16:25:16:30 6:Leviticus:16:31:16:34
2020-09-28	chul|Monday|-|YomKippur|morning	Agadir+Algeria+Algiers+Ashkenaz+Bavlim+Chabad+ChayeyOdom+Djerba+Fes+Frankfurt+Hagra+Libya+Lita+Magreb+Marrakesh+Morocco+Persia+Poznan+PureSephardim+Romania+Sefard+Toshbim	haftarah	Isaiah:57:14:58:14
2020-09-28	chul|Monday|-|YomKippur|morning	Baladi+Italki+Shami+Teiman	haftarah	Isaiah:57:14:58:14 Isaiah:59:20:59:21
2020-10-03	EY|shabbos|-|Succos1|afternoon	ALL	haftarah	-
2020-10-03	EY|shabbos|-|Succos1|afternoon	ALL	maftir	-
2020-10-03	EY|shabbos|-|Succos1|afternoon	ALL	torah	1:Genesis:1:1:1:5 2:Genesis:1:6:1:8 3:Genesis:1:9:1:13
2020-10-03	EY|shabbos|-|Succos1|morning	ALL	maftir	Numbers:29:12:29:16
2020-10-03	EY|shabbos|-|Succos1|morning	ALL	torah	1:Leviticus:22:26:22:33 2:Leviticus:23:1:23:3 3:Leviticus:23:4:23:8 4:Leviticus:23:9:23:14 5:Leviticus:23:15:23:22 6:Leviticus:23:23:23:32 7:Leviticus:23:33:23:44
2020-10-03	EY|shabbos|-|Succos1|morning	Agadir+Algeria+Algiers+Ashkenaz+Bavlim+Chabad+ChayeyOdom+Djerba+Fes+Frankfurt+Hagra+Italki+Libya+Lita+Magreb+Marrakesh+Morocco+Persia+Poznan+PureSephardim+Romania+Sefard+Toshbim	haftarah	Zechariah:14:1:14:21
2020-10-03	EY|shabbos|-|Succos1|morning	Baladi+Shami+Teiman	haftarah	Zechariah:13:9:14:21
2020-10-03	chul|shabbos|-|Succos1|afternoon	ALL	haftarah	-
2020-10-03	chul|shabbos|-|Succos1|afternoon	ALL	maftir	-
2020-10-03	chul|shabbos|-|Succos1|afternoon	ALL	torah	1:Genesis:1:1:1:5 2:Genesis:1:6:1:8 3:Genesis:1:9:1:13
2020-10-03	chul|shabbos|-|Succos1|morning	ALL	maftir	Numbers:29:12:29:16
2020-10-03	chul|shabbos|-|Succos1|morning	ALL	torah	1:Leviticus:22:26:22:33 2:Leviticus:23:1:23:3 3:Leviticus:23:4:23:8 4:Leviticus:23:9:23:14 5:Leviticus:23:15:23:22 6:Leviticus:23:23:23:32 7:Leviticus:23:33:23:44
2020-10-03	chul|shabbos|-|Succos1|morning	Agadir+Algeria+Algiers+Ashkenaz+Bavlim+Chabad+ChayeyOdom+Djerba+Fes+Frankfurt+Hagra+Italki+Libya+Lita+Magreb+Marrakesh+Morocco+Persia+Poznan+PureSephardim+Romania+Sefard+Toshbim	haftarah	Zechariah:14:1:14:21
2020-10-03	chul|shabbos|-|Succos1|morning	Baladi+Shami+Teiman	haftarah	Zechariah:13:9:14:21
2020-10-04	EY|Sunday|-|SuccosIntermediate1InHolyLand|morning	ALL	haftarah	-
2020-10-04	EY|Sunday|-|SuccosIntermediate1InHolyLand|morning	ALL	maftir	-
2020-10-04	EY|Sunday|-|SuccosIntermediate1InHolyLand|morning	Agadir+Algeria+Algiers+Baladi+Bavlim+Djerba+Fes+Libya+Magreb+Marrakesh+Morocco+Persia+PureSephardim+Sefard+Shami+Teiman+Toshbim	torah	1:Numbers:29:17:29:19 2:Numbers:29:17:29:19 3:Numbers:29:17:29:19 4:Numbers:29:17:29:19
2020-10-04	EY|Sunday|-|SuccosIntermediate1InHolyLand|morning	Ashkenaz+Chabad+ChayeyOdom+Frankfurt+Hagra+Italki+Lita+Poznan+Romania	torah	1:Numbers:29:17:29:19 2:Numbers:29:20:29:22 3:Numbers:29:23:29:25 4:Numbers:29:17:29:19
2020-10-04	chul|Sunday|-|Succos2|morning	ALL	maftir	Numbers:29:12:29:16
2020-10-04	chul|Sunday|-|Succos2|morning	ALL	torah	1:Leviticus:22:26:23:3 2:Leviticus:23:4:23:14 3:Leviticus:23:15:23:22 4:Leviticus:23:23:23:32 5:Leviticus:23:33:23:44
2020-10-04	chul|Sunday|-|Succos2|morning	Agadir+Algeria+Algiers+Ashkenaz+Bavlim+Chabad+ChayeyOdom+Djerba+Fes+Frankfurt+Hagra+Libya+Lita+Magreb+Marrakesh+Morocco+Persia+Poznan+PureSephardim+Romania+Sefard+Toshbim	haftarah	KingsI:8:2:8:21
2020-10-04	chul|Sunday|-|Succos2|morning	Baladi+Shami+Teiman	haftarah	KingsI:7:51:8:21
2020-10-04	chul|Sunday|-|Succos2|morning	Italki	haftarah	KingsI:7:51:8:15
2020-10-05	EY|Monday|-|SuccosIntermediate2InHolyLand|morning	ALL	haftarah	-
2020-10-05	EY|Monday|-|SuccosIntermediate2InHolyLand|morning	ALL	maftir	-
2020-10-05	EY|Monday|-|SuccosIntermediate2InHolyLand|morning	Agadir+Algeria+Algiers+Baladi+Bavlim+Djerba+Fes+Libya+Magreb+Marrakesh+Morocco+Persia+PureSephardim+Sefard+Shami+Teiman+Toshbim	torah	1:Numbers:29:20:29:22 2:Numbers:29:20:29:22 3:Numbers:29:20:29:22 4:Numbers:29:20:29:22
2020-10-05	EY|Monday|-|SuccosIntermediate2InHolyLand|morning	Ashkenaz+Chabad+ChayeyOdom+Frankfurt+Hagra+Italki+Lita+Poznan+Romania	torah	1:Numbers:29:20:29:22 2:Numbers:29:23:29:25 3:Numbers:29:26:29:28 4:Numbers:29:20:29:22
2020-10-05	chul|Monday|-|SuccosIntermediate1|morning	ALL	haftarah	-
2020-10-05	chul|Monday|-|SuccosIntermediate1|morning	ALL	maftir	-
2020-10-05	chul|Monday|-|SuccosIntermediate1|morning	Agadir+Algeria+Algiers+Baladi+Bavlim+Djerba+Fes+Libya+Magreb+Marrakesh+Morocco+Persia+PureSephardim+Sefard+Shami+Teiman+Toshbim	torah	1:Numbers:29:17:29:22 2:Numbers:29:17:29:22 3:Numbers:29:17:29:22 4:Numbers:29:17:29:22
2020-10-05	chul|Monday|-|SuccosIntermediate1|morning	Ashkenaz+Chabad+ChayeyOdom+Frankfurt+Hagra+Italki+Lita+Poznan+Romania	torah	1:Numbers:29:17:29:19 2:Numbers:29:20:29:22 3:Numbers:29:23:29:25 4:Numbers:29:17:29:22
2020-10-06	EY|Tuesday|-|SuccosIntermediate3InHolyLand|morning	ALL	haftarah	-
2020-10-06	EY|Tuesday|-|SuccosIntermediate3InHolyLand|morning	ALL	maftir	-
2020-10-06	EY|Tuesday|-|SuccosIntermediate3InHolyLand|morning	Agadir+Algeria+Algiers+Baladi+Bavlim+Djerba+Fes+Libya+Magreb+Marrakesh+Morocco+Persia+PureSephardim+Sefard+Shami+Teiman+Toshbim	torah	1:Numbers:29:23:29:25 2:Numbers:29:23:29:25 3:Numbers:29:23:29:25 4:Numbers:29:23:29:25
2020-10-06	EY|Tuesday|-|SuccosIntermediate3InHolyLand|morning	Ashkenaz+Chabad+ChayeyOdom+Frankfurt+Hagra+Italki+Lita+Poznan+Romania	torah	1:Numbers:29:23:29:25 2:Numbers:29:26:29:28 3:Numbers:29:29:29:31 4:Numbers:29:23:29:25
2020-10-06	chul|Tuesday|-|SuccosIntermediate2|morning	ALL	haftarah	-
2020-10-06	chul|Tuesday|-|SuccosIntermediate2|morning	ALL	maftir	-
2020-10-06	chul|Tuesday|-|SuccosIntermediate2|morning	Agadir+Algeria+Algiers+Baladi+Bavlim+Djerba+Fes+Libya+Magreb+Marrakesh+Morocco+Persia+PureSephardim+Sefard+Shami+Teiman+Toshbim	torah	1:Numbers:29:20:29:25 2:Numbers:29:20:29:25 3:Numbers:29:20:29:25 4:Numbers:29:20:29:25
2020-10-06	chul|Tuesday|-|SuccosIntermediate2|morning	Ashkenaz+Chabad+ChayeyOdom+Frankfurt+Hagra+Italki+Lita+Poznan+Romania	torah	1:Numbers:29:20:29:22 2:Numbers:29:23:29:25 3:Numbers:29:26:29:28 4:Numbers:29:20:29:25
2020-10-07	EY|Wednesday|-|SuccosIntermediate4InHolyLand|morning	ALL	haftarah	-
2020-10-07	EY|Wednesday|-|SuccosIntermediate4InHolyLand|morning	ALL	maftir	-
2020-10-07	EY|Wednesday|-|SuccosIntermediate4InHolyLand|morning	Agadir+Algeria+Algiers+Baladi+Bavlim+Djerba+Fes+Libya+Magreb+Marrakesh+Morocco+Persia+PureSephardim+Sefard+Shami+Teiman+Toshbim	torah	1:Numbers:29:26:29:28 2:Numbers:29:26:29:28 3:Numbers:29:26:29:28 4:Numbers:29:26:29:28
2020-10-07	EY|Wednesday|-|SuccosIntermediate4InHolyLand|morning	Ashkenaz+Chabad+ChayeyOdom+Frankfurt+Hagra+Italki+Lita+Poznan+Romania	torah	1:Numbers:29:26:29:28 2:Numbers:29:29:29:31 3:Numbers:29:32:29:34 4:Numbers:29:26:29:28
2020-10-07	chul|Wednesday|-|SuccosIntermediate3|morning	ALL	haftarah	-
2020-10-07	chul|Wednesday|-|SuccosIntermediate3|morning	ALL	maftir	-
2020-10-07	chul|Wednesday|-|SuccosIntermediate3|morning	Agadir+Algeria+Algiers+Baladi+Bavlim+Djerba+Fes+Libya+Magreb+Marrakesh+Morocco+Persia+PureSephardim+Sefard+Shami+Teiman+Toshbim	torah	1:Numbers:29:23:29:28 2:Numbers:29:23:29:28 3:Numbers:29:23:29:28 4:Numbers:29:23:29:28
2020-10-07	chul|Wednesday|-|SuccosIntermediate3|morning	Ashkenaz+Chabad+ChayeyOdom+Frankfurt+Hagra+Italki+Lita+Poznan+Romania	torah	1:Numbers:29:23:29:25 2:Numbers:29:26:29:28 3:Numbers:29:29:29:31 4:Numbers:29:23:29:28
2020-10-08	EY|Thursday|-|SuccosIntermediate5InHolyLand|morning	ALL	haftarah	-
2020-10-08	EY|Thursday|-|SuccosIntermediate5InHolyLand|morning	ALL	maftir	-
2020-10-08	EY|Thursday|-|SuccosIntermediate5InHolyLand|morning	Agadir+Algeria+Algiers+Baladi+Bavlim+Djerba+Fes+Libya+Magreb+Marrakesh+Morocco+Persia+PureSephardim+Sefard+Shami+Teiman+Toshbim	torah	1:Numbers:29:29:29:31 2:Numbers:29:29:29:31 3:Numbers:29:29:29:31 4:Numbers:29:29:29:31
2020-10-08	EY|Thursday|-|SuccosIntermediate5InHolyLand|morning	Ashkenaz+Chabad+ChayeyOdom+Frankfurt+Hagra+Italki+Lita+Poznan+Romania	torah	1:Numbers:29:26:29:28 2:Numbers:29:29:29:31 3:Numbers:29:32:29:34 4:Numbers:29:29:29:31
2020-10-08	chul|Thursday|-|SuccosIntermediate4|morning	ALL	haftarah	-
2020-10-08	chul|Thursday|-|SuccosIntermediate4|morning	ALL	maftir	-
2020-10-08	chul|Thursday|-|SuccosIntermediate4|morning	Agadir+Algeria+Algiers+Baladi+Bavlim+Djerba+Fes+Libya+Magreb+Marrakesh+Morocco+Persia+PureSephardim+Sefard+Shami+Teiman+Toshbim	torah	1:Numbers:29:26:29:31 2:Numbers:29:26:29:31 3:Numbers:29:26:29:31 4:Numbers:29:26:29:31
2020-10-08	chul|Thursday|-|SuccosIntermediate4|morning	Ashkenaz+Chabad+ChayeyOdom+Frankfurt+Hagra+Italki+Lita+Poznan+Romania	torah	1:Numbers:29:26:29:28 2:Numbers:29:29:29:31 3:Numbers:29:32:29:34 4:Numbers:29:26:29:31
2020-10-09	EY|Friday|-|HoshanahRabbahInHolyLand|morning	ALL	haftarah	-
2020-10-09	EY|Friday|-|HoshanahRabbahInHolyLand|morning	ALL	maftir	-
2020-10-09	EY|Friday|-|HoshanahRabbahInHolyLand|morning	Agadir+Algeria+Algiers+Baladi+Bavlim+Djerba+Fes+Libya+Magreb+Marrakesh+Morocco+Persia+PureSephardim+Sefard+Shami+Teiman+Toshbim	torah	1:Numbers:29:32:29:34 2:Numbers:29:32:29:34 3:Numbers:29:32:29:34 4:Numbers:29:32:29:34
2020-10-09	EY|Friday|-|HoshanahRabbahInHolyLand|morning	Ashkenaz+Chabad+ChayeyOdom+Frankfurt+Hagra+Italki+Lita+Poznan+Romania	torah	1:Numbers:29:26:29:28 2:Numbers:29:29:29:31 3:Numbers:29:32:29:34 4:Numbers:29:32:29:34
2020-10-09	chul|Friday|-|HoshanahRabbah|morning	ALL	haftarah	-
2020-10-09	chul|Friday|-|HoshanahRabbah|morning	ALL	maftir	-
2020-10-09	chul|Friday|-|HoshanahRabbah|morning	Agadir+Algeria+Algiers+Baladi+Bavlim+Djerba+Fes+Libya+Magreb+Marrakesh+Morocco+Persia+PureSephardim+Sefard+Shami+Teiman+Toshbim	torah	1:Numbers:29:29:29:34 2:Numbers:29:29:29:34 3:Numbers:29:29:29:34 4:Numbers:29:29:29:34
2020-10-09	chul|Friday|-|HoshanahRabbah|morning	Ashkenaz+Chabad+ChayeyOdom+Frankfurt+Hagra+Italki+Lita+Poznan+Romania	torah	1:Numbers:29:26:29:28 2:Numbers:29:29:29:31 3:Numbers:29:32:29:34 4:Numbers:29:29:29:34
2020-10-10	EY|shabbos|-|SheminiAtzeresAndSimchasTorahInHolyLand|afternoon	ALL	haftarah	-
2020-10-10	EY|shabbos|-|SheminiAtzeresAndSimchasTorahInHolyLand|afternoon	ALL	maftir	-
2020-10-10	EY|shabbos|-|SheminiAtzeresAndSimchasTorahInHolyLand|afternoon	ALL	torah	1:Genesis:1:1:1:5 2:Genesis:1:6:1:8 3:Genesis:1:9:1:13
2020-10-10	EY|shabbos|-|SheminiAtzeresAndSimchasTorahInHolyLand|morning	ALL	maftir	Numbers:29:35:30:1
2020-10-10	EY|shabbos|-|SheminiAtzeresAndSimchasTorahInHolyLand|morning	ALL	torah	1:Deuteronomy:33:1:33:7 2:Deuteronomy:33:8:33:12 3:Deuteronomy:33:13:33:17 4:Deuteronomy:33:18:33:21 5:Deuteronomy:33:22:33:26 6:Deuteronomy:33:27:34:12 7:Genesis:1:1:2:3
2020-10-10	EY|shabbos|-|SheminiAtzeresAndSimchasTorahInHolyLand|morning	Agadir+Algeria+Algiers+Bavlim+Djerba+Fes+Libya+Magreb+Marrakesh+Morocco+Persia+PureSephardim+Sefard+Toshbim	haftarah	Joshua:1:1:1:9
2020-10-10	EY|shabbos|-|SheminiAtzeresAndSimchasTorahInHolyLand|morning	Ashkenaz+Chabad+ChayeyOdom+Frankfurt+Hagra+Italki+Lita+Poznan	haftarah	Joshua:1:1:1:18
2020-10-10	EY|shabbos|-|SheminiAtzeresAndSimchasTorahInHolyLand|morning	Baladi+Shami+Teiman	haftarah	Joshua:1:1:1:9 Joshua:6:27:6:27
2020-10-10	EY|shabbos|-|SheminiAtzeresAndSimchasTorahInHolyLand|morning	Romania	haftarah	KingsI:8:22:8:34
2020-10-10	chul|shabbos|-|SheminiAtzeres|afternoon	ALL	haftarah	-
2020-10-10	chul|shabbos|-|SheminiAtzeres|afternoon	ALL	maftir	-
2020-10-10	chul|shabbos|-|SheminiAtzeres|afternoon	ALL	torah	1:Genesis:1:1:1:5 2:Genesis:1:6:1:8 3:Genesis:1:9:1:13
2020-10-10	chul|shabbos|-|SheminiAtzeres|morning	ALL	maftir	Numbers:29:35:30:1
2020-10-10	chul|shabbos|-|SheminiAtzeres|morning	ALL	torah	1:Deuteronomy:14:22:14:29 2:Deuteronomy:15:1:15:18 3:Deuteronomy:15:19:15:23 4:Deuteronomy:16:1:16:3 5:Deuteronomy:16:4:16:8 6:Deuteronomy:16:9:16:12 7:Deuteronomy:16:13:16:17
2020-10-10	chul|shabbos|-|SheminiAtzeres|morning	Agadir+Algeria+Algiers+Ashkenaz+Baladi+Bavlim+ChayeyOdom+Djerba+Fes+Frankfurt+Hagra+Libya+Lita+Magreb+Marrakesh+Morocco+Persia+Poznan+PureSephardim+Romania+Sefard+Shami+Teiman+Toshbim	haftarah	KingsI:8:54:8:66
2020-10-10	chul|shabbos|-|SheminiAtzeres|morning	Chabad+Italki	haftarah	KingsI:8:54:9:1
2020-10-11	chul|Sunday|Bereishis|SimchasTorah|evening	Agadir+Algeria+Algiers+Baladi+Bavlim+Chabad+Djerba+Fes+Libya+Magreb+Marrakesh+Morocco+Persia+PureSephardim+Romania+Sefard+Shami+Teiman+Toshbim	torah	-
2020-10-11	chul|Sunday|Bereishis|SimchasTorah|evening	Ashkenaz+ChayeyOdom+Frankfurt+Hagra+Italki+Lita+Poznan	torah	1:Deuteronomy:33:1:33:7 2:Deuteronomy:33:8:33:12 3:Deuteronomy:33:13:33:17 4:Deuteronomy:33:18:33:21 5:Deuteronomy:33:22:33:26
2020-10-11	chul|Sunday|Bereishis|SimchasTorah|morning	ALL	maftir	Numbers:29:35:30:1
2020-10-11	chul|Sunday|Bereishis|SimchasTorah|morning	ALL	torah	1:Deuteronomy:33:1:33:7 2:Deuteronomy:33:8:33:12 3:Deuteronomy:33:13:33:17 4:Deuteronomy:33:18:33:21 5:Deuteronomy:33:22:33:26 6:Deuteronomy:33:27:34:12 7:Genesis:1:1:2:3
2020-10-11	chul|Sunday|Bereishis|SimchasTorah|morning	Agadir+Algeria+Algiers+Bavlim+Djerba+Fes+Libya+Magreb+Marrakesh+Morocco+Persia+PureSephardim+Sefard+Toshbim	haftarah	Joshua:1:1:1:9
2020-10-11	chul|Sunday|Bereishis|SimchasTorah|morning	Ashkenaz+Chabad+ChayeyOdom+Frankfurt+Hagra+Italki+Lita+Poznan	haftarah	Joshua:1:1:1:18
2020-10-11	chul|Sunday|Bereishis|SimchasTorah|morning	Baladi+Shami+Teiman	haftarah	Joshua:1:1:1:9 Joshua:6:27:6:27
2020-10-11	chul|Sunday|Bereishis|SimchasTorah|morning	Romania	haftarah	KingsI:8:22:8:34
2020-10-12	EY|Monday|Bereishis|-|morning	ALL	haftarah	-
2020-10-12	EY|Monday|Bereishis|-|morning	ALL	maftir	-
2020-10-12	EY|Monday|Bereishis|-|morning	ALL	torah	1:Genesis:1:1:1:5 2:Genesis:1:6:1:8 3:Genesis:1:9:1:13
2020-10-12	chul|Monday|Bereishis|-|morning	ALL	haftarah	-
2020-10-12	chul|Monday|Bereishis|-|morning	ALL	maftir	-
2020-10-12	chul|Monday|Bereishis|-|morning	ALL	torah	1:Genesis:1:1:1:5 2:Genesis:1:6:1:8 3:Genesis:1:9:1:13
2020-10-17	EY|shabbos|Bereishis|ErevRoshChodesh|afternoon	ALL	haftarah	-
2020-10-17	EY|shabbos|Bereishis|ErevRoshChodesh|afternoon	ALL	maftir	-
2020-10-17	EY|shabbos|Bereishis|ErevRoshChodesh|afternoon	ALL	torah	1:Genesis:6:9:6:16 2:Genesis:6:17:6:19 3:Genesis:6:20:6:22
2020-10-17	EY|shabbos|Bereishis|ErevRoshChodesh|morning	ALL	maftir	Genesis:6:5:6:8
2020-10-17	EY|shabbos|Bereishis|ErevRoshChodesh|morning	ALL	torah	1:Genesis:1:1:2:3 2:Genesis:2:4:2:19 3:Genesis:2:20:3:21 4:Genesis:3:22:4:18 5:Genesis:4:19:4:22 6:Genesis:4:23:5:24 7:Genesis:5:25:6:8
2020-10-17	EY|shabbos|Bereishis|ErevRoshChodesh|morning	Agadir+Algeria+Algiers+Ashkenaz+Baladi+Bavlim+Chabad+ChayeyOdom+Djerba+Frankfurt+Hagra+Italki+Libya+Lita+Magreb+Marrakesh+Morocco+Persia+Poznan+PureSephardim+Romania+Sefard+Shami+Teiman+Toshbim	haftarah	SamuelI:20:18:20:42
2020-10-17	EY|shabbos|Bereishis|ErevRoshChodesh|morning	Fes	haftarah	Isaiah:42:5:42:21 SamuelI:20:18:20:18 SamuelI:20:42:20:42
2020-10-17	chul|shabbos|Bereishis|ErevRoshChodesh|afternoon	ALL	haftarah	-
2020-10-17	chul|shabbos|Bereishis|ErevRoshChodesh|afternoon	ALL	maftir	-
2020-10-17	chul|shabbos|Bereishis|ErevRoshChodesh|afternoon	ALL	torah	1:Genesis:6:9:6:16 2:Genesis:6:17:6:19 3:Genesis:6:20:6:22
2020-10-17	chul|shabbos|Bereishis|ErevRoshChodesh|morning	ALL	maftir	Genesis:6:5:6:8
2020-10-17	chul|shabbos|Bereishis|ErevRoshChodesh|morning	ALL	torah	1:Genesis:1:1:2:3 2:Genesis:2:4:2:19 3:Genesis:2:20:3:21 4:Genesis:3:22:4:18 5:Genesis:4:19:4:22 6:Genesis:4:23:5:24 7:Genesis:5:25:6:8
2020-10-17	chul|shabbos|Bereishis|ErevRoshChodesh|morning	Agadir+Algeria+Algiers+Ashkenaz+Baladi+Bavlim+Chabad+ChayeyOdom+Djerba+Frankfurt+Hagra+Italki+Libya+Lita+Magreb+Marrakesh+Morocco+Persia+Poznan+PureSephardim+Romania+Sefard+Shami+Teiman+Toshbim	haftarah	SamuelI:20:18:20:42
2020-10-17	chul|shabbos|Bereishis|ErevRoshChodesh|morning	Fes	haftarah	Isaiah:42:5:42:21 SamuelI:20:18:20:18 SamuelI:20:42:20:42
2020-10-18	EY|Sunday|Noach|ErevRoshChodesh+RoshChodesh|morning	ALL	haftarah	-
2020-10-18	EY|Sunday|Noach|ErevRoshChodesh+RoshChodesh|morning	ALL	maftir	-
2020-10-18	EY|Sunday|Noach|ErevRoshChodesh+RoshChodesh|morning	Agadir+Algeria+Algiers+Ashkenaz+Baladi+Bavlim+Chabad+ChayeyOdom+Djerba+Fes+Frankfurt+Italki+Libya+Lita+Magreb+Marrakesh+Morocco+Persia+Poznan+PureSephardim+Romania+Sefard+Shami+Teiman+Toshbim	torah	1:Numbers:28:1:28:3 2:Numbers:28:3:28:5 3:Numbers:28:6:28:10 4:Numbers:28:11:28:15
2020-10-18	EY|Sunday|Noach|ErevRoshChodesh+RoshChodesh|morning	Hagra	torah	1:Numbers:28:1:28:3 2:Numbers:28:4:28:8 3:Numbers:28:6:28:10 4:Numbers:28:11:28:15
2020-10-18	chul|Sunday|Noach|ErevRoshChodesh+RoshChodesh|morning	ALL	haftarah	-
2020-10-18	chul|Sunday|Noach|ErevRoshChodesh+RoshChodesh|morning	ALL	maftir	-
2020-10-18	chul|Sunday|Noach|ErevRoshChodesh+RoshChodesh|morning	Agadir+Algeria+Algiers+Ashkenaz+Baladi+Bavlim+Chabad+ChayeyOdom+Djerba+Fes+Frankfurt+Italki+Libya+Lita+Magreb+Marrakesh+Morocco+Persia+Poznan+PureSephardim+Romania+Sefard+Shami+Teiman+Toshbim	torah	1:Numbers:28:1:28:3 2:Numbers:28:3:28:5 3:Numbers:28:6:28:10 4:Numbers:28:11:28:15
2020-10-18	chul|Sunday|Noach|ErevRoshChodesh+RoshChodesh|morning	Hagra	torah	1:Numbers:28:1:28:3 2:Numbers:28:4:28:8 3:Numbers:28:6:28:10 4:Numbers:28:11:28:15
2020-10-19	EY|Monday|Noach|RoshChodesh|morning	ALL	haftarah	-
2020-10-19	EY|Monday|Noach|RoshChodesh|morning	ALL	maftir	-
2020-10-19	EY|Monday|Noach|RoshChodesh|morning	Agadir+Algeria+Algiers+Ashkenaz+Baladi+Bavlim+Chabad+ChayeyOdom+Djerba+Fes+Frankfurt+Italki+Libya+Lita+Magreb+Marrakesh+Morocco+Persia+Poznan+PureSephardim+Romania+Sefard+Shami+Teiman+Toshbim	torah	1:Numbers:28:1:28:3 2:Numbers:28:3:28:5 3:Numbers:28:6:28:10 4:Numbers:28:11:28:15
2020-10-19	EY|Monday|Noach|RoshChodesh|morning	Hagra	torah	1:Numbers:28:1:28:3 2:Numbers:28:4:28:8 3:Numbers:28:6:28:10 4:Numbers:28:11:28:15
2020-10-19	chul|Monday|Noach|RoshChodesh|morning	ALL	haftarah	-
2020-10-19	chul|Monday|Noach|RoshChodesh|morning	ALL	maftir	-
2020-10-19	chul|Monday|Noach|RoshChodesh|morning	Agadir+Algeria+Algiers+Ashkenaz+Baladi+Bavlim+Chabad+ChayeyOdom+Djerba+Fes+Frankfurt+Italki+Libya+Lita+Magreb+Marrakesh+Morocco+Persia+Poznan+PureSephardim+Romania+Sefard+Shami+Teiman+Toshbim	torah	1:Numbers:28:1:28:3 2:Numbers:28:3:28:5 3:Numbers:28:6:28:10 4:Numbers:28:11:28:15
2020-10-19	chul|Monday|Noach|RoshChodesh|morning	Hagra	torah	1:Numbers:28:1:28:3 2:Numbers:28:4:28:8 3:Numbers:28:6:28:10 4:Numbers:28:11:28:15
2020-11-16	EY|Monday|Toldos|ErevRoshChodesh|morning	ALL	haftarah	-
2020-11-16	EY|Monday|Toldos|ErevRoshChodesh|morning	ALL	maftir	-
2020-11-16	EY|Monday|Toldos|ErevRoshChodesh|morning	ALL	torah	1:Genesis:25:19:25:22 2:Genesis:25:23:25:26 3:Genesis:25:27:26:5
2020-11-16	chul|Monday|Toldos|ErevRoshChodesh|morning	ALL	haftarah	-
2020-11-16	chul|Monday|Toldos|ErevRoshChodesh|morning	ALL	maftir	-
2020-11-16	chul|Monday|Toldos|ErevRoshChodesh|morning	ALL	torah	1:Genesis:25:19:25:22 2:Genesis:25:23:25:26 3:Genesis:25:27:26:5
2020-11-17	EY|Tuesday|Toldos|RoshChodesh|morning	ALL	haftarah	-
2020-11-17	EY|Tuesday|Toldos|RoshChodesh|morning	ALL	maftir	-
2020-11-17	EY|Tuesday|Toldos|RoshChodesh|morning	Agadir+Algeria+Algiers+Ashkenaz+Baladi+Bavlim+Chabad+ChayeyOdom+Djerba+Fes+Frankfurt+Italki+Libya+Lita+Magreb+Marrakesh+Morocco+Persia+Poznan+PureSephardim+Romania+Sefard+Shami+Teiman+Toshbim	torah	1:Numbers:28:1:28:3 2:Numbers:28:3:28:5 3:Numbers:28:6:28:10 4:Numbers:28:11:28:15
2020-11-17	EY|Tuesday|Toldos|RoshChodesh|morning	Hagra	torah	1:Numbers:28:1:28:3 2:Numbers:28:4:28:8 3:Numbers:28:6:28:10 4:Numbers:28:11:28:15
2020-11-17	chul|Tuesday|Toldos|RoshChodesh|morning	ALL	haftarah	-
2020-11-17	chul|Tuesday|Toldos|RoshChodesh|morning	ALL	maftir	-
2020-11-17	chul|Tuesday|Toldos|RoshChodesh|morning	Agadir+Algeria+Algiers+Ashkenaz+Baladi+Bavlim+Chabad+ChayeyOdom+Djerba+Fes+Frankfurt+Italki+Libya+Lita+Magreb+Marrakesh+Morocco+Persia+Poznan+PureSephardim+Romania+Sefard+Shami+Teiman+Toshbim	torah	1:Numbers:28:1:28:3 2:Numbers:28:3:28:5 3:Numbers:28:6:28:10 4:Numbers:28:11:28:15
2020-11-17	chul|Tuesday|Toldos|RoshChodesh|morning	Hagra	torah	1:Numbers:28:1:28:3 2:Numbers:28:4:28:8 3:Numbers:28:6:28:10 4:Numbers:28:11:28:15
2020-11-19	EY|Thursday|Toldos|-|morning	ALL	haftarah	-
2020-11-19	EY|Thursday|Toldos|-|morning	ALL	maftir	-
2020-11-19	EY|Thursday|Toldos|-|morning	ALL	torah	1:Genesis:25:19:25:22 2:Genesis:25:23:25:26 3:Genesis:25:27:26:5
2020-11-19	chul|Thursday|Toldos|-|morning	ALL	haftarah	-
2020-11-19	chul|Thursday|Toldos|-|morning	ALL	maftir	-
2020-11-19	chul|Thursday|Toldos|-|morning	ALL	torah	1:Genesis:25:19:25:22 2:Genesis:25:23:25:26 3:Genesis:25:27:26:5
2020-12-11	EY|Friday|Vayeishev|Chanukah1|morning	ALL	haftarah	-
2020-12-11	EY|Friday|Vayeishev|Chanukah1|morning	ALL	maftir	-
2020-12-11	EY|Friday|Vayeishev|Chanukah1|morning	Agadir+Algeria+Algiers+Baladi+Bavlim+Djerba+Fes+Libya+Magreb+Marrakesh+Morocco+Persia+PureSephardim+Sefard+Shami+Teiman+Toshbim	torah	1:Numbers:6:22:7:11 2:Numbers:7:12:7:14 3:Numbers:7:15:7:17
2020-12-11	EY|Friday|Vayeishev|Chanukah1|morning	Ashkenaz+Chabad+ChayeyOdom+Frankfurt+Hagra+Italki+Lita+Poznan+Romania	torah	1:Numbers:7:1:7:11 2:Numbers:7:12:7:14 3:Numbers:7:15:7:17
2020-12-11	chul|Friday|Vayeishev|Chanukah1|morning	ALL	haftarah	-
2020-12-11	chul|Friday|Vayeishev|Chanukah1|morning	ALL	maftir	-
2020-12-11	chul|Friday|Vayeishev|Chanukah1|morning	Agadir+Algeria+Algiers+Baladi+Bavlim+Djerba+Fes+Libya+Magreb+Marrakesh+Morocco+Persia+PureSephardim+Sefard+Shami+Teiman+Toshbim	torah	1:Numbers:6:22:7:11 2:Numbers:7:12:7:14 3:Numbers:7:15:7:17
2020-12-11	chul|Friday|Vayeishev|Chanukah1|morning	Ashkenaz+Chabad+ChayeyOdom+Frankfurt+Hagra+Italki+Lita+Poznan+Romania	torah	1:Numbers:7:1:7:11 2:Numbers:7:12:7:14 3:Numbers:7:15:7:17
2020-12-12	EY|shabbos|Vayeishev|Chanukah2|afternoon	ALL	haftarah	-
2020-12-12	EY|shabbos|Vayeishev|Chanukah2|afternoon	ALL	maftir	-
2020-12-12	EY|shabbos|Vayeishev|Chanukah2|afternoon	ALL	torah	1:Genesis:41:1:41:4 2:Genesis:41:5:41:7 3:Genesis:41:8:41:14
2020-12-12	EY|shabbos|Vayeishev|Chanukah2|morning	ALL	haftarah	Zechariah:2:14:4:7
2020-12-12	EY|shabbos|Vayeishev|Chanukah2|morning	ALL	maftir	Numbers:7:18:7:23
2020-12-12	EY|shabbos|Vayeishev|Chanukah2|morning	ALL	torah	1:Genesis:37:1:37:11 2:Genesis:37:12:37:22 3:Genesis:37:23:37:36 4:Genesis:38:1:38:30 5:Genesis:39:1:39:6 6:Genesis:39:7:39:23 7:Genesis:40:1:40:23
2020-12-12	chul|shabbos|Vayeishev|Chanukah2|afternoon	ALL	haftarah	-
2020-12-12	chul|shabbos|Vayeishev|Chanukah2|afternoon	ALL	maftir	-
2020-12-12	chul|shabbos|Vayeishev|Chanukah2|afternoon	ALL	torah	1:Genesis:41:1:41:4 2:Genesis:41:5:41:7 3:Genesis:41:8:41:14
2020-12-12	chul|shabbos|Vayeishev|Chanukah2|morning	ALL	haftarah	Zechariah:2:14:4:7
2020-12-12	chul|shabbos|Vayeishev|Chanukah2|morning	ALL	maftir	Numbers:7:18:7:23
2020-12-12	chul|shabbos|Vayeishev|Chanukah2|morning	ALL	torah	1:Genesis:37:1:37:11 2:Genesis:37:12:37:22 3:Genesis:37:23:37:36 4:Genesis:38:1:38:30 5:Genesis:39:1:39:6 6:Genesis:39:7:39:23 7:Genesis:40:1:40:23
2020-12-13	EY|Sunday|Mikeitz|Chanukah3|morning	ALL	haftarah	-
2020-12-13	EY|Sunday|Mikeitz|Chanukah3|morning	ALL	maftir	-
2020-12-13	EY|Sunday|Mikeitz|Chanukah3|morning	Agadir+Algeria+Algiers+Baladi+Bavlim+Djerba+Fes+Libya+Magreb+Marrakesh+Morocco+Persia+PureSephardim+Sefard+Shami+Teiman+Toshbim	torah	1:Numbers:7:24:7:26 2:Numbers:7:27:7:29 3:Numbers:7:24:7:29
2020-12-13	EY|Sunday|Mikeitz|Chanukah3|morning	Ashkenaz+Chabad+ChayeyOdom+Frankfurt+Hagra+Italki+Lita+Poznan+Romania	torah	1:Numbers:7:24:7:26 2:Numbers:7:27:7:29 3:Numbers:7:30:7:35
2020-12-13	chul|Sunday|Mikeitz|Chanukah3|morning	ALL	haftarah	-
2020-12-13	chul|Sunday|Mikeitz|Chanukah3|morning	ALL	maftir	-
2020-12-13	chul|Sunday|Mikeitz|Chanukah3|morning	Agadir+Algeria+Algiers+Baladi+Bavlim+Djerba+Fes+Libya+Magreb+Marrakesh+Morocco+Persia+PureSephardim+Sefard+Shami+Teiman+Toshbim	torah	1:Numbers:7:24:7:26 2:Numbers:7:27:7:29 3:Numbers:7:24:7:29
2020-12-13	chul|Sunday|Mikeitz|Chanukah3|morning	Ashkenaz+Chabad+ChayeyOdom+Frankfurt+Hagra+Italki+Lita+Poznan+Romania	torah	1:Numbers:7:24:7:26 2:Numbers:7:27:7:29 3:Numbers:7:30:7:35
2020-12-14	EY|Monday|Mikeitz|Chanukah4|morning	ALL	haftarah	-
2020-12-14	EY|Monday|Mikeitz|Chanukah4|morning	ALL	maftir	-
2020-12-14	EY|Monday|Mikeitz|Chanukah4|morning	Agadir+Algeria+Algiers+Baladi+Bavlim+Djerba+Fes+Libya+Magreb+Marrakesh+Morocco+Persia+PureSephardim+Sefard+Shami+Teiman+Toshbim	torah	1:Numbers:7:30:7:32 2:Numbers:7:33:7:35 3:Numbers:7:30:7:35
2020-12-14	EY|Monday|Mikeitz|Chanukah4|morning	Ashkenaz+Chabad+ChayeyOdom+Frankfurt+Hagra+Italki+Lita+Poznan+Romania	torah	1:Numbers:7:30:7:32 2:Numbers:7:33:7:35 3:Numbers:7:36:7:41
2020-12-14	chul|Monday|Mikeitz|Chanukah4|morning	ALL	haftarah	-
2020-12-14	chul|Monday|Mikeitz|Chanukah4|morning	ALL	maftir	-
2020-12-14	chul|Monday|Mikeitz|Chanukah4|morning	Agadir+Algeria+Algiers+Baladi+Bavlim+Djerba+Fes+Libya+Magreb+Marrakesh+Morocco+Persia+PureSephardim+Sefard+Shami+Teiman+Toshbim	torah	1:Numbers:7:30:7:32 2:Numbers:7:33:7:35 3:Numbers:7:30:7:35
2020-12-14	chul|Monday|Mikeitz|Chanukah4|morning	Ashkenaz+Chabad+ChayeyOdom+Frankfurt+Hagra+Italki+Lita+Poznan+Romania	torah	1:Numbers:7:30:7:32 2:Numbers:7:33:7:35 3:Numbers:7:36:7:41
2020-12-15	EY|Tuesday|Mikeitz|Chanukah5+ErevRoshChodesh|morning	ALL	haftarah	-
2020-12-15	EY|Tuesday|Mikeitz|Chanukah5+ErevRoshChodesh|morning	ALL	maftir	-
2020-12-15	EY|Tuesday|Mikeitz|Chanukah5+ErevRoshChodesh|morning	Agadir+Algeria+Algiers+Baladi+Bavlim+Djerba+Fes+Libya+Magreb+Marrakesh+Morocco+Persia+PureSephardim+Sefard+Shami+Teiman+Toshbim	torah	1:Numbers:7:36:7:38 2:Numbers:7:39:7:41 3:Numbers:7:36:7:41
2020-12-15	EY|Tuesday|Mikeitz|Chanukah5+ErevRoshChodesh|morning	Ashkenaz+Chabad+ChayeyOdom+Frankfurt+Hagra+Italki+Lita+Poznan+Romania	torah	1:Numbers:7:36:7:38 2:Numbers:7:39:7:41 3:Numbers:7:42:7:47
2020-12-15	chul|Tuesday|Mikeitz|Chanukah5+ErevRoshChodesh|morning	ALL	haftarah	-
2020-12-15	chul|Tuesday|Mikeitz|Chanukah5+ErevRoshChodesh|morning	ALL	maftir	-
2020-12-15	chul|Tuesday|Mikeitz|Chanukah5+ErevRoshChodesh|morning	Agadir+Algeria+Algiers+Baladi+Bavlim+Djerba+Fes+Libya+Magreb+Marrakesh+Morocco+Persia+PureSephardim+Sefard+Shami+Teiman+Toshbim	torah	1:Numbers:7:36:7:38 2:Numbers:7:39:7:41 3:Numbers:7:36:7:41
2020-12-15	chul|Tuesday|Mikeitz|Chanukah5+ErevRoshChodesh|morning	Ashkenaz+Chabad+ChayeyOdom+Frankfurt+Hagra+Italki+Lita+Poznan+Romania	torah	1:Numbers:7:36:7:38 2:Numbers:7:39:7:41 3:Numbers:7:42:7:47
2020-12-16	EY|Wednesday|Mikeitz|Chanukah6+RoshChodesh|morning	ALL	haftarah	-
2020-12-16	EY|Wednesday|Mikeitz|Chanukah6+RoshChodesh|morning	ALL	maftir	-
2020-12-16	EY|Wednesday|Mikeitz|Chanukah6+RoshChodesh|morning	ALL	torah	1:Numbers:28:1:28:5 2:Numbers:28:6:28:10 3:Numbers:28:11:28:15 4:Numbers:7:42:7:47
2020-12-16	chul|Wednesday|Mikeitz|Chanukah6+RoshChodesh|morning	ALL	haftarah	-
2020-12-16	chul|Wednesday|Mikeitz|Chanukah6+RoshChodesh|morning	ALL	maftir	-
2020-12-16	chul|Wednesday|Mikeitz|Chanukah6+RoshChodesh|morning	ALL	torah	1:Numbers:28:1:28:5 2:Numbers:28:6:28:10 3:Numbers:28:11:28:15 4:Numbers:7:42:7:47
2020-12-17	EY|Thursday|Mikeitz|Chanukah7|morning	ALL	haftarah	-
2020-12-17	EY|Thursday|Mikeitz|Chanukah7|morning	ALL	maftir	-
2020-12-17	EY|Thursday|Mikeitz|Chanukah7|morning	Agadir+Algeria+Algiers+Baladi+Bavlim+Djerba+Fes+Libya+Magreb+Marrakesh+Morocco+Persia+PureSephardim+Sefard+Shami+Teiman+Toshbim	torah	1:Numbers:7:48:7:50 2:Numbers:7:51:7:53 3:Numbers:7:48:7:53
2020-12-17	EY|Thursday|Mikeitz|Chanukah7|morning	Ashkenaz+Chabad+ChayeyOdom+Frankfurt+Hagra+Italki+Lita+Poznan+Romania	torah	1:Numbers:7:48:7:50 2:Numbers:7:51:7:53 3:Numbers:7:54:7:59
2020-12-17	chul|Thursday|Mikeitz|Chanukah7|morning	ALL	haftarah	-
2020-12-17	chul|Thursday|Mikeitz|Chanukah7|morning	ALL	maftir	-
2020-12-17	chul|Thursday|Mikeitz|Chanukah7|morning	Agadir+Algeria+Algiers+Baladi+Bavlim+Djerba+Fes+Libya+Magreb+Marrakesh+Morocco+Persia+PureSephardim+Sefard+Shami+Teiman+Toshbim	torah	1:Numbers:7:48:7:50 2:Numbers:7:51:7:53 3:Numbers:7:48:7:53
2020-12-17	chul|Thursday|Mikeitz|Chanukah7|morning	Ashkenaz+Chabad+ChayeyOdom+Frankfurt+Hagra+Italki+Lita+Poznan+Romania	torah	1:Numbers:7:48:7:50 2:Numbers:7:51:7:53 3:Numbers:7:54:7:59
2020-12-18	EY|Friday|Mikeitz|Chanukah8|morning	ALL	haftarah	-
2020-12-18	EY|Friday|Mikeitz|Chanukah8|morning	ALL	maftir	-
2020-12-18	EY|Friday|Mikeitz|Chanukah8|morning	Agadir+Algeria+Algiers+Baladi+Bavlim+Djerba+Fes+Libya+Magreb+Marrakesh+Morocco+Persia+PureSephardim+Sefard+Shami+Teiman+Toshbim	torah	1:Numbers:7:54:7:56 2:Numbers:7:57:7:59 3:Numbers:7:54:8:4
2020-12-18	EY|Friday|Mikeitz|Chanukah8|morning	Ashkenaz+Chabad+ChayeyOdom+Frankfurt+Hagra+Italki+Lita+Poznan+Romania	torah	1:Numbers:7:54:7:56 2:Numbers:7:57:7:59 3:Numbers:7:60:8:4
2020-12-18	chul|Friday|Mikeitz|Chanukah8|morning	ALL	haftarah	-
2020-12-18	chul|Friday|Mikeitz|Chanukah8|morning	ALL	maftir	-
2020-12-18	chul|Friday|Mikeitz|Chanukah8|morning	Agadir+Algeria+Algiers+Baladi+Bavlim+Djerba+Fes+Libya+Magreb+Marrakesh+Morocco+Persia+PureSephardim+Sefard+Shami+Teiman+Toshbim	torah	1:Numbers:7:54:7:56 2:Numbers:7:57:7:59 3:Numbers:7:54:8:4
2020-12-18	chul|Friday|Mikeitz|Chanukah8|morning	Ashkenaz+Chabad+ChayeyOdom+Frankfurt+Hagra+Italki+Lita+Poznan+Romania	torah	1:Numbers:7:54:7:56 2:Numbers:7:57:7:59 3:Numbers:7:60:8:4
2020-12-19	EY|shabbos|Mikeitz|-|afternoon	ALL	haftarah	-
2020-12-19	EY|shabbos|Mikeitz|-|afternoon	ALL	maftir	-
2020-12-19	EY|shabbos|Mikeitz|-|afternoon	ALL	torah	1:Genesis:44:18:44:20 2:Genesis:44:21:44:24 3:Genesis:44:25:44:30
2020-12-19	EY|shabbos|Mikeitz|-|morning	ALL	haftarah	KingsI:3:15:4:1
2020-12-19	EY|shabbos|Mikeitz|-|morning	ALL	maftir	Genesis:44:14:44:17
2020-12-19	EY|shabbos|Mikeitz|-|morning	ALL	torah	1:Genesis:41:1:41:14 2:Genesis:41:15:41:38 3:Genesis:41:39:41:52 4:Genesis:41:53:42:18 5:Genesis:42:19:43:15 6:Genesis:43:16:43:29 7:Genesis:43:30:44:17
2020-12-19	chul|shabbos|Mikeitz|-|afternoon	ALL	haftarah	-
2020-12-19	chul|shabbos|Mikeitz|-|afternoon	ALL	maftir	-
2020-12-19	chul|shabbos|Mikeitz|-|afternoon	ALL	torah	1:Genesis:44:18:44:20 2:Genesis:44:21:44:24 3:Genesis:44:25:44:30
2020-12-19	chul|shabbos|Mikeitz|-|morning	ALL	haftarah	KingsI:3:15:4:1
2020-12-19	chul|shabbos|Mikeitz|-|morning	ALL	maftir	Genesis:44:14:44:17
2020-12-19	chul|shabbos|Mikeitz|-|morning	ALL	torah	1:Genesis:41:1:41:14 2:Genesis:41:15:41:38 3:Genesis:41:39:41:52 4:Genesis:41:53:42:18 5:Genesis:42:19:43:15 6:Genesis:43:16:43:29 7:Genesis:43:30:44:17
2020-12-21	EY|Monday|Vayigash|-|morning	ALL	haftarah	-
2020-12-21	EY|Monday|Vayigash|-|morning	ALL	maftir	-
2020-12-21	EY|Monday|Vayigash|-|morning	ALL	torah	1:Genesis:44:18:44:20 2:Genesis:44:21:44:24 3:Genesis:44:25:44:30
2020-12-21	chul|Monday|Vayigash|-|morning	ALL	haftarah	-
2020-12-21	chul|Monday|Vayigash|-|morning	ALL	maftir	-
2020-12-21	chul|Monday|Vayigash|-|morning	ALL	torah	1:Genesis:44:18:44:20 2:Genesis:44:21:44:24 3:Genesis:44:25:44:30
2020-12-25	EY|Friday|Vayigash|FastOfTeves|afternoon	ALL	maftir	-
2020-12-25	EY|Friday|Vayigash|FastOfTeves|afternoon	ALL	torah	1:Exodus:32:11:32:14 2:Exodus:34:1:34:3 3:Exodus:34:4:34:10
2020-12-25	EY|Friday|Vayigash|FastOfTeves|afternoon	Agadir+Baladi+Bavlim+Djerba+Fes+Libya+Magreb+Morocco+Persia+PureSephardim+Sefard+Shami+Teiman+Toshbim	haftarah	-
2020-12-25	EY|Friday|Vayigash|FastOfTeves|afternoon	Algeria+Marrakesh	haftarah	Hosea:14:2:14:10 Micah:7:18:7:20
2020-12-25	EY|Friday|Vayigash|FastOfTeves|afternoon	Algiers+Ashkenaz+Chabad+ChayeyOdom+Frankfurt+Hagra+Italki+Lita+Poznan+Romania	haftarah	Isaiah:55:6:56:8
2020-12-25	EY|Friday|Vayigash|FastOfTeves|morning	ALL	haftarah	-
2020-12-25	EY|Friday|Vayigash|FastOfTeves|morning	ALL	maftir	-
2020-12-25	EY|Friday|Vayigash|FastOfTeves|morning	ALL	torah	1:Exodus:32:11:32:14 2:Exodus:34:1:34:3 3:Exodus:34:4:34:10
2020-12-25	chul|Friday|Vayigash|FastOfTeves|afternoon	ALL	maftir	-
2020-12-25	chul|Friday|Vayigash|FastOfTeves|afternoon	ALL	torah	1:Exodus:32:11:32:14 2:Exodus:34:1:34:3 3:Exodus:34:4:34:10
2020-12-25	chul|Friday|Vayigash|FastOfTeves|afternoon	Agadir+Baladi+Bavlim+Djerba+Fes+Libya+Magreb+Morocco+Persia+PureSephardim+Sefard+Shami+Teiman+Toshbim	haftarah	-
2020-12-25	chul|Friday|Vayigash|FastOfTeves|afternoon	Algeria+Marrakesh	haftarah	Hosea:14:2:14:10 Micah:7:18:7:20
2020-12-25	chul|Friday|Vayigash|FastOfTeves|afternoon	Algiers+Ashkenaz+Chabad+ChayeyOdom+Frankfurt+Hagra+Italki+Lita+Poznan+Romania	haftarah	Isaiah:55:6:56:8
2020-12-25	chul|Friday|Vayigash|FastOfTeves|morning	ALL	haftarah	-
2020-12-25	chul|Friday|Vayigash|FastOfTeves|morning	ALL	maftir	-
2020-12-25	chul|Friday|Vayigash|FastOfTeves|morning	ALL	torah	1:Exodus:32:11:32:14 2:Exodus:34:1:34:3 3:Exodus:34:4:34:10
2021-01-14	EY|Thursday|Va_eira|RoshChodesh|morning	ALL	haftarah	-
2021-01-14	EY|Thursday|Va_eira|RoshChodesh|morning	ALL	maftir	-
2021-01-14	EY|Thursday|Va_eira|RoshChodesh|morning	Agadir+Algeria+Algiers+Ashkenaz+Baladi+Bavlim+Chabad+ChayeyOdom+Djerba+Fes+Frankfurt+Italki+Libya+Lita+Magreb+Marrakesh+Morocco+Persia+Poznan+PureSephardim+Romania+Sefard+Shami+Teiman+Toshbim	torah	1:Numbers:28:1:28:3 2:Numbers:28:3:28:5 3:Numbers:28:6:28:10 4:Numbers:28:11:28:15
2021-01-14	EY|Thursday|Va_eira|RoshChodesh|morning	Hagra	torah	1:Numbers:28:1:28:3 2:Numbers:28:4:28:8 3:Numbers:28:6:28:10 4:Numbers:28:11:28:15
2021-01-14	chul|Thursday|Va_eira|RoshChodesh|morning	ALL	haftarah	-
2021-01-14	chul|Thursday|Va_eira|RoshChodesh|morning	ALL	maftir	-
2021-01-14	chul|Thursday|Va_eira|RoshChodesh|morning	Agadir+Algeria+Algiers+Ashkenaz+Baladi+Bavlim+Chabad+ChayeyOdom+Djerba+Fes+Frankfurt+Italki+Libya+Lita+Magreb+Marrakesh+Morocco+Persia+Poznan+PureSephardim+Romania+Sefard+Shami+Teiman+Toshbim	torah	1:Numbers:28:1:28:3 2:Numbers:28:3:28:5 3:Numbers:28:6:28:10 4:Numbers:28:11:28:15
2021-01-14	chul|Thursday|Va_eira|RoshChodesh|morning	Hagra	torah	1:Numbers:28:1:28:3 2:Numbers:28:4:28:8 3:Numbers:28:6:28:10 4:Numbers:28:11:28:15
2021-01-18	EY|Monday|Bo|-|morning	ALL	haftarah	-
2021-01-18	EY|Monday|Bo|-|morning	ALL	maftir	-
2021-01-18	EY|Monday|Bo|-|morning	ALL	torah	1:Exodus:10:1:10:3 2:Exodus:10:4:10:6 3:Exodus:10:7:10:11
2021-01-18	chul|Monday|Bo|-|morning	ALL	haftarah	-
2021-01-18	chul|Monday|Bo|-|morning	ALL	maftir	-
2021-01-18	chul|Monday|Bo|-|morning	ALL	torah	1:Exodus:10:1:10:3 2:Exodus:10:4:10:6 3:Exodus:10:7:10:11
2021-02-11	EY|Thursday|Mishpatim|ErevRoshChodesh|morning	ALL	haftarah	-
2021-02-11	EY|Thursday|Mishpatim|ErevRoshChodesh|morning	ALL	maftir	-
2021-02-11	EY|Thursday|Mishpatim|ErevRoshChodesh|morning	ALL	torah	1:Exodus:21:1:21:6 2:Exodus:21:7:21:11 3:Exodus:21:12:21:19
2021-02-11	chul|Thursday|Mishpatim|ErevRoshChodesh|morning	ALL	haftarah	-
2021-02-11	chul|Thursday|Mishpatim|ErevRoshChodesh|morning	ALL	maftir	-
2021-02-11	chul|Thursday|Mishpatim|ErevRoshChodesh|morning	ALL	torah	1:Exodus:21:1:21:6 2:Exodus:21:7:21:11 3:Exodus:21:12:21:19
2021-02-12	EY|Friday|Mishpatim|ErevRoshChodesh+RoshChodesh|morning	ALL	haftarah	-
2021-02-12	EY|Friday|Mishpatim|ErevRoshChodesh+RoshChodesh|morning	ALL	maftir	-
2021-02-12	EY|Friday|Mishpatim|ErevRoshChodesh+RoshChodesh|morning	Agadir+Algeria+Algiers+Ashkenaz+Baladi+Bavlim+Chabad+ChayeyOdom+Djerba+Fes+Frankfurt+Italki+Libya+Lita+Magreb+Marrakesh+Morocco+Persia+Poznan+PureSephardim+Romania+Sefard+Shami+Teiman+Toshbim	torah	1:Numbers:28:1:28:3 2:Numbers:28:3:28:5 3:Numbers:28:6:28:10 4:Numbers:28:11:28:15
2021-02-12	EY|Friday|Mishpatim|ErevRoshChodesh+RoshChodesh|morning	Hagra	torah	1:Numbers:28:1:28:3 2:Numbers:28:4:28:8 3:Numbers:28:6:28:10 4:Numbers:28:11:28:15
2021-02-12	chul|Friday|Mishpatim|ErevRoshChodesh+RoshChodesh|morning	ALL	haftarah	-
2021-02-12	chul|Friday|Mishpatim|ErevRoshChodesh+RoshChodesh|morning	ALL	maftir	-
2021-02-12	chul|Friday|Mishpatim|ErevRoshChodesh+RoshChodesh|morning	Agadir+Algeria+Algiers+Ashkenaz+Baladi+Bavlim+Chabad+ChayeyOdom+Djerba+Fes+Frankfurt+Italki+Libya+Lita+Magreb+Marrakesh+Morocco+Persia+Poznan+PureSephardim+Romania+Sefard+Shami+Teiman+Toshbim	torah	1:Numbers:28:1:28:3 2:Numbers:28:3:28:5 3:Numbers:28:6:28:10 4:Numbers:28:11:28:15
2021-02-12	chul|Friday|Mishpatim|ErevRoshChodesh+RoshChodesh|morning	Hagra	torah	1:Numbers:28:1:28:3 2:Numbers:28:4:28:8 3:Numbers:28:6:28:10 4:Numbers:28:11:28:15
2021-02-13	EY|shabbos|Mishpatim|ParshasShekalim+RoshChodesh|afternoon	ALL	haftarah	-
2021-02-13	EY|shabbos|Mishpatim|ParshasShekalim+RoshChodesh|afternoon	ALL	maftir	-
2021-02-13	EY|shabbos|Mishpatim|ParshasShekalim+RoshChodesh|afternoon	ALL	torah	1:Exodus:25:1:25:5 2:Exodus:25:6:25:9 3:Exodus:25:10:25:16
2021-02-13	EY|shabbos|Mishpatim|ParshasShekalim+RoshChodesh|morning	ALL	maftir	Exodus:30:11:30:16
2021-02-13	EY|shabbos|Mishpatim|ParshasShekalim+RoshChodesh|morning	ALL	torah	1:Exodus:21:1:21:19 2:Exodus:21:20:22:3 3:Exodus:22:4:22:26 4:Exodus:22:27:23:5 5:Exodus:23:6:23:19 6:Exodus:23:20:24:18 7:Numbers:28:9:28:15
2021-02-13	EY|shabbos|Mishpatim|ParshasShekalim+RoshChodesh|morning	Agadir+Algeria+Algiers+Bavlim+Djerba+Fes+Libya+Magreb+Marrakesh+Morocco+Persia+PureSephardim+Sefard+Toshbim	haftarah	KingsII:11:17:12:17
2021-02-13	EY|shabbos|Mishpatim|ParshasShekalim+RoshChodesh|morning	Ashkenaz+Baladi+ChayeyOdom+Frankfurt+Hagra+Italki+Lita+Poznan+Shami+Teiman	haftarah	KingsII:12:1:12:17
2021-02-13	EY|shabbos|Mishpatim|ParshasShekalim+RoshChodesh|morning	Chabad	haftarah	KingsII:12:1:12:17 Isaiah:66:1:66:1 Isaiah:66:23:66:24 Isaiah:66:23:66:23
2021-02-13	EY|shabbos|Mishpatim|ParshasShekalim+RoshChodesh|morning	Romania	haftarah	Ezekiel:45:12:46:5
2021-02-13	chul|shabbos|Mishpatim|ParshasShekalim+RoshChodesh|afternoon	ALL	haftarah	-
2021-02-13	chul|shabbos|Mishpatim|ParshasShekalim+RoshChodesh|afternoon	ALL	maftir	-
2021-02-13	chul|shabbos|Mishpatim|ParshasShekalim+RoshChodesh|afternoon	ALL	torah	1:Exodus:25:1:25:5 2:Exodus:25:6:25:9 3:Exodus:25:10:25:16
2021-02-13	chul|shabbos|Mishpatim|ParshasShekalim+RoshChodesh|morning	ALL	maftir	Exodus:30:11:30:16
2021-02-13	chul|shabbos|Mishpatim|ParshasShekalim+RoshChodesh|morning	ALL	torah	1:Exodus:21:1:21:19 2:Exodus:21:20:22:3 3:Exodus:22:4:22:26 4:Exodus:22:27:23:5 5:Exodus:23:6:23:19 6:Exodus:23:20:24:18 7:Numbers:28:9:28:15
2021-02-13	chul|shabbos|Mishpatim|ParshasShekalim+RoshChodesh|morning	Agadir+Algeria+Algiers+Bavlim+Djerba+Fes+Libya+Magreb+Marrakesh+Morocco+Persia+PureSephardim+Sefard+Toshbim	haftarah	KingsII:11:17:12:17
2021-02-13	chul|shabbos|Mishpatim|ParshasShekalim+RoshChodesh|morning	Ashkenaz+Baladi+ChayeyOdom+Frankfurt+Hagra+Italki+Lita+Poznan+Shami+Teiman	haftarah	KingsII:12:1:12:17
2021-02-13	chul|shabbos|Mishpatim|ParshasShekalim+RoshChodesh|morning	Chabad	haftarah	KingsII:12:1:12:17 Isaiah:66:1:66:1 Isaiah:66:23:66:24 Isaiah:66:23:66:23
2021-02-13	chul|shabbos|Mishpatim|ParshasShekalim+RoshChodesh|morning	Romania	haftarah	Ezekiel:45:12:46:5
2021-02-15	EY|Monday|Terumah|-|morning	ALL	haftarah	-
2021-02-15	EY|Monday|Terumah|-|morning	ALL	maftir	-
2021-02-15	EY|Monday|Terumah|-|morning	ALL	torah	1:Exodus:25:1:25:5 2:Exodus:25:6:25:9 3:Exodus:25:10:25:16
2021-02-15	chul|Monday|Terumah|-|morning	ALL	haftarah	-
2021-02-15	chul|Monday|Terumah|-|morning	ALL	maftir	-
2021-02-15	chul|Monday|Terumah|-|morning	ALL	torah	1:Exodus:25:1:25:5 2:Exodus:25:6:25:9 3:Exodus:25:10:25:16
2021-02-20	EY|shabbos|Terumah|ParshasZachor|afternoon	ALL	haftarah	-
2021-02-20	EY|shabbos|Terumah|ParshasZachor|afternoon	ALL	maftir	-
2021-02-20	EY|shabbos|Terumah|ParshasZachor|afternoon	ALL	torah	1:Exodus:27:20:28:5 2:Exodus:28:6:28:9 3:Exodus:28:10:28:12
2021-02-20	EY|shabbos|Terumah|ParshasZachor|morning	ALL	maftir	Deuteronomy:25:17:25:19
2021-02-20	EY|shabbos|Terumah|ParshasZachor|morning	ALL	torah	1:Exodus:25:1:25:16 2:Exodus:25:17:25:30 3:Exodus:25:31:26:14 4:Exodus:26:15:26:30 5:Exodus:26:31:26:37 6:Exodus:27:1:27:8 7:Exodus:27:9:27:19
2021-02-20	EY|shabbos|Terumah|ParshasZachor|morning	Agadir+Algeria+Algiers+Bavlim+Djerba+Fes+Libya+Magreb+Marrakesh+Morocco+Persia+PureSephardim+Sefard+Toshbim	haftarah	SamuelI:15:1:15:34
2021-02-20	EY|shabbos|Terumah|ParshasZachor|morning	Ashkenaz+Chabad+ChayeyOdom+Frankfurt+Hagra+Italki+Lita	haftarah	SamuelI:15:2:15:34
2021-02-20	EY|shabbos|Terumah|ParshasZachor|morning	Baladi+Shami+Teiman	haftarah	SamuelI:14:52:15:33
2021-02-20	EY|shabbos|Terumah|ParshasZachor|morning	Poznan	haftarah	SamuelI:15:2:15:33
2021-02-20	EY|shabbos|Terumah|ParshasZachor|morning	Romania	haftarah	SamuelI:15:2:15:22
2021-02-20	chul|shabbos|Terumah|ParshasZachor|afternoon	ALL	haftarah	-
2021-02-20	chul|shabbos|Terumah|ParshasZachor|afternoon	ALL	maftir	-
2021-02-20	chul|shabbos|Terumah|ParshasZachor|afternoon	ALL	torah	1:Exodus:27:20:28:5 2:Exodus:28:6:28:9 3:Exodus:28:10:28:12
2021-02-20	chul|shabbos|Terumah|ParshasZachor|morning	ALL	maftir	Deuteronomy:25:17:25:19
2021-02-20	chul|shabbos|Terumah|ParshasZachor|morning	ALL	torah	1:Exodus:25:1:25:16 2:Exodus:25:17:25:30 3:Exodus:25:31:26:14 4:Exodus:26:15:26:30 5:Exodus:26:31:26:37 6:Exodus:27:1:27:8 7:Exodus:27:9:27:19
2021-02-20	chul|shabbos|Terumah|ParshasZachor|morning	Agadir+Algeria+Algiers+Bavlim+Djerba+Fes+Libya+Magreb+Marrakesh+Morocco+Persia+PureSephardim+Sefard+Toshbim	haftarah	SamuelI:15:1:15:34
2021-02-20	chul|shabbos|Terumah|ParshasZachor|morning	Ashkenaz+Chabad+ChayeyOdom+Frankfurt+Hagra+Italki+Lita	haftarah	SamuelI:15:2:15:34
2021-02-20	chul|shabbos|Terumah|ParshasZachor|morning	Baladi+Shami+Teiman	haftarah	SamuelI:14:52:15:33
2021-02-20	chul|shabbos|Terumah|ParshasZachor|morning	Poznan	haftarah	SamuelI:15:2:15:33
2021-02-20	chul|shabbos|Terumah|ParshasZachor|morning	Romania	haftarah	SamuelI:15:2:15:22
2021-02-25	EY|Thursday|Tetzaveh|FastOfEster|afternoon	ALL	maftir	-
2021-02-25	EY|Thursday|Tetzaveh|FastOfEster|afternoon	ALL	torah	1:Exodus:32:11:32:14 2:Exodus:34:1:34:3 3:Exodus:34:4:34:10
2021-02-25	EY|Thursday|Tetzaveh|FastOfEster|afternoon	Agadir+Baladi+Bavlim+Djerba+Fes+Libya+Magreb+Morocco+Persia+PureSephardim+Sefard+Shami+Teiman+Toshbim	haftarah	-
2021-02-25	EY|Thursday|Tetzaveh|FastOfEster|afternoon	Algeria+Marrakesh	haftarah	Hosea:14:2:14:10 Micah:7:18:7:20
2021-02-25	EY|Thursday|Tetzaveh|FastOfEster|afternoon	Algiers+Ashkenaz+Chabad+ChayeyOdom+Frankfurt+Hagra+Italki+Lita+Poznan+Romania	haftarah	Isaiah:55:6:56:8
2021-02-25	EY|Thursday|Tetzaveh|FastOfEster|morning	ALL	haftarah	-
2021-02-25	EY|Thursday|Tetzaveh|FastOfEster|morning	ALL	maftir	-
2021-02-25	EY|Thursday|Tetzaveh|FastOfEster|morning	ALL	torah	1:Exodus:32:11:32:14 2:Exodus:34:1:34:3 3:Exodus:34:4:34:10
2021-02-25	chul|Thursday|Tetzaveh|FastOfEster|afternoon	ALL	maftir	-
2021-02-25	chul|Thursday|Tetzaveh|FastOfEster|afternoon	ALL	torah	1:Exodus:32:11:32:14 2:Exodus:34:1:34:3 3:Exodus:34:4:34:10
2021-02-25	chul|Thursday|Tetzaveh|FastOfEster|afternoon	Agadir+Baladi+Bavlim+Djerba+Fes+Libya+Magreb+Morocco+Persia+PureSephardim+Sefard+Shami+Teiman+Toshbim	haftarah	-
2021-02-25	chul|Thursday|Tetzaveh|FastOfEster|afternoon	Algeria+Marrakesh	haftarah	Hosea:14:2:14:10 Micah:7:18:7:20
2021-02-25	chul|Thursday|Tetzaveh|FastOfEster|afternoon	Algiers+Ashkenaz+Chabad+ChayeyOdom+Frankfurt+Hagra+Italki+Lita+Poznan+Romania	haftarah	Isaiah:55:6:56:8
2021-02-25	chul|Thursday|Tetzaveh|FastOfEster|morning	ALL	haftarah	-
2021-02-25	chul|Thursday|Tetzaveh|FastOfEster|morning	ALL	maftir	-
2021-02-25	chul|Thursday|Tetzaveh|FastOfEster|morning	ALL	torah	1:Exodus:32:11:32:14 2:Exodus:34:1:34:3 3:Exodus:34:4:34:10
2021-02-26	EY|Friday|Tetzaveh|Purim|morning	ALL	haftarah	-
2021-02-26	EY|Friday|Tetzaveh|Purim|morning	ALL	maftir	-
2021-02-26	EY|Friday|Tetzaveh|Purim|morning	ALL	torah	1:Exodus:17:8:17:10 2:Exodus:17:11:17:13 3:Exodus:17:14:17:16
2021-02-26	chul|Friday|Tetzaveh|Purim|morning	ALL	haftarah	-
2021-02-26	chul|Friday|Tetzaveh|Purim|morning	ALL	maftir	-
2021-02-26	chul|Friday|Tetzaveh|Purim|morning	ALL	torah	1:Exodus:17:8:17:10 2:Exodus:17:11:17:13 3:Exodus:17:14:17:16
2021-02-27	EY|shabbos|Tetzaveh|ShushanPurim|afternoon	ALL	haftarah	-
2021-02-27	EY|shabbos|Tetzaveh|ShushanPurim|afternoon	ALL	maftir	-
2021-02-27	EY|shabbos|Tetzaveh|ShushanPurim|afternoon	ALL	torah	1:Exodus:30:11:30:13 2:Exodus:30:14:30:16 3:Exodus:30:17:30:21
2021-02-27	EY|shabbos|Tetzaveh|ShushanPurim|morning	ALL	maftir	Exodus:17:8:17:16
2021-02-27	EY|shabbos|Tetzaveh|ShushanPurim|morning	ALL	torah	1:Exodus:27:20:28:12 2:Exodus:28:13:28:30 3:Exodus:28:31:28:43 4:Exodus:29:1:29:18 5:Exodus:29:19:29:37 6:Exodus:29:38:29:46 7:Exodus:30:1:30:10
2021-02-27	EY|shabbos|Tetzaveh|ShushanPurim|morning	Agadir+Algeria+Algiers+Bavlim+Djerba+Fes+Libya+Magreb+Marrakesh+Morocco+Persia+PureSephardim+Sefard+Toshbim	haftarah	SamuelI:15:1:15:34
2021-02-27	EY|shabbos|Tetzaveh|ShushanPurim|morning	Ashkenaz+Chabad+ChayeyOdom+Frankfurt+Hagra+Italki+Lita	haftarah	SamuelI:15:2:15:34
2021-02-27	EY|shabbos|Tetzaveh|ShushanPurim|morning	Baladi+Shami+Teiman	haftarah	SamuelI:14:52:15:33
2021-02-27	EY|shabbos|Tetzaveh|ShushanPurim|morning	Poznan	haftarah	SamuelI:15:2:15:33
2021-02-27	EY|shabbos|Tetzaveh|ShushanPurim|morning	Romania	haftarah	SamuelI:15:2:15:22
2021-02-27	chul|shabbos|Tetzaveh|ShushanPurim|afternoon	ALL	haftarah	-
2021-02-27	chul|shabbos|Tetzaveh|ShushanPurim|afternoon	ALL	maftir	-
2021-02-27	chul|shabbos|Tetzaveh|ShushanPurim|afternoon	ALL	torah	1:Exodus:30:11:30:13 2:Exodus:30:14:30:16 3:Exodus:30:17:30:21
2021-02-27	chul|shabbos|Tetzaveh|ShushanPurim|morning	ALL	maftir	Exodus:17:8:17:16
2021-02-27	chul|shabbos|Tetzaveh|ShushanPurim|morning	ALL	torah	1:Exodus:27:20:28:12 2:Exodus:28:13:28:30 3:Exodus:28:31:28:43 4:Exodus:29:1:29:18 5:Exodus:29:19:29:37 6:Exodus:29:38:29:46 7:Exodus:30:1:30:10
2021-02-27	chul|shabbos|Tetzaveh|ShushanPurim|morning	Agadir+Algeria+Algiers+Bavlim+Djerba+Fes+Libya+Magreb+Marrakesh+Morocco+Persia+PureSephardim+Sefard+Toshbim	haftarah	SamuelI:15:1:15:34
2021-02-27	chul|shabbos|Tetzaveh|ShushanPurim|morning	Ashkenaz+Chabad+ChayeyOdom+Frankfurt+Hagra+Italki+Lita	haftarah	SamuelI:15:2:15:34
2021-02-27	chul|shabbos|Tetzaveh|ShushanPurim|morning	Baladi+Shami+Teiman	haftarah	SamuelI:14:52:15:33
2021-02-27	chul|shabbos|Tetzaveh|ShushanPurim|morning	Poznan	haftarah	SamuelI:15:2:15:33
2021-02-27	chul|shabbos|Tetzaveh|ShushanPurim|morning	Romania	haftarah	SamuelI:15:2:15:22
2021-03-01	EY|Monday|KiSisa|-|morning	ALL	haftarah	-
2021-03-01	EY|Monday|KiSisa|-|morning	ALL	maftir	-
2021-03-01	EY|Monday|KiSisa|-|morning	ALL	torah	1:Exodus:30:11:30:13 2:Exodus:30:14:30:16 3:Exodus:30:17:30:21
2021-03-01	chul|Monday|KiSisa|-|morning	ALL	haftarah	-
2021-03-01	chul|Monday|KiSisa|-|morning	ALL	maftir	-
2021-03-01	chul|Monday|KiSisa|-|morning	ALL	torah	1:Exodus:30:11:30:13 2:Exodus:30:14:30:16 3:Exodus:30:17:30:21
2021-03-13	EY|shabbos|Vayakhel-Pekudei|ErevRoshChodesh+ParshasHachodesh|afternoon	ALL	haftarah	-
2021-03-13	EY|shabbos|Vayakhel-Pekudei|ErevRoshChodesh+ParshasHachodesh|afternoon	ALL	maftir	-
2021-03-13	EY|shabbos|Vayakhel-Pekudei|ErevRoshChodesh+ParshasHachodesh|afternoon	ALL	torah	1:Leviticus:1:1:1:4 2:Leviticus:1:5:1:9 3:Leviticus:1:10:1:13
2021-03-13	EY|shabbos|Vayakhel-Pekudei|ErevRoshChodesh+ParshasHachodesh|morning	ALL	maftir	Exodus:12:1:12:20
2021-03-13	EY|shabbos|Vayakhel-Pekudei|ErevRoshChodesh+ParshasHachodesh|morning	ALL	torah	1:Exodus:35:1:35:29 2:Exodus:35:30:37:16 3:Exodus:37:17:37:29 4:Exodus:38:1:39:1 5:Exodus:39:2:39:21 6:Exodus:39:22:39:43 7:Exodus:40:1:40:38
2021-03-13	EY|shabbos|Vayakhel-Pekudei|ErevRoshChodesh+ParshasHachodesh|morning	Agadir+Algeria+Algiers+Bavlim+Djerba+Libya+Magreb+Marrakesh+Morocco+Persia+Poznan+PureSephardim+Sefard+Toshbim	haftarah	Ezekiel:45:18:46:15
2021-03-13	EY|shabbos|Vayakhel-Pekudei|ErevRoshChodesh+ParshasHachodesh|morning	Ashkenaz+ChayeyOdom+Frankfurt+Hagra+Lita	haftarah	Ezekiel:45:16:46:18
2021-03-13	EY|shabbos|Vayakhel-Pekudei|ErevRoshChodesh+ParshasHachodesh|morning	Baladi+Shami+Teiman	haftarah	Ezekiel:45:9:46:11
2021-03-13	EY|shabbos|Vayakhel-Pekudei|ErevRoshChodesh+ParshasHachodesh|morning	Chabad+Fes	haftarah	Ezekiel:45:18:46:15 SamuelI:20:18:20:18 SamuelI:20:42:20:42
2021-03-13	EY|shabbos|Vayakhel-Pekudei|ErevRoshChodesh+ParshasHachodesh|morning	Italki	haftarah	Ezekiel:45:18:46:11
2021-03-13	EY|shabbos|Vayakhel-Pekudei|ErevRoshChodesh+ParshasHachodesh|morning	Romania	haftarah	Ezekiel:45:21:46:13
2021-03-13	chul|shabbos|Vayakhel-Pekudei|ErevRoshChodesh+ParshasHachodesh|afternoon	ALL	haftarah	-
2021-03-13	chul|shabbos|Vayakhel-Pekudei|ErevRoshChodesh+ParshasHachodesh|afternoon	ALL	maftir	-
2021-03-13	chul|shabbos|Vayakhel-Pekudei|ErevRoshChodesh+ParshasHachodesh|afternoon	ALL	torah	1:Leviticus:1:1:1:4 2:Leviticus:1:5:1:9 3:Leviticus:1:10:1:13
2021-03-13	chul|shabbos|Vayakhel-Pekudei|ErevRoshChodesh+ParshasHachodesh|morning	ALL	maftir	Exodus:12:1:12:20
2021-03-13	chul|shabbos|Vayakhel-Pekudei|ErevRoshChodesh+ParshasHachodesh|morning	ALL	torah	1:Exodus:35:1:35:29 2:Exodus:35:30:37:16 3:Exodus:37:17:37:29 4:Exodus:38:1:39:1 5:Exodus:39:2:39:21 6:Exodus:39:22:39:43 7:Exodus:40:1:40:38
2021-03-13	chul|shabbos|Vayakhel-Pekudei|ErevRoshChodesh+ParshasHachodesh|morning	Agadir+Algeria+Algiers+Bavlim+Djerba+Libya+Magreb+Marrakesh+Morocco+Persia+Poznan+PureSephardim+Sefard+Toshbim	haftarah	Ezekiel:45:18:46:15
2021-03-13	chul|shabbos|Vayakhel-Pekudei|ErevRoshChodesh+ParshasHachodesh|morning	Ashkenaz+ChayeyOdom+Frankfurt+Hagra+Lita	haftarah	Ezekiel:45:16:46:18
2021-03-13	chul|shabbos|Vayakhel-Pekudei|ErevRoshChodesh+ParshasHachodesh|morning	Baladi+Shami+Teiman	haftarah	Ezekiel:45:9:46:11
2021-03-13	chul|shabbos|Vayakhel-Pekudei|ErevRoshChodesh+ParshasHachodesh|morning	Chabad+Fes	haftarah	Ezekiel:45:18:46:15 SamuelI:20:18:20:18 SamuelI:20:42:20:42
2021-03-13	chul|shabbos|Vayakhel-Pekudei|ErevRoshChodesh+ParshasHachodesh|morning	Italki	haftarah	Ezekiel:45:18:46:11
2021-03-13	chul|shabbos|Vayakhel-Pekudei|ErevRoshChodesh+ParshasHachodesh|morning	Romania	haftarah	Ezekiel:45:21:46:13
2021-03-14	EY|Sunday|Vayikra|RoshChodesh|morning	ALL	haftarah	-
2021-03-14	EY|Sunday|Vayikra|RoshChodesh|morning	ALL	maftir	-
2021-03-14	EY|Sunday|Vayikra|RoshChodesh|morning	Agadir+Algeria+Algiers+Ashkenaz+Baladi+Bavlim+Chabad+ChayeyOdom+Djerba+Fes+Frankfurt+Italki+Libya+Lita+Magreb+Marrakesh+Morocco+Persia+Poznan+PureSephardim+Romania+Sefard+Shami+Teiman+Toshbim	torah	1:Numbers:28:1:28:3 2:Numbers:28:3:28:5 3:Numbers:28:6:28:10 4:Numbers:28:11:28:15
2021-03-14	EY|Sunday|Vayikra|RoshChodesh|morning	Hagra	torah	1:Numbers:28:1:28:3 2:Numbers:28:4:28:8 3:Numbers:28:6:28:10 4:Numbers:28:11:28:15
2021-03-14	chul|Sunday|Vayikra|RoshChodesh|morning	ALL	haftarah	-
2021-03-14	chul|Sunday|Vayikra|RoshChodesh|morning	ALL	maftir	-
2021-03-14	chul|Sunday|Vayikra|RoshChodesh|morning	Agadir+Algeria+Algiers+Ashkenaz+Baladi+Bavlim+Chabad+ChayeyOdom+Djerba+Fes+Frankfurt+Italki+Libya+Lita+Magreb+Marrakesh+Morocco+Persia+Poznan+PureSephardim+Romania+Sefard+Shami+Teiman+Toshbim	torah	1:Numbers:28:1:28:3 2:Numbers:28:3:28:5 3:Numbers:28:6:28:10 4:Numbers:28:11:28:15
2021-03-14	chul|Sunday|Vayikra|RoshChodesh|morning	Hagra	torah	1:Numbers:28:1:28:3 2:Numbers:28:4:28:8 3:Numbers:28:6:28:10 4:Numbers:28:11:28:15
2021-03-18	EY|Thursday|Vayikra|-|morning	ALL	haftarah	-
2021-03-18	EY|Thursday|Vayikra|-|morning	ALL	maftir	-
2021-03-18	EY|Thursday|Vayikra|-|morning	ALL	torah	1:Leviticus:1:1:1:4 2:Leviticus:1:5:1:9 3:Leviticus:1:10:1:13
2021-03-18	chul|Thursday|Vayikra|-|morning	ALL	haftarah	-
2021-03-18	chul|Thursday|Vayikra|-|morning	ALL	maftir	-
2021-03-18	chul|Thursday|Vayikra|-|morning	ALL	torah	1:Leviticus:1:1:1:4 2:Leviticus:1:5:1:9 3:Leviticus:1:10:1:13
2021-03-28	EY|Sunday|-|Pesach1|morning	ALL	maftir	Numbers:28:16:28:25
2021-03-28	EY|Sunday|-|Pesach1|morning	ALL	torah	1:Exodus:12:21:12:24 2:Exodus:12:25:12:28 3:Exodus:12:29:12:36 4:Exodus:12:37:12:42 5:Exodus:12:43:12:51
2021-03-28	EY|Sunday|-|Pesach1|morning	Agadir+Algeria+Algiers+Baladi+Bavlim+Djerba+Fes+Libya+Magreb+Marrakesh+Morocco+Persia+PureSephardim+Sefard+Shami+Teiman+Toshbim	haftarah	Joshua:5:2:6:1 Joshua:6:27:6:27
2021-03-28	EY|Sunday|-|Pesach1|morning	Ashkenaz+Chabad+ChayeyOdom+Italki+Lita+Poznan	haftarah	Joshua:3:5:3:7 Joshua:5:2:6:1 Joshua:6:27:6:27
2021-03-28	EY|Sunday|-|Pesach1|morning	Frankfurt+Hagra+Romania	haftarah	Joshua:5:2:6:1
2021-03-28	chul|Sunday|-|Pesach1|morning	ALL	maftir	Numbers:28:16:28:25
2021-03-28	chul|Sunday|-|Pesach1|morning	ALL	torah	1:Exodus:12:21:12:24 2:Exodus:12:25:12:28 3:Exodus:12:29:12:36 4:Exodus:12:37:12:42 5:Exodus:12:43:12:51
2021-03-28	chul|Sunday|-|Pesach1|morning	Agadir+Algeria+Algiers+Baladi+Bavlim+Djerba+Fes+Libya+Magreb+Marrakesh+Morocco+Persia+PureSephardim+Sefard+Shami+Teiman+Toshbim	haftarah	Joshua:5:2:6:1 Joshua:6:27:6:27
2021-03-28	chul|Sunday|-|Pesach1|morning	Ashkenaz+Chabad+ChayeyOdom+Italki+Lita+Poznan	haftarah	Joshua:3:5:3:7 Joshua:5:2:6:1 Joshua:6:27:6:27
2021-03-28	chul|Sunday|-|Pesach1|morning	Frankfurt+Hagra+Romania	haftarah	Joshua:5:2:6:1
2021-03-29	EY|Monday|-|Omer(1)+PesachIntermediate1InHolyLand|morning	ALL	haftarah	-
2021-03-29	EY|Monday|-|Omer(1)+PesachIntermediate1InHolyLand|morning	ALL	maftir	-
2021-03-29	EY|Monday|-|Omer(1)+PesachIntermediate1InHolyLand|morning	ALL	torah	1:Leviticus:22:26:23:3 2:Leviticus:23:4:23:14 3:Leviticus:23:15:23:44 4:Numbers:28:19:28:25
2021-03-29	chul|Monday|-|Omer(1)+Pesach2|morning	ALL	maftir	Numbers:28:16:28:25
2021-03-29	chul|Monday|-|Omer(1)+Pesach2|morning	ALL	torah	1:Leviticus:22:26:23:3 2:Leviticus:23:4:23:14 3:Leviticus:23:15:23:22 4:Leviticus:23:23:23:32 5:Leviticus:23:33:23:44
2021-03-29	chul|Monday|-|Omer(1)+Pesach2|morning	Agadir+Algeria+Algiers+Ashkenaz+Bavlim+Chabad+ChayeyOdom+Djerba+Fes+Frankfurt+Hagra+Libya+Lita+Magreb+Marrakesh+Morocco+Persia+PureSephardim+Romania+Sefard+Toshbim	haftarah	KingsII:23:1:23:9 KingsII:23:21:23:25
2021-03-29	chul|Monday|-|Omer(1)+Pesach2|morning	Baladi+Shami+Teiman	haftarah	KingsII:22:1:22:7 KingsII:23:21:23:25
2021-03-29	chul|Monday|-|Omer(1)+Pesach2|morning	Italki	haftarah	KingsII:23:21:23:30
2021-03-29	chul|Monday|-|Omer(1)+Pesach2|morning	Poznan	haftarah	KingsII:23:4:23:9 KingsII:23:21:23:30
2021-03-30	EY|Tuesday|-|Omer(2)+PesachIntermediate2InHolyLand|morning	ALL	haftarah	-
2021-03-30	EY|Tuesday|-|Omer(2)+PesachIntermediate2InHolyLand|morning	ALL	maftir	-
2021-03-30	EY|Tuesday|-|Omer(2)+PesachIntermediate2InHolyLand|morning	ALL	torah	1:Exodus:13:1:13:4 2:Exodus:13:5:13:10 3:Exodus:13:11:13:16 4:Numbers:28:19:28:25
2021-03-30	chul|Tuesday|-|Omer(2)+PesachIntermediate1|morning	ALL	haftarah	-
2021-03-30	chul|Tuesday|-|Omer(2)+PesachIntermediate1|morning	ALL	maftir	-
2021-03-30	chul|Tuesday|-|Omer(2)+PesachIntermediate1|morning	ALL	torah	1:Exodus:13:1:13:4 2:Exodus:13:5:13:10 3:Exodus:13:11:13:16 4:Numbers:28:19:28:25
2021-03-31	EY|Wednesday|-|Omer(3)+PesachIntermediate3InHolyLand|morning	ALL	haftarah	-
2021-03-31	EY|Wednesday|-|Omer(3)+PesachIntermediate3InHolyLand|morning	ALL	maftir	-
2021-03-31	EY|Wednesday|-|Omer(3)+PesachIntermediate3InHolyLand|morning	ALL	torah	1:Exodus:22:24:22:26 2:Exodus:22:27:23:5 3:Exodus:23:6:23:19 4:Numbers:28:19:28:25
2021-03-31	chul|Wednesday|-|Omer(3)+PesachIntermediate2|morning	ALL	haftarah	-
2021-03-31	chul|Wednesday|-|Omer(3)+PesachIntermediate2|morning	ALL	maftir	-
2021-03-31	chul|Wednesday|-|Omer(3)+PesachIntermediate2|morning	ALL	torah	1:Exodus:22:24:22:26 2:Exodus:22:27:23:5 3:Exodus:23:6:23:19 4:Numbers:28:19:28:25
2021-04-01	EY|Thursday|-|Omer(4)+PesachIntermediate4InHolyLand|morning	ALL	haftarah	-
2021-04-01	EY|Thursday|-|Omer(4)+PesachIntermediate4InHolyLand|morning	ALL	maftir	-
2021-04-01	EY|Thursday|-|Omer(4)+PesachIntermediate4InHolyLand|morning	ALL	torah	1:Exodus:34:1:34:3 2:Exodus:34:4:34:17 3:Exodus:34:18:34:26 4:Numbers:28:19:28:25
2021-04-01	chul|Thursday|-|Omer(4)+PesachIntermediate3|morning	ALL	haftarah	-
2021-04-01	chul|Thursday|-|Omer(4)+PesachIntermediate3|morning	ALL	maftir	-
2021-04-01	chul|Thursday|-|Omer(4)+PesachIntermediate3|morning	ALL	torah	1:Exodus:34:1:34:3 2:Exodus:34:4:34:17 3:Exodus:34:18:34:26 4:Numbers:28:19:28:25
2021-04-02	EY|Friday|-|Omer(5)+PesachIntermediate5InHolyLand|morning	ALL	haftarah	-
2021-04-02	EY|Friday|-|Omer(5)+PesachIntermediate5InHolyLand|morning	ALL	maftir	-
2021-04-02	EY|Friday|-|Omer(5)+PesachIntermediate5InHolyLand|morning	ALL	torah	1:Numbers:9:1:9:6 2:Numbers:9:7:9:8 3:Numbers:9:9:9:14 4:Numbers:28:19:28:25
2021-04-02	chul|Friday|-|Omer(5)+PesachIntermediate4|morning	ALL	haftarah	-
2021-04-02	chul|Friday|-|Omer(5)+PesachIntermediate4|morning	ALL	maftir	-
2021-04-02	chul|Friday|-|Omer(5)+PesachIntermediate4|morning	ALL	torah	1:Numbers:9:1:9:6 2:Numbers:9:7:9:8 3:Numbers:9:9:9:14 4:Numbers:28:19:28:25
2021-04-03	EY|shabbos|-|Omer(6)+Pesach7|afternoon	ALL	haftarah	-
2021-04-03	EY|shabbos|-|Omer(6)+Pesach7|afternoon	ALL	maftir	-
2021-04-03	EY|shabbos|-|Omer(6)+Pesach7|afternoon	ALL	torah	1:Leviticus:9:1:9:5 2:Leviticus:9:6:9:10 3:Leviticus:9:11:9:16
2021-04-03	EY|shabbos|-|Omer(6)+Pesach7|morning	ALL	haftarah	SamuelII:22:1:22:51
2021-04-03	EY|shabbos|-|Omer(6)+Pesach7|morning	ALL	maftir	Numbers:28:19:28:25
2021-04-03	EY|shabbos|-|Omer(6)+Pesach7|morning	ALL	torah	1:Exodus:13:17:13:19 2:Exodus:13:20:13:22 3:Exodus:14:1:14:4 4:Exodus:14:5:14:8 5:Exodus:14:9:14:14 6:Exodus:14:15:14:25 7:Exodus:14:26:15:26
2021-04-03	chul|shabbos|-|Omer(6)+Pesach7|afternoon	ALL	haftarah	-
2021-04-03	chul|shabbos|-|Omer(6)+Pesach7|afternoon	ALL	maftir	-
2021-04-03	chul|shabbos|-|Omer(6)+Pesach7|afternoon	ALL	torah	1:Leviticus:9:1:9:5 2:Leviticus:9:6:9:10 3:Leviticus:9:11:9:16
2021-04-03	chul|shabbos|-|Omer(6)+Pesach7|morning	ALL	haftarah	SamuelII:22:1:22:51
2021-04-03	chul|shabbos|-|Omer(6)+Pesach7|morning	ALL	maftir	Numbers:28:19:28:25
2021-04-03	chul|shabbos|-|Omer(6)+Pesach7|morning	ALL	torah	1:Exodus:13:17:13:19 2:Exodus:13:20:13:22 3:Exodus:14:1:14:4 4:Exodus:14:5:14:8 5:Exodus:14:9:14:14 6:Exodus:14:15:14:25 7:Exodus:14:26:15:26
2021-04-04	chul|Sunday|Shemini|Omer(7)+Pesach8|morning	ALL	haftarah	Isaiah:10:32:12:6
2021-04-04	chul|Sunday|Shemini|Omer(7)+Pesach8|morning	ALL	maftir	Numbers:28:19:28:25
2021-04-04	chul|Sunday|Shemini|Omer(7)+Pesach8|morning	ALL	torah	1:Deuteronomy:15:19:15:23 2:Deuteronomy:16:1:16:3 3:Deuteronomy:16:4:16:8 4:Deuteronomy:16:9:16:12 5:Deuteronomy:16:13:16:17
2021-04-05	EY|Monday|Shemini|Omer(8)|morning	ALL	haftarah	-
2021-04-05	EY|Monday|Shemini|Omer(8)|morning	ALL	maftir	-
2021-04-05	EY|Monday|Shemini|Omer(8)|morning	ALL	torah	1:Leviticus:9:1:9:5 2:Leviticus:9:6:9:10 3:Leviticus:9:11:9:16
2021-04-05	chul|Monday|Shemini|Omer(8)|morning	ALL	haftarah	-
2021-04-05	chul|Monday|Shemini|Omer(8)|morning	ALL	maftir	-
2021-04-05	chul|Monday|Shemini|Omer(8)|morning	ALL	torah	1:Leviticus:9:1:9:5 2:Leviticus:9:6:9:10 3:Leviticus:9:11:9:16
2021-04-08	EY|Thursday|Shemini|Omer(11)|morning	ALL	haftarah	-
2021-04-08	EY|Thursday|Shemini|Omer(11)|morning	ALL	maftir	-
2021-04-08	EY|Thursday|Shemini|Omer(11)|morning	ALL	torah	1:Leviticus:9:1:9:5 2:Leviticus:9:6:9:10 3:Leviticus:9:11:9:16
2021-04-08	chul|Thursday|Shemini|Omer(11)|morning	ALL	haftarah	-
2021-04-08	chul|Thursday|Shemini|Omer(11)|morning	ALL	maftir	-
2021-04-08	chul|Thursday|Shemini|Omer(11)|morning	ALL	torah	1:Leviticus:9:1:9:5 2:Leviticus:9:6:9:10 3:Leviticus:9:11:9:16
2021-04-10	EY|shabbos|Shemini|Omer(13)|afternoon	ALL	haftarah	-
2021-04-10	EY|shabbos|Shemini|Omer(13)|afternoon	ALL	maftir	-
2021-04-10	EY|shabbos|Shemini|Omer(13)|afternoon	ALL	torah	1:Leviticus:12:1:12:4 2:Leviticus:12:5:12:8 3:Leviticus:13:1:13:5
2021-04-10	EY|shabbos|Shemini|Omer(13)|morning	ALL	maftir	Leviticus:11:45:11:47
2021-04-10	EY|shabbos|Shemini|Omer(13)|morning	ALL	torah	1:Leviticus:9:1:9:16 2:Leviticus:9:17:9:23 3:Leviticus:9:24:10:11 4:Leviticus:10:12:10:15 5:Leviticus:10:16:10:20 6:Leviticus:11:1:11:32 7:Leviticus:11:33:11:47
2021-04-10	EY|shabbos|Shemini|Omer(13)|morning	Agadir+Algeria+Algiers+Bavlim+Chabad+Djerba+Fes+Libya+Magreb+Marrakesh+Morocco+Persia+Poznan+PureSephardim+Sefard+Toshbim	haftarah	SamuelII:6:1:6:19
2021-04-10	EY|shabbos|Shemini|Omer(13)|morning	Ashkenaz+ChayeyOdom+Frankfurt+Hagra+Lita	haftarah	SamuelII:6:1:7:17
2021-04-10	EY|shabbos|Shemini|Omer(13)|morning	Baladi+Italki+Shami+Teiman	haftarah	SamuelII:6:1:7:3
2021-04-10	EY|shabbos|Shemini|Omer(13)|morning	Romania	haftarah	Ezekiel:43:27:44:21
2021-04-10	chul|shabbos|Shemini|Omer(13)|afternoon	ALL	haftarah	-
2021-04-10	chul|shabbos|Shemini|Omer(13)|afternoon	ALL	maftir	-
2021-04-10	chul|shabbos|Shemini|Omer(13)|afternoon	ALL	torah	1:Leviticus:12:1:12:4 2:Leviticus:12:5:12:8 3:Leviticus:13:1:13:5
2021-04-10	chul|shabbos|Shemini|Omer(13)|morning	ALL	maftir	Leviticus:11:45:11:47
2021-04-10	chul|shabbos|Shemini|Omer(13)|morning	ALL	torah	1:Leviticus:9:1:9:16 2:Leviticus:9:17:9:23 3:Leviticus:9:24:10:11 4:Leviticus:10:12:10:15 5:Leviticus:10:16:10:20 6:Leviticus:11:1:11:32 7:Leviticus:11:33:11:47
2021-04-10	chul|shabbos|Shemini|Omer(13)|morning	Agadir+Algeria+Algiers+Bavlim+Chabad+Djerba+Fes+Libya+Magreb+Marrakesh+Morocco+Persia+Poznan+PureSephardim+Sefard+Toshbim	haftarah	SamuelII:6:1:6:19
2021-04-10	chul|shabbos|Shemini|Omer(13)|morning	Ashkenaz+ChayeyOdom+Frankfurt+Hagra+Lita	haftarah	SamuelII:6:1:7:17
2021-04-10	chul|shabbos|Shemini|Omer(13)|morning	Baladi+Italki+Shami+Teiman	haftarah	SamuelII:6:1:7:3
2021-04-10	chul|shabbos|Shemini|Omer(13)|morning	Romania	haftarah	Ezekiel:43:27:44:21
2021-04-12	EY|Monday|Tazria-Metzora|ErevRoshChodesh+Omer(15)+RoshChodesh|morning	ALL	haftarah	-
2021-04-12	EY|Monday|Tazria-Metzora|ErevRoshChodesh+Omer(15)+RoshChodesh|morning	ALL	maftir	-
2021-04-12	EY|Monday|Tazria-Metzora|ErevRoshChodesh+Omer(15)+RoshChodesh|morning	Agadir+Algeria+Algiers+Ashkenaz+Baladi+Bavlim+Chabad+ChayeyOdom+Djerba+Fes+Frankfurt+Italki+Libya+Lita+Magreb+Marrakesh+Morocco+Persia+Poznan+PureSephardim+Romania+Sefard+Shami+Teiman+Toshbim	torah	1:Numbers:28:1:28:3 2:Numbers:28:3:28:5 3:Numbers:28:6:28:10 4:Numbers:28:11:28:15
2021-04-12	EY|Monday|Tazria-Metzora|ErevRoshChodesh+Omer(15)+RoshChodesh|morning	Hagra	torah	1:Numbers:28:1:28:3 2:Numbers:28:4:28:8 3:Numbers:28:6:28:10 4:Numbers:28:11:28:15
2021-04-12	chul|Monday|Tazria-Metzora|ErevRoshChodesh+Omer(15)+RoshChodesh|morning	ALL	haftarah	-
2021-04-12	chul|Monday|Tazria-Metzora|ErevRoshChodesh+Omer(15)+RoshChodesh|morning	ALL	maftir	-
2021-04-12	chul|Monday|Tazria-Metzora|ErevRoshChodesh+Omer(15)+RoshChodesh|morning	Agadir+Algeria+Algiers+Ashkenaz+Baladi+Bavlim+Chabad+ChayeyOdom+Djerba+Fes+Frankfurt+Italki+Libya+Lita+Magreb+Marrakesh+Morocco+Persia+Poznan+PureSephardim+Romania+Sefard+Shami+Teiman+Toshbim	torah	1:Numbers:28:1:28:3 2:Numbers:28:3:28:5 3:Numbers:28:6:28:10 4:Numbers:28:11:28:15
2021-04-12	chul|Monday|Tazria-Metzora|ErevRoshChodesh+Omer(15)+RoshChodesh|morning	Hagra	torah	1:Numbers:28:1:28:3 2:Numbers:28:4:28:8 3:Numbers:28:6:28:10 4:Numbers:28:11:28:15
2021-04-13	EY|Tuesday|Tazria-Metzora|Omer(16)+RoshChodesh|morning	ALL	haftarah	-
2021-04-13	EY|Tuesday|Tazria-Metzora|Omer(16)+RoshChodesh|morning	ALL	maftir	-
2021-04-13	EY|Tuesday|Tazria-Metzora|Omer(16)+RoshChodesh|morning	Agadir+Algeria+Algiers+Ashkenaz+Baladi+Bavlim+Chabad+ChayeyOdom+Djerba+Fes+Frankfurt+Italki+Libya+Lita+Magreb+Marrakesh+Morocco+Persia+Poznan+PureSephardim+Romania+Sefard+Shami+Teiman+Toshbim	torah	1:Numbers:28:1:28:3 2:Numbers:28:3:28:5 3:Numbers:28:6:28:10 4:Numbers:28:11:28:15
2021-04-13	EY|Tuesday|Tazria-Metzora|Omer(16)+RoshChodesh|morning	Hagra	torah	1:Numbers:28:1:28:3 2:Numbers:28:4:28:8 3:Numbers:28:6:28:10 4:Numbers:28:11:28:15
2021-04-13	chul|Tuesday|Tazria-Metzora|Omer(16)+RoshChodesh|morning	ALL	haftarah	-
2021-04-13	chul|Tuesday|Tazria-Metzora|Omer(16)+RoshChodesh|morning	ALL	maftir	-
2021-04-13	chul|Tuesday|Tazria-Metzora|Omer(16)+RoshChodesh|morning	Agadir+Algeria+Algiers+Ashkenaz+Baladi+Bavlim+Chabad+ChayeyOdom+Djerba+Fes+Frankfurt+Italki+Libya+Lita+Magreb+Marrakesh+Morocco+Persia+Poznan+PureSephardim+Romania+Sefard+Shami+Teiman+Toshbim	torah	1:Numbers:28:1:28:3 2:Numbers:28:3:28:5 3:Numbers:28:6:28:10 4:Numbers:28:11:28:15
2021-04-13	chul|Tuesday|Tazria-Metzora|Omer(16)+RoshChodesh|morning	Hagra	torah	1:Numbers:28:1:28:3 2:Numbers:28:4:28:8 3:Numbers:28:6:28:10 4:Numbers:28:11:28:15
2021-04-15	EY|Thursday|Tazria-Metzora|Omer(18)|morning	ALL	haftarah	-
2021-04-15	EY|Thursday|Tazria-Metzora|Omer(18)|morning	ALL	maftir	-
2021-04-15	EY|Thursday|Tazria-Metzora|Omer(18)|morning	ALL	torah	1:Leviticus:12:1:12:4 2:Leviticus:12:5:12:8 3:Leviticus:13:1:13:5
2021-04-15	chul|Thursday|Tazria-Metzora|Omer(18)|morning	ALL	haftarah	-
2021-04-15	chul|Thursday|Tazria-Metzora|Omer(18)|morning	ALL	maftir	-
2021-04-15	chul|Thursday|Tazria-Metzora|Omer(18)|morning	ALL	torah	1:Leviticus:12:1:12:4 2:Leviticus:12:5:12:8 3:Leviticus:13:1:13:5
2021-04-17	EY|shabbos|Tazria-Metzora|Omer(20)|afternoon	ALL	haftarah	-
2021-04-17	EY|shabbos|Tazria-Metzora|Omer(20)|afternoon	ALL	maftir	-
2021-04-17	EY|shabbos|Tazria-Metzora|Omer(20)|afternoon	ALL	torah	1:Leviticus:16:1:16:6 2:Leviticus:16:7:16:11 3:Leviticus:16:12:16:17
2021-04-17	EY|shabbos|Tazria-Metzora|Omer(20)|morning	ALL	maftir	Leviticus:15:31:15:33
2021-04-17	EY|shabbos|Tazria-Metzora|Omer(20)|morning	ALL	torah	1:Leviticus:12:1:13:23 2:Leviticus:13:24:13:39 3:Leviticus:13:40:13:54 4:Leviticus:13:55:14:20 5:Leviticus:14:21:14:32 6:Leviticus:14:33:15:15 7:Leviticus:15:16:15:33
2021-04-17	EY|shabbos|Tazria-Metzora|Omer(20)|morning	Agadir+Algeria+Algiers+Ashkenaz+Bavlim+Chabad+ChayeyOdom+Djerba+Fes+Frankfurt+Hagra+Libya+Lita+Magreb+Marrakesh+Morocco+Persia+Poznan+PureSephardim+Romania+Sefard+Toshbim	haftarah	KingsII:7:3:7:20
2021-04-17	EY|shabbos|Tazria-Metzora|Omer(20)|morning	Baladi+Italki+Shami+Teiman	haftarah	KingsII:7:1:7:20 KingsII:13:23:13:23
2021-04-17	chul|shabbos|Tazria-Metzora|Omer(20)|afternoon	ALL	haftarah	-
2021-04-17	chul|shabbos|Tazria-Metzora|Omer(20)|afternoon	ALL	maftir	-
2021-04-17	chul|shabbos|Tazria-Metzora|Omer(20)|afternoon	ALL	torah	1:Leviticus:16:1:16:6 2:Leviticus:16:7:16:11 3:Leviticus:16:12:16:17
2021-04-17	chul|shabbos|Tazria-Metzora|Omer(20)|morning	ALL	maftir	Leviticus:15:31:15:33
2021-04-17	chul|shabbos|Tazria-Metzora|Omer(20)|morning	ALL	torah	1:Leviticus:12:1:13:23 2:Leviticus:13:24:13:39 3:Leviticus:13:40:13:54 4:Leviticus:13:55:14:20 5:Leviticus:14:21:14:32 6:Leviticus:14:33:15:15 7:Leviticus:15:16:15:33
2021-04-17	chul|shabbos|Tazria-Metzora|Omer(20)|morning	Agadir+Algeria+Algiers+Ashkenaz+Bavlim+Chabad+ChayeyOdom+Djerba+Fes+Frankfurt+Hagra+Libya+Lita+Magreb+Marrakesh+Morocco+Persia+Poznan+PureSephardim+Romania+Sefard+Toshbim	haftarah	KingsII:7:3:7:20
2021-04-17	chul|shabbos|Tazria-Metzora|Omer(20)|morning	Baladi+Italki+Shami+Teiman	haftarah	KingsII:7:1:7:20 KingsII:13:23:13:23
2021-04-19	EY|Monday|Acharei-Kedoshim|Omer(22)|morning	ALL	haftarah	-
2021-04-19	EY|Monday|Acharei-Kedoshim|Omer(22)|morning	ALL	maftir	-
2021-04-19	EY|Monday|Acharei-Kedoshim|Omer(22)|morning	ALL	torah	1:Leviticus:16:1:16:6 2:Leviticus:16:7:16:11 3:Leviticus:16:12:16:17
2021-04-19	chul|Monday|Acharei-Kedoshim|Omer(22)|morning	ALL	haftarah	-
2021-04-19	chul|Monday|Acharei-Kedoshim|Omer(22)|morning	ALL	maftir	-
2021-04-19	chul|Monday|Acharei-Kedoshim|Omer(22)|morning	ALL	torah	1:Leviticus:16:1:16:6 2:Leviticus:16:7:16:11 3:Leviticus:16:12:16:17
2021-04-22	EY|Thursday|Acharei-Kedoshim|Omer(25)|morning	ALL	haftarah	-
2021-04-22	EY|Thursday|Acharei-Kedoshim|Omer(25)|morning	ALL	maftir	-
2021-04-22	EY|Thursday|Acharei-Kedoshim|Omer(25)|morning	ALL	torah	1:Leviticus:16:1:16:6 2:Leviticus:16:7:16:11 3:Leviticus:16:12:16:17
2021-04-22	chul|Thursday|Acharei-Kedoshim|Omer(25)|morning	ALL	haftarah	-
2021-04-22	chul|Thursday|Acharei-Kedoshim|Omer(25)|morning	ALL	maftir	-
2021-04-22	chul|Thursday|Acharei-Kedoshim|Omer(25)|morning	ALL	torah	1:Leviticus:16:1:16:6 2:Leviticus:16:7:16:11 3:Leviticus:16:12:16:17
2021-04-24	EY|shabbos|Acharei-Kedoshim|Omer(27)|afternoon	ALL	haftarah	-
2021-04-24	EY|shabbos|Acharei-Kedoshim|Omer(27)|afternoon	ALL	maftir	-
2021-04-24	EY|shabbos|Acharei-Kedoshim|Omer(27)|afternoon	ALL	torah	1:Leviticus:21:1:21:6 2:Leviticus:21:7:21:12 3:Leviticus:21:13:21:15
2021-04-24	EY|shabbos|Acharei-Kedoshim|Omer(27)|morning	ALL	maftir	Leviticus:20:25:20:27
2021-04-24	EY|shabbos|Acharei-Kedoshim|Omer(27)|morning	ALL	torah	1:Leviticus:16:1:16:24 2:Leviticus:16:25:17:7 3:Leviticus:17:8:18:21 4:Leviticus:18:22:19:14 5:Leviticus:19:15:19:32 6:Leviticus:19:33:20:7 7:Leviticus:20:8:20:27
2021-04-24	EY|shabbos|Acharei-Kedoshim|Omer(27)|morning	Agadir+Algeria+Algiers+Bavlim+Djerba+Fes+Libya+Magreb+Marrakesh+Morocco+Persia+PureSephardim+Sefard+Toshbim	haftarah	Ezekiel:20:2:20:20
2021-04-24	EY|shabbos|Acharei-Kedoshim|Omer(27)|morning	Ashkenaz+Chabad+Frankfurt+Hagra+Poznan	haftarah	Amos:9:7:9:15
2021-04-24	EY|shabbos|Acharei-Kedoshim|Omer(27)|morning	Baladi	haftarah	Ezekiel:20:1:20:15
2021-04-24	EY|shabbos|Acharei-Kedoshim|Omer(27)|morning	ChayeyOdom+Lita	haftarah	Ezekiel:22:1:22:16
2021-04-24	EY|shabbos|Acharei-Kedoshim|Omer(27)|morning	Italki+Shami+Teiman	haftarah	Ezekiel:20:1:20:20
2021-04-24	EY|shabbos|Acharei-Kedoshim|Omer(27)|morning	Romania	haftarah	Isaiah:3:4:5:17
2021-04-24	chul|shabbos|Acharei-Kedoshim|Omer(27)|afternoon	ALL	haftarah	-
2021-04-24	chul|shabbos|Acharei-Kedoshim|Omer(27)|afternoon	ALL	maftir	-
2021-04-24	chul|shabbos|Acharei-Kedoshim|Omer(27)|afternoon	ALL	torah	1:Leviticus:21:1:21:6 2:Leviticus:21:7:21:12 3:Leviticus:21:13:21:15
2021-04-24	chul|shabbos|Acharei-Kedoshim|Omer(27)|morning	ALL	maftir	Leviticus:20:25:20:27
2021-04-24	chul|shabbos|Acharei-Kedoshim|Omer(27)|morning	ALL	torah	1:Leviticus:16:1:16:24 2:Leviticus:16:25:17:7 3:Leviticus:17:8:18:21 4:Leviticus:18:22:19:14 5:Leviticus:19:15:19:32 6:Leviticus:19:33:20:7 7:Leviticus:20:8:20:27
2021-04-24	chul|shabbos|Acharei-Kedoshim|Omer(27)|morning	Agadir+Algeria+Algiers+Bavlim+Djerba+Fes+Libya+Magreb+Marrakesh+Morocco+Persia+PureSephardim+Sefard+Toshbim	haftarah	Ezekiel:20:2:20:20
2021-04-24	chul|shabbos|Acharei-Kedoshim|Omer(27)|morning	Ashkenaz+Chabad+Frankfurt+Hagra+Poznan	haftarah	Amos:9:7:9:15
2021-04-24	chul|shabbos|Acharei-Kedoshim|Omer(27)|morning	Baladi	haftarah	Ezekiel:20:1:20:15
2021-04-24	chul|shabbos|Acharei-Kedoshim|Omer(27)|morning	ChayeyOdom+Lita	haftarah	Ezekiel:22:1:22:16
2021-04-24	chul|shabbos|Acharei-Kedoshim|Omer(27)|morning	Italki+Shami+Teiman	haftarah	Ezekiel:20:1:20:20
2021-04-24	chul|shabbos|Acharei-Kedoshim|Omer(27)|morning	Romania	haftarah	Isaiah:3:4:5:17
2021-04-26	EY|Monday|Emor|Omer(29)|morning	ALL	haftarah	-
2021-04-26	EY|Monday|Emor|Omer(29)|morning	ALL	maftir	-
2021-04-26	EY|Monday|Emor|Omer(29)|morning	ALL	torah	1:Leviticus:21:1:21:6 2:Leviticus:21:7:21:12 3:Leviticus:21:13:21:15
2021-04-26	chul|Monday|Emor|Omer(29)|morning	ALL	haftarah	-
2021-04-26	chul|Monday|Emor|Omer(29)|morning	ALL	maftir	-
2021-04-26	chul|Monday|Emor|Omer(29)|morning	ALL	torah	1:Leviticus:21:1:21:6 2:Leviticus:21:7:21:12 3:Leviticus:21:13:21:15
2021-04-29	EY|Thursday|Emor|Omer(32)|morning	ALL	haftarah	-
2021-04-29	EY|Thursday|Emor|Omer(32)|morning	ALL	maftir	-
2021-04-29	EY|Thursday|Emor|Omer(32)|morning	ALL	torah	1:Leviticus:21:1:21:6 2:Leviticus:21:7:21:12 3:Leviticus:21:13:21:15
2021-04-29	chul|Thursday|Emor|Omer(32)|morning	ALL	haftarah	-
2021-04-29	chul|Thursday|Emor|Omer(32)|morning	ALL	maftir	-
2021-04-29	chul|Thursday|Emor|Omer(32)|morning	ALL	torah	1:Leviticus:21:1:21:6 2:Leviticus:21:7:21:12 3:Leviticus:21:13:21:15
2021-05-01	EY|shabbos|Emor|Omer(34)|afternoon	ALL	haftarah	-
2021-05-01	EY|shabbos|Emor|Omer(34)|afternoon	ALL	maftir	-
2021-05-01	EY|shabbos|Emor|Omer(34)|afternoon	ALL	torah	1:Leviticus:25:1:25:3 2:Leviticus:25:4:25:7 3:Leviticus:25:8:25:13
2021-05-01	EY|shabbos|Emor|Omer(34)|morning	ALL	haftarah	Ezekiel:44:15:44:31
2021-05-01	EY|shabbos|Emor|Omer(34)|morning	ALL	maftir	Leviticus:24:21:24:23
2021-05-01	EY|shabbos|Emor|Omer(34)|morning	ALL	torah	1:Leviticus:21:1:21:15 2:Leviticus:21:16:22:16 3:Leviticus:22:17:22:33 4:Leviticus:23:1:23:22 5:Leviticus:23:23:23:32 6:Leviticus:23:33:23:44 7:Leviticus:24:1:24:23
2021-05-01	chul|shabbos|Emor|Omer(34)|afternoon	ALL	haftarah	-
2021-05-01	chul|shabbos|Emor|Omer(34)|afternoon	ALL	maftir	-
2021-05-01	chul|shabbos|Emor|Omer(34)|afternoon	ALL	torah	1:Leviticus:25:1:25:3 2:Leviticus:25:4:25:7 3:Leviticus:25:8:25:13
2021-05-01	chul|shabbos|Emor|Omer(34)|morning	ALL	haftarah	Ezekiel:44:15:44:31
2021-05-01	chul|shabbos|Emor|Omer(34)|morning	ALL	maftir	Leviticus:24:21:24:23
2021-05-01	chul|shabbos|Emor|Omer(34)|morning	ALL	torah	1:Leviticus:21:1:21:15 2:Leviticus:21:16:22:16 3:Leviticus:22:17:22:33 4:Leviticus:23:1:23:22 5:Leviticus:23:23:23:32 6:Leviticus:23:33:23:44 7:Leviticus:24:1:24:23
2021-05-03	EY|Monday|Behar-Bechukosai|Omer(36)|morning	ALL	haftarah	-
2021-05-03	EY|Monday|Behar-Bechukosai|Omer(36)|morning	ALL	maftir	-
2021-05-03	EY|Monday|Behar-Bechukosai|Omer(36)|morning	ALL	torah	1:Leviticus:25:1:25:3 2:Leviticus:25:4:25:7 3:Leviticus:25:8:25:13
2021-05-03	chul|Monday|Behar-Bechukosai|Omer(36)|morning	ALL	haftarah	-
2021-05-03	chul|Monday|Behar-Bechukosai|Omer(36)|morning	ALL	maftir	-
2021-05-03	chul|Monday|Behar-Bechukosai|Omer(36)|morning	ALL	torah	1:Leviticus:25:1:25:3 2:Leviticus:25:4:25:7 3:Leviticus:25:8:25:13
2021-05-06	EY|Thursday|Behar-Bechukosai|Omer(39)|morning	ALL	haftarah	-
2021-05-06	EY|Thursday|Behar-Bechukosai|Omer(39)|morning	ALL	maftir	-
2021-05-06	EY|Thursday|Behar-Bechukosai|Omer(39)|morning	ALL	torah	1:Leviticus:25:1:25:3 2:Leviticus:25:4:25:7 3:Leviticus:25:8:25:13
2021-05-06	chul|Thursday|Behar-Bechukosai|Omer(39)|morning	ALL	haftarah	-
2021-05-06	chul|Thursday|Behar-Bechukosai|Omer(39)|morning	ALL	maftir	-
2021-05-06	chul|Thursday|Behar-Bechukosai|Omer(39)|morning	ALL	torah	1:Leviticus:25:1:25:3 2:Leviticus:25:4:25:7 3:Leviticus:25:8:25:13
2021-05-08	EY|shabbos|Behar-Bechukosai|Omer(41)|afternoon	ALL	haftarah	-
2021-05-08	EY|shabbos|Behar-Bechukosai|Omer(41)|afternoon	ALL	maftir	-
2021-05-08	EY|shabbos|Behar-Bechukosai|Omer(41)|afternoon	ALL	torah	1:Numbers:1:1:1:4 2:Numbers:1:5:1:16 3:Numbers:1:17:1:19
2021-05-08	EY|shabbos|Behar-Bechukosai|Omer(41)|morning	ALL	maftir	Leviticus:27:32:27:34
2021-05-08	EY|shabbos|Behar-Bechukosai|Omer(41)|morning	ALL	torah	1:Leviticus:25:1:25:18 2:Leviticus:25:19:25:28 3:Leviticus:25:29:25:38 4:Leviticus:25:39:26:9 5:Leviticus:26:10:26:46 6:Leviticus:27:1:27:15 7:Leviticus:27:16:27:34
2021-05-08	EY|shabbos|Behar-Bechukosai|Omer(41)|morning	Agadir+Algeria+Algiers+Ashkenaz+Bavlim+Chabad+ChayeyOdom+Djerba+Fes+Frankfurt+Hagra+Libya+Lita+Magreb+Marrakesh+Morocco+Persia+PureSephardim+Romania+Sefard+Toshbim	haftarah	Jeremiah:16:19:17:14
2021-05-08	EY|shabbos|Behar-Bechukosai|Omer(41)|morning	Baladi+Shami+Teiman	haftarah	Ezekiel:34:1:34:27
2021-05-08	EY|shabbos|Behar-Bechukosai|Omer(41)|morning	Italki+Poznan	haftarah	Ezekiel:34:1:34:15
2021-05-08	chul|shabbos|Behar-Bechukosai|Omer(41)|afternoon	ALL	haftarah	-
2021-05-08	chul|shabbos|Behar-Bechukosai|Omer(41)|afternoon	ALL	maftir	-
2021-05-08	chul|shabbos|Behar-Bechukosai|Omer(41)|afternoon	ALL	torah	1:Numbers:1:1:1:4 2:Numbers:1:5:1:16 3:Numbers:1:17:1:19
2021-05-08	chul|shabbos|Behar-Bechukosai|Omer(41)|morning	ALL	maftir	Leviticus:27:32:27:34
2021-05-08	chul|shabbos|Behar-Bechukosai|Omer(41)|morning	ALL	torah	1:Leviticus:25:1:25:18 2:Leviticus:25:19:25:28 3:Leviticus:25:29:25:38 4:Leviticus:25:39:26:9 5:Leviticus:26:10:26:46 6:Leviticus:27:1:27:15 7:Leviticus:27:16:27:34
2021-05-08	chul|shabbos|Behar-Bechukosai|Omer(41)|morning	Agadir+Algeria+Algiers+Ashkenaz+Bavlim+Chabad+ChayeyOdom+Djerba+Fes+Frankfurt+Hagra+Libya+Lita+Magreb+Marrakesh+Morocco+Persia+PureSephardim+Romania+Sefard+Toshbim	haftarah	Jeremiah:16:19:17:14
2021-05-08	chul|shabbos|Behar-Bechukosai|Omer(41)|morning	Baladi+Shami+Teiman	haftarah	Ezekiel:34:1:34:27
2021-05-08	chul|shabbos|Behar-Bechukosai|Omer(41)|morning	Italki+Poznan	haftarah	Ezekiel:34:1:34:15
2021-05-10	EY|Monday|Bemidbar|Omer(43)|morning	ALL	haftarah	-
2021-05-10	EY|Monday|Bemidbar|Omer(43)|morning	ALL	maftir	-
2021-05-10	EY|Monday|Bemidbar|Omer(43)|morning	ALL	torah	1:Numbers:1:1:1:4 2:Numbers:1:5:1:16 3:Numbers:1:17:1:19
2021-05-10	chul|Monday|Bemidbar|Omer(43)|morning	ALL	haftarah	-
2021-05-10	chul|Monday|Bemidbar|Omer(43)|morning	ALL	maftir	-
2021-05-10	chul|Monday|Bemidbar|Omer(43)|morning	ALL	torah	1:Numbers:1:1:1:4 2:Numbers:1:5:1:16 3:Numbers:1:17:1:19
2021-05-12	EY|Wednesday|Bemidbar|Omer(45)+RoshChodesh|morning	ALL	haftarah	-
2021-05-12	EY|Wednesday|Bemidbar|Omer(45)+RoshChodesh|morning	ALL	maftir	-
2021-05-12	EY|Wednesday|Bemidbar|Omer(45)+RoshChodesh|morning	Agadir+Algeria+Algiers+Ashkenaz+Baladi+Bavlim+Chabad+ChayeyOdom+Djerba+Fes+Frankfurt+Italki+Libya+Lita+Magreb+Marrakesh+Morocco+Persia+Poznan+PureSephardim+Romania+Sefard+Shami+Teiman+Toshbim	torah	1:Numbers:28:1:28:3 2:Numbers:28:3:28:5 3:Numbers:28:6:28:10 4:Numbers:28:11:28:15
2021-05-12	EY|Wednesday|Bemidbar|Omer(45)+RoshChodesh|morning	Hagra	torah	1:Numbers:28:1:28:3 2:Numbers:28:4:28:8 3:Numbers:28:6:28:10 4:Numbers:28:11:28:15
2021-05-12	chul|Wednesday|Bemidbar|Omer(45)+RoshChodesh|morning	ALL	haftarah	-
2021-05-12	chul|Wednesday|Bemidbar|Omer(45)+RoshChodesh|morning	ALL	maftir	-
2021-05-12	chul|Wednesday|Bemidbar|Omer(45)+RoshChodesh|morning	Agadir+Algeria+Algiers+Ashkenaz+Baladi+Bavlim+Chabad+ChayeyOdom+Djerba+Fes+Frankfurt+Italki+Libya+Lita+Magreb+Marrakesh+Morocco+Persia+Poznan+PureSephardim+Romania+Sefard+Shami+Teiman+Toshbim	torah	1:Numbers:28:1:28:3 2:Numbers:28:3:28:5 3:Numbers:28:6:28:10 4:Numbers:28:11:28:15
2021-05-12	chul|Wednesday|Bemidbar|Omer(45)+RoshChodesh|morning	Hagra	torah	1:Numbers:28:1:28:3 2:Numbers:28:4:28:8 3:Numbers:28:6:28:10 4:Numbers:28:11:28:15
2021-05-13	EY|Thursday|Bemidbar|Omer(46)|morning	ALL	haftarah	-
2021-05-13	EY|Thursday|Bemidbar|Omer(46)|morning	ALL	maftir	-
2021-05-13	EY|Thursday|Bemidbar|Omer(46)|morning	ALL	torah	1:Numbers:1:1:1:4 2:Numbers:1:5:1:16 3:Numbers:1:17:1:19
2021-05-13	chul|Thursday|Bemidbar|Omer(46)|morning	ALL	haftarah	-
2021-05-13	chul|Thursday|Bemidbar|Omer(46)|morning	ALL	maftir	-
2021-05-13	chul|Thursday|Bemidbar|Omer(46)|morning	ALL	torah	1:Numbers:1:1:1:4 2:Numbers:1:5:1:16 3:Numbers:1:17:1:19
2021-05-15	EY|shabbos|Bemidbar|Omer(48)|afternoon	ALL	haftarah	-
2021-05-15	EY|shabbos|Bemidbar|Omer(48)|afternoon	ALL	maftir	-
2021-05-15	EY|shabbos|Bemidbar|Omer(48)|afternoon	ALL	torah	1:Numbers:4:21:4:24 2:Numbers:4:25:4:28 3:Numbers:4:29:4:37
2021-05-15	EY|shabbos|Bemidbar|Omer(48)|morning	ALL	haftarah	Hosea:2:1:2:22
2021-05-15	EY|shabbos|Bemidbar|Omer(48)|morning	ALL	maftir	Numbers:4:17:4:20
2021-05-15	EY|shabbos|Bemidbar|Omer(48)|morning	ALL	torah	1:Numbers:1:1:1:19 2:Numbers:1:20:1:54 3:Numbers:2:1:2:34 4:Numbers:3:1:3:13 5:Numbers:3:14:3:39 6:Numbers:3:40:3:51 7:Numbers:4:1:4:20
2021-05-15	chul|shabbos|Bemidbar|Omer(48)|afternoon	ALL	haftarah	-
2021-05-15	chul|shabbos|Bemidbar|Omer(48)|afternoon	ALL	maftir	-
2021-05-15	chul|shabbos|Bemidbar|Omer(48)|afternoon	ALL	torah	1:Numbers:4:21:4:24 2:Numbers:4:25:4:28 3:Numbers:4:29:4:37
2021-05-15	chul|shabbos|Bemidbar|Omer(48)|morning	ALL	haftarah	Hosea:2:1:2:22
2021-05-15	chul|shabbos|Bemidbar|Omer(48)|morning	ALL	maftir	Numbers:4:17:4:20
2021-05-15	chul|shabbos|Bemidbar|Omer(48)|morning	ALL	torah	1:Numbers:1:1:1:19 2:Numbers:1:20:1:54 3:Numbers:2:1:2:34 4:Numbers:3:1:3:13 5:Numbers:3:14:3:39 6:Numbers:3:40:3:51 7:Numbers:4:1:4:20
2021-05-17	EY|Monday|Nasso|Shavuos1|morning	ALL	maftir	Numbers:28:26:28:31
2021-05-17	EY|Monday|Nasso|Shavuos1|morning	ALL	torah	1:Exodus:19:1:19:6 2:Exodus:19:7:19:13 3:Exodus:19:14:19:19 4:Exodus:19:20:20:14 5:Exodus:20:15:20:22
2021-05-17	EY|Monday|Nasso|Shavuos1|morning	Agadir+Algeria+Algiers+Ashkenaz+Bavlim+Chabad+ChayeyOdom+Djerba+Fes+Frankfurt+Hagra+Italki+Libya+Lita+Magreb+Marrakesh+Morocco+Persia+Poznan+PureSephardim+Romania+Sefard+Toshbim	haftarah	Ezekiel:1:1:1:28 Ezekiel:3:12:3:12
2021-05-17	EY|Monday|Nasso|Shavuos1|morning	Baladi+Shami+Teiman	haftarah	Ezekiel:1:1:2:2 Ezekiel:3:12:3:12
2021-05-17	chul|Monday|Nasso|Shavuos1|morning	ALL	maftir	Numbers:28:26:28:31
2021-05-17	chul|Monday|Nasso|Shavuos1|morning	ALL	torah	1:Exodus:19:1:19:6 2:Exodus:19:7:19:13 3:Exodus:19:14:19:19 4:Exodus:19:20:20:14 5:Exodus:20:15:20:22
2021-05-17	chul|Monday|Nasso|Shavuos1|morning	Agadir+Algeria+Algiers+Ashkenaz+Bavlim+Chabad+ChayeyOdom+Djerba+Fes+Frankfurt+Hagra+Italki+Libya+Lita+Magreb+Marrakesh+Morocco+Persia+Poznan+PureSephardim+Romania+Sefard+Toshbim	haftarah	Ezekiel:1:1:1:28 Ezekiel:3:12:3:12
2021-05-17	chul|Monday|Nasso|Shavuos1|morning	Baladi+Shami+Teiman	haftarah	Ezekiel:1:1:2:2 Ezekiel:3:12:3:12
2021-05-18	chul|Tuesday|Nasso|Shavuos2|morning	ALL	maftir	Numbers:28:26:28:31
2021-05-18	chul|Tuesday|Nasso|Shavuos2|morning	ALL	torah	1:Deuteronomy:15:19:15:23 2:Deuteronomy:16:1:16:3 3:Deuteronomy:16:4:16:8 4:Deuteronomy:16:9:16:12 5:Deuteronomy:16:13:16:17
2021-05-18	chul|Tuesday|Nasso|Shavuos2|morning	Agadir+Algeria+Algiers+Baladi+Bavlim+Chabad+Djerba+Fes+Italki+Libya+Magreb+Marrakesh+Morocco+Persia+PureSephardim+Sefard+Shami+Teiman+Toshbim	haftarah	Habakkuk:2:20:3:19
2021-05-18	chul|Tuesday|Nasso|Shavuos2|morning	Ashkenaz+ChayeyOdom+Frankfurt+Hagra+Lita+Poznan+Romania	haftarah	Habakkuk:3:1:3:19
2021-05-20	EY|Thursday|Nasso|-|morning	ALL	haftarah	-
2021-05-20	EY|Thursday|Nasso|-|morning	ALL	maftir	-
2021-05-20	EY|Thursday|Nasso|-|morning	ALL	torah	1:Numbers:4:21:4:24 2:Numbers:4:25:4:28 3:Numbers:4:29:4:37
2021-06-07	chul|Monday|Korach|-|morning	ALL	haftarah	-
2021-06-07	chul|Monday|Korach|-|morning	ALL	maftir	-
2021-06-07	chul|Monday|Korach|-|morning	ALL	torah	1:Numbers:16:1:16:3 2:Numbers:16:4:16:7 3:Numbers:16:8:16:13
2021-06-10	EY|Thursday|Korach|ErevRoshChodesh+RoshChodesh|morning	ALL	haftarah	-
2021-06-10	EY|Thursday|Korach|ErevRoshChodesh+RoshChodesh|morning	ALL	maftir	-
2021-06-10	EY|Thursday|Korach|ErevRoshChodesh+RoshChodesh|morning	Agadir+Algeria+Algiers+Ashkenaz+Baladi+Bavlim+Chabad+ChayeyOdom+Djerba+Fes+Frankfurt+Italki+Libya+Lita+Magreb+Marrakesh+Morocco+Persia+Poznan+PureSephardim+Romania+Sefard+Shami+Teiman+Toshbim	torah	1:Numbers:28:1:28:3 2:Numbers:28:3:28:5 3:Numbers:28:6:28:10 4:Numbers:28:11:28:15
2021-06-10	EY|Thursday|Korach|ErevRoshChodesh+RoshChodesh|morning	Hagra	torah	1:Numbers:28:1:28:3 2:Numbers:28:4:28:8 3:Numbers:28:6:28:10 4:Numbers:28:11:28:15
2021-06-10	chul|Thursday|Korach|ErevRoshChodesh+RoshChodesh|morning	ALL	haftarah	-
2021-06-10	chul|Thursday|Korach|ErevRoshChodesh+RoshChodesh|morning	ALL	maftir	-
2021-06-10	chul|Thursday|Korach|ErevRoshChodesh+RoshChodesh|morning	Agadir+Algeria+Algiers+Ashkenaz+Baladi+Bavlim+Chabad+ChayeyOdom+Djerba+Fes+Frankfurt+Italki+Libya+Lita+Magreb+Marrakesh+Morocco+Persia+Poznan+PureSephardim+Romania+Sefard+Shami+Teiman+Toshbim	torah	1:Numbers:28:1:28:3 2:Numbers:28:3:28:5 3:Numbers:28:6:28:10 4:Numbers:28:11:28:15
2021-06-10	chul|Thursday|Korach|ErevRoshChodesh+RoshChodesh|morning	Hagra	torah	1:Numbers:28:1:28:3 2:Numbers:28:4:28:8 3:Numbers:28:6:28:10 4:Numbers:28:11:28:15
2021-06-11	EY|Friday|Korach|RoshChodesh|morning	ALL	haftarah	-
2021-06-11	EY|Friday|Korach|RoshChodesh|morning	ALL	maftir	-
2021-06-11	EY|Friday|Korach|RoshChodesh|morning	Agadir+Algeria+Algiers+Ashkenaz+Baladi+Bavlim+Chabad+ChayeyOdom+Djerba+Fes+Frankfurt+Italki+Libya+Lita+Magreb+Marrakesh+Morocco+Persia+Poznan+PureSephardim+Romania+Sefard+Shami+Teiman+Toshbim	torah	1:Numbers:28:1:28:3 2:Numbers:28:3:28:5 3:Numbers:28:6:28:10 4:Numbers:28:11:28:15
2021-06-11	EY|Friday|Korach|RoshChodesh|morning	Hagra	torah	1:Numbers:28:1:28:3 2:Numbers:28:4:28:8 3:Numbers:28:6:28:10 4:Numbers:28:11:28:15
2021-06-11	chul|Friday|Korach|RoshChodesh|morning	ALL	haftarah	-
2021-06-11	chul|Friday|Korach|RoshChodesh|morning	ALL	maftir	-
2021-06-11	chul|Friday|Korach|RoshChodesh|morning	Agadir+Algeria+Algiers+Ashkenaz+Baladi+Bavlim+Chabad+ChayeyOdom+Djerba+Fes+Frankfurt+Italki+Libya+Lita+Magreb+Marrakesh+Morocco+Persia+Poznan+PureSephardim+Romania+Sefard+Shami+Teiman+Toshbim	torah	1:Numbers:28:1:28:3 2:Numbers:28:3:28:5 3:Numbers:28:6:28:10 4:Numbers:28:11:28:15
2021-06-11	chul|Friday|Korach|RoshChodesh|morning	Hagra	torah	1:Numbers:28:1:28:3 2:Numbers:28:4:28:8 3:Numbers:28:6:28:10 4:Numbers:28:11:28:15
2021-06-14	EY|Monday|Chukas|-|morning	ALL	haftarah	-
2021-06-14	EY|Monday|Chukas|-|morning	ALL	maftir	-
2021-06-14	EY|Monday|Chukas|-|morning	ALL	torah	1:Numbers:19:1:19:6 2:Numbers:19:7:19:9 3:Numbers:19:10:19:17
2021-06-14	chul|Monday|Chukas|-|morning	ALL	haftarah	-
2021-06-14	chul|Monday|Chukas|-|morning	ALL	maftir	-
2021-06-14	chul|Monday|Chukas|-|morning	ALL	torah	1:Numbers:19:1:19:6 2:Numbers:19:7:19:9 3:Numbers:19:10:19:17
2021-06-17	chul|Thursday|Chukas|-|morning	ALL	haftarah	-
2021-06-17	chul|Thursday|Chukas|-|morning	ALL	maftir	-
2021-06-17	chul|Thursday|Chukas|-|morning	ALL	torah	1:Numbers:19:1:19:6 2:Numbers:19:7:19:9 3:Numbers:19:10:19:17
2021-06-19	chul|shabbos|Chukas|-|afternoon	ALL	haftarah	-
2021-06-19	chul|shabbos|Chukas|-|afternoon	ALL	maftir	-
2021-06-19	chul|shabbos|Chukas|-|afternoon	ALL	torah	1:Numbers:22:2:22:4 2:Numbers:22:5:22:7 3:Numbers:22:8:22:12
2021-06-19	chul|shabbos|Chukas|-|morning	ALL	maftir	Numbers:21:34:22:1
2021-06-19	chul|shabbos|Chukas|-|morning	ALL	torah	1:Numbers:19:1:19:17 2:Numbers:19:18:20:6 3:Numbers:20:7:20:13 4:Numbers:20:14:20:21 5:Numbers:20:22:21:9 6:Numbers:21:10:21:20 7:Numbers:21:21:22:1
2021-06-19	chul|shabbos|Chukas|-|morning	Agadir+Algeria+Algiers+Ashkenaz+Bavlim+Chabad+ChayeyOdom+Djerba+Fes+Frankfurt+Hagra+Italki+Libya+Lita+Magreb+Marrakesh+Morocco+Persia+PureSephardim+Romania+Sefard+Toshbim	haftarah	Judges:11:1:11:33
2021-06-19	chul|shabbos|Chukas|-|morning	Baladi+Shami+Teiman	haftarah	Judges:11:1:11:40
2021-06-19	chul|shabbos|Chukas|-|morning	Poznan	haftarah	Judges:11:1:11:24
2021-06-21	chul|Monday|Balak|-|morning	ALL	haftarah	-
2021-06-21	chul|Monday|Balak|-|morning	ALL	maftir	-
2021-06-21	chul|Monday|Balak|-|morning	ALL	torah	1:Numbers:22:2:22:4 2:Numbers:22:5:22:7 3:Numbers:22:8:22:12
2021-06-24	chul|Thursday|Balak|-|morning	ALL	haftarah	-
2021-06-24	chul|Thursday|Balak|-|morning	ALL	maftir	-
2021-06-24	chul|Thursday|Balak|-|morning	ALL	torah	1:Numbers:22:2:22:4 2:Numbers:22:5:22:7 3:Numbers:22:8:22:12
2021-06-26	chul|shabbos|Balak|-|afternoon	ALL	haftarah	-
2021-06-26	chul|shabbos|Balak|-|afternoon	ALL	maftir	-
2021-06-26	chul|shabbos|Balak|-|afternoon	ALL	torah	1:Numbers:25:10:25:12 2:Numbers:25:13:25:15 3:Numbers:25:16:26:4
2021-06-26	chul|shabbos|Balak|-|morning	ALL	haftarah	Micah:5:6:6:8
2021-06-26	chul|shabbos|Balak|-|morning	ALL	maftir	Numbers:25:7:25:9
2021-06-26	chul|shabbos|Balak|-|morning	ALL	torah	1:Numbers:22:2:22:12 2:Numbers:22:13:22:20 3:Numbers:22:21:22:38 4:Numbers:22:39:23:12 5:Numbers:23:13:23:26 6:Numbers:23:27:24:13 7:Numbers:24:14:25:9
2021-06-27	EY|Sunday|Pinchas|FastOfTammuz|afternoon	ALL	maftir	-
2021-06-27	EY|Sunday|Pinchas|FastOfTammuz|afternoon	ALL	torah	1:Exodus:32:11:32:14 2:Exodus:34:1:34:3 3:Exodus:34:4:34:10
2021-06-27	EY|Sunday|Pinchas|FastOfTammuz|afternoon	Agadir+Baladi+Bavlim+Djerba+Fes+Libya+Magreb+Morocco+Persia+PureSephardim+Sefard+Shami+Teiman+Toshbim	haftarah	-
2021-06-27	EY|Sunday|Pinchas|FastOfTammuz|afternoon	Algeria+Marrakesh	haftarah	Hosea:14:2:14:10 Micah:7:18:7:20
2021-06-27	EY|Sunday|Pinchas|FastOfTammuz|afternoon	Algiers+Ashkenaz+Chabad+ChayeyOdom+Frankfurt+Hagra+Italki+Lita+Poznan+Romania	haftarah	Isaiah:55:6:56:8
2021-06-27	EY|Sunday|Pinchas|FastOfTammuz|morning	ALL	haftarah	-
2021-06-27	EY|Sunday|Pinchas|FastOfTammuz|morning	ALL	maftir	-
2021-06-27	EY|Sunday|Pinchas|FastOfTammuz|morning	ALL	torah	1:Exodus:32:11:32:14 2:Exodus:34:1:34:3 3:Exodus:34:4:34:10
2021-06-27	chul|Sunday|Pinchas|FastOfTammuz|afternoon	ALL	maftir	-
2021-06-27	chul|Sunday|Pinchas|FastOfTammuz|afternoon	ALL	torah	1:Exodus:32:11:32:14 2:Exodus:34:1:34:3 3:Exodus:34:4:34:10
2021-06-27	chul|Sunday|Pinchas|FastOfTammuz|afternoon	Agadir+Baladi+Bavlim+Djerba+Fes+Libya+Magreb+Morocco+Persia+PureSephardim+Sefard+Shami+Teiman+Toshbim	haftarah	-
2021-06-27	chul|Sunday|Pinchas|FastOfTammuz|afternoon	Algeria+Marrakesh	haftarah	Hosea:14:2:14:10 Micah:7:18:7:20
2021-06-27	chul|Sunday|Pinchas|FastOfTammuz|afternoon	Algiers+Ashkenaz+Chabad+ChayeyOdom+Frankfurt+Hagra+Italki+Lita+Poznan+Romania	haftarah	Isaiah:55:6:56:8
2021-06-27	chul|Sunday|Pinchas|FastOfTammuz|morning	ALL	haftarah	-
2021-06-27	chul|Sunday|Pinchas|FastOfTammuz|morning	ALL	maftir	-
2021-06-27	chul|Sunday|Pinchas|FastOfTammuz|morning	ALL	torah	1:Exodus:32:11:32:14 2:Exodus:34:1:34:3 3:Exodus:34:4:34:10
2021-07-01	EY|Thursday|Pinchas|-|morning	ALL	haftarah	-
2021-07-01	EY|Thursday|Pinchas|-|morning	ALL	maftir	-
2021-07-01	EY|Thursday|Pinchas|-|morning	ALL	torah	1:Numbers:25:10:25:12 2:Numbers:25:13:25:15 3:Numbers:25:16:26:4
2021-07-01	chul|Thursday|Pinchas|-|morning	ALL	haftarah	-
2021-07-01	chul|Thursday|Pinchas|-|morning	ALL	maftir	-
2021-07-01	chul|Thursday|Pinchas|-|morning	ALL	torah	1:Numbers:25:10:25:12 2:Numbers:25:13:25:15 3:Numbers:25:16:26:4
2021-07-10	EY|shabbos|Mattos-Masei|RoshChodesh|afternoon	ALL	haftarah	-
2021-07-10	EY|shabbos|Mattos-Masei|RoshChodesh|afternoon	ALL	maftir	-
2021-07-10	EY|shabbos|Mattos-Masei|RoshChodesh|afternoon	ALL	torah	1:Deuteronomy:1:1:1:3 2:Deuteronomy:1:4:1:7 3:Deuteronomy:1:8:1:10
2021-07-10	EY|shabbos|Mattos-Masei|RoshChodesh|morning	ALL	maftir	Numbers:28:9:28:15
2021-07-10	EY|shabbos|Mattos-Masei|RoshChodesh|morning	Agadir+Algeria+Algiers+Baladi+Bavlim+Chabad+Djerba+Fes+Libya+Magreb+Marrakesh+Morocco+Persia+PureSephardim+Romania+Sefard+Shami+Teiman+Toshbim	torah	1:Numbers:30:2:31:12 2:Numbers:31:13:31:54 3:Numbers:32:1:32:19 4:Numbers:32:20:33:49 5:Numbers:33:50:34:15 6:Numbers:34:16:35:8 7:Numbers:35:9:36:13
2021-07-10	EY|shabbos|Mattos-Masei|RoshChodesh|morning	Agadir+Algeria+Algiers+Bavlim+Djerba+Fes+Libya+Magreb+Marrakesh+Morocco+Persia+PureSephardim+Romania+Sefard+Shami+Toshbim	haftarah	Jeremiah:2:4:2:28 Jeremiah:4:1:4:2
2021-07-10	EY|shabbos|Mattos-Masei|RoshChodesh|morning	Ashkenaz+ChayeyOdom+Frankfurt+Hagra+Italki+Lita+Poznan	torah	1:Numbers:30:2:31:12 2:Numbers:31:13:31:54 3:Numbers:32:1:32:19 4:Numbers:32:20:33:10 5:Numbers:33:11:34:15 6:Numbers:34:16:35:8 7:Numbers:35:9:36:13
2021-07-10	EY|shabbos|Mattos-Masei|RoshChodesh|morning	Ashkenaz+ChayeyOdom+Frankfurt+Hagra+Lita+Poznan	haftarah	Jeremiah:2:4:2:28 Jeremiah:3:4:3:4
2021-07-10	EY|shabbos|Mattos-Masei|RoshChodesh|morning	Baladi+Teiman	haftarah	Isaiah:1:1:1:20
2021-07-10	EY|shabbos|Mattos-Masei|RoshChodesh|morning	Chabad	haftarah	Jeremiah:2:4:2:28 Jeremiah:4:1:4:2 Isaiah:66:1:66:1 Isaiah:66:23:66:24 Isaiah:66:23:66:23
2021-07-10	EY|shabbos|Mattos-Masei|RoshChodesh|morning	Italki	haftarah	Joshua:19:21:21:3
2021-07-10	chul|shabbos|Mattos-Masei|RoshChodesh|afternoon	ALL	haftarah	-
2021-07-10	chul|shabbos|Mattos-Masei|RoshChodesh|afternoon	ALL	maftir	-
2021-07-10	chul|shabbos|Mattos-Masei|RoshChodesh|afternoon	ALL	torah	1:Deuteronomy:1:1:1:3 2:Deuteronomy:1:4:1:7 3:Deuteronomy:1:8:1:10
2021-07-10	chul|shabbos|Mattos-Masei|RoshChodesh|morning	ALL	maftir	Numbers:28:9:28:15
2021-07-10	chul|shabbos|Mattos-Masei|RoshChodesh|morning	Agadir+Algeria+Algiers+Baladi+Bavlim+Chabad+Djerba+Fes+Libya+Magreb+Marrakesh+Morocco+Persia+PureSephardim+Romania+Sefard+Shami+Teiman+Toshbim	torah	1:Numbers:30:2:31:12 2:Numbers:31:13:31:54 3:Numbers:32:1:32:19 4:Numbers:32:20:33:49 5:Numbers:33:50:34:15 6:Numbers:34:16:35:8 7:Numbers:35:9:36:13
2021-07-10	chul|shabbos|Mattos-Masei|RoshChodesh|morning	Agadir+Algeria+Algiers+Bavlim+Djerba+Fes+Libya+Magreb+Marrakesh+Morocco+Persia+PureSephardim+Romania+Sefard+Shami+Toshbim	haftarah	Jeremiah:2:4:2:28 Jeremiah:4:1:4:2
2021-07-10	chul|shabbos|Mattos-Masei|RoshChodesh|morning	Ashkenaz+ChayeyOdom+Frankfurt+Hagra+Italki+Lita+Poznan	torah	1:Numbers:30:2:31:12 2:Numbers:31:13:31:54 3:Numbers:32:1:32:19 4:Numbers:32:20:33:10 5:Numbers:33:11:34:15 6:Numbers:34:16:35:8 7:Numbers:35:9:36:13
2021-07-10	chul|shabbos|Mattos-Masei|RoshChodesh|morning	Ashkenaz+ChayeyOdom+Frankfurt+Hagra+Lita+Poznan	haftarah	Jeremiah:2:4:2:28 Jeremiah:3:4:3:4
2021-07-10	chul|shabbos|Mattos-Masei|RoshChodesh|morning	Baladi+Teiman	haftarah	Isaiah:1:1:1:20
2021-07-10	chul|shabbos|Mattos-Masei|RoshChodesh|morning	Chabad	haftarah	Jeremiah:2:4:2:28 Jeremiah:4:1:4:2 Isaiah:66:1:66:1 Isaiah:66:23:66:24 Isaiah:66:23:66:23
2021-07-10	chul|shabbos|Mattos-Masei|RoshChodesh|morning	Italki	haftarah	Joshua:19:21:21:3
2021-07-18	EY|Sunday|Va_eschanan|TishaBeAv|afternoon	ALL	maftir	-
2021-07-18	EY|Sunday|Va_eschanan|TishaBeAv|afternoon	ALL	torah	1:Exodus:32:11:32:14 2:Exodus:34:1:34:3 3:Exodus:34:4:34:10
2021-07-18	EY|Sunday|Va_eschanan|TishaBeAv|afternoon	Agadir+Baladi+Italki+Shami+Teiman	haftarah	Hosea:14:2:14:10
2021-07-18	EY|Sunday|Va_eschanan|TishaBeAv|afternoon	Algeria+Algiers+Bavlim+Djerba+Fes+Libya+Magreb+Marrakesh+Morocco+Persia+PureSephardim+Sefard+Toshbim	haftarah	Hosea:14:2:14:10 Micah:7:18:7:20
2021-07-18	EY|Sunday|Va_eschanan|TishaBeAv|afternoon	Ashkenaz+Chabad+ChayeyOdom+Frankfurt+Hagra+Lita+Poznan+Romania	haftarah	Isaiah:55:6:56:8
2021-07-18	EY|Sunday|Va_eschanan|TishaBeAv|morning	ALL	maftir	-
2021-07-18	EY|Sunday|Va_eschanan|TishaBeAv|morning	ALL	torah	1:Deuteronomy:4:25:4:29 2:Deuteronomy:4:30:4:35 3:Deuteronomy:4:36:4:40
2021-07-18	EY|Sunday|Va_eschanan|TishaBeAv|morning	Agadir+Algeria+Algiers+Ashkenaz+Bavlim+Chabad+ChayeyOdom+Djerba+Fes+Frankfurt+Hagra+Italki+Libya+Lita+Magreb+Marrakesh+Morocco+Persia+Poznan+PureSephardim+Romania+Sefard+Toshbim	haftarah	Jeremiah:8:13:9:23
2021-07-18	EY|Sunday|Va_eschanan|TishaBeAv|morning	Baladi+Shami+Teiman	haftarah	Jeremiah:6:16:6:17 Jeremiah:8:13:9:23
2021-07-18	chul|Sunday|Va_eschanan|TishaBeAv|afternoon	ALL	maftir	-
2021-07-18	chul|Sunday|Va_eschanan|TishaBeAv|afternoon	ALL	torah	1:Exodus:32:11:32:14 2:Exodus:34:1:34:3 3:Exodus:34:4:34:10
2021-07-18	chul|Sunday|Va_eschanan|TishaBeAv|afternoon	Agadir+Baladi+Italki+Shami+Teiman	haftarah	Hosea:14:2:14:10
2021-07-18	chul|Sunday|Va_eschanan|TishaBeAv|afternoon	Algeria+Algiers+Bavlim+Djerba+Fes+Libya+Magreb+Marrakesh+Morocco+Persia+PureSephardim+Sefard+Toshbim	haftarah	Hosea:14:2:14:10 Micah:7:18:7:20
2021-07-18	chul|Sunday|Va_eschanan|TishaBeAv|afternoon	Ashkenaz+Chabad+ChayeyOdom+Frankfurt+Hagra+Lita+Poznan+Romania	haftarah	Isaiah:55:6:56:8
2021-07-18	chul|Sunday|Va_eschanan|TishaBeAv|morning	ALL	maftir	-
2021-07-18	chul|Sunday|Va_eschanan|TishaBeAv|morning	ALL	torah	1:Deuteronomy:4:25:4:29 2:Deuteronomy:4:30:4:35 3:Deuteronomy:4:36:4:40
2021-07-18	chul|Sunday|Va_eschanan|TishaBeAv|morning	Agadir+Algeria+Algiers+Ashkenaz+Bavlim+Chabad+ChayeyOdom+Djerba+Fes+Frankfurt+Hagra+Italki+Libya+Lita+Magreb+Marrakesh+Morocco+Persia+Poznan+PureSephardim+Romania+Sefard+Toshbim	haftarah	Jeremiah:8:13:9:23
2021-07-18	chul|Sunday|Va_eschanan|TishaBeAv|morning	Baladi+Shami+Teiman	haftarah	Jeremiah:6:16:6:17 Jeremiah:8:13:9:23
2021-07-22	EY|Thursday|Va_eschanan|-|morning	ALL	haftarah	-
2021-07-22	EY|Thursday|Va_eschanan|-|morning	ALL	maftir	-
2021-07-22	EY|Thursday|Va_eschanan|-|morning	ALL	torah	1:Deuteronomy:3:23:3:25 2:Deuteronomy:3:26:4:4 3:Deuteronomy:4:5:4:8
2021-07-22	chul|Thursday|Va_eschanan|-|morning	ALL	haftarah	-
2021-07-22	chul|Thursday|Va_eschanan|-|morning	ALL	maftir	-
2021-07-22	chul|Thursday|Va_eschanan|-|morning	ALL	torah	1:Deuteronomy:3:23:3:25 2:Deuteronomy:3:26:4:4 3:Deuteronomy:4:5:4:8
2021-08-07	EY|shabbos|Re_eh|ErevRoshChodesh|afternoon	ALL	haftarah	-
2021-08-07	EY|shabbos|Re_eh|ErevRoshChodesh|afternoon	ALL	maftir	-
2021-08-07	EY|shabbos|Re_eh|ErevRoshChodesh|afternoon	ALL	torah	1:Deuteronomy:16:18:16:20 2:Deuteronomy:16:21:17:10 3:Deuteronomy:17:11:17:13
2021-08-07	EY|shabbos|Re_eh|ErevRoshChodesh|morning	ALL	maftir	Deuteronomy:16:13:16:17
2021-08-07	EY|shabbos|Re_eh|ErevRoshChodesh|morning	ALL	torah	1:Deuteronomy:11:26:12:10 2:Deuteronomy:12:11:12:28 3:Deuteronomy:12:29:13:19 4:Deuteronomy:14:1:14:21 5:Deuteronomy:14:22:14:29 6:Deuteronomy:15:1:15:18 7:Deuteronomy:15:19:16:17
2021-08-07	EY|shabbos|Re_eh|ErevRoshChodesh|morning	Agadir+Algeria+Algiers+Ashkenaz+Baladi+Bavlim+ChayeyOdom+Djerba+Frankfurt+Hagra+Italki+Libya+Lita+Magreb+Marrakesh+Morocco+Persia+Poznan+PureSephardim+Romania+Sefard+Shami+Teiman+Toshbim	haftarah	Isaiah:54:11:55:5
2021-08-07	EY|shabbos|Re_eh|ErevRoshChodesh|morning	Chabad+Fes	haftarah	Isaiah:54:11:55:5 SamuelI:20:18:20:18 SamuelI:20:42:20:42
2021-08-07	chul|shabbos|Re_eh|ErevRoshChodesh|afternoon	ALL	haftarah	-
2021-08-07	chul|shabbos|Re_eh|ErevRoshChodesh|afternoon	ALL	maftir	-
2021-08-07	chul|shabbos|Re_eh|ErevRoshChodesh|afternoon	ALL	torah	1:Deuteronomy:16:18:16:20 2:Deuteronomy:16:21:17:10 3:Deuteronomy:17:11:17:13
2021-08-07	chul|shabbos|Re_eh|ErevRoshChodesh|morning	ALL	maftir	Deuteronomy:16:13:16:17
2021-08-07	chul|shabbos|Re_eh|ErevRoshChodesh|morning	ALL	torah	1:Deuteronomy:11:26:12:10 2:Deuteronomy:12:11:12:28 3:Deuteronomy:12:29:13:19 4:Deuteronomy:14:1:14:21 5:Deuteronomy:14:22:14:29 6:Deuteronomy:15:1:15:18 7:Deuteronomy:15:19:16:17
2021-08-07	chul|shabbos|Re_eh|ErevRoshChodesh|morning	Agadir+Algeria+Algiers+Ashkenaz+Baladi+Bavlim+ChayeyOdom+Djerba+Frankfurt+Hagra+Italki+Libya+Lita+Magreb+Marrakesh+Morocco+Persia+Poznan+PureSephardim+Romania+Sefard+Shami+Teiman+Toshbim	haftarah	Isaiah:54:11:55:5
2021-08-07	chul|shabbos|Re_eh|ErevRoshChodesh|morning	Chabad+Fes	haftarah	Isaiah:54:11:55:5 SamuelI:20:18:20:18 SamuelI:20:42:20:42
2021-08-08	EY|Sunday|Shoftim|ErevRoshChodesh+RoshChodesh|morning	ALL	haftarah	-
2021-08-08	EY|Sunday|Shoftim|ErevRoshChodesh+RoshChodesh|morning	ALL	maftir	-
2021-08-08	EY|Sunday|Shoftim|ErevRoshChodesh+RoshChodesh|morning	Agadir+Algeria+Algiers+Ashkenaz+Baladi+Bavlim+Chabad+ChayeyOdom+Djerba+Fes+Frankfurt+Italki+Libya+Lita+Magreb+Marrakesh+Morocco+Persia+Poznan+PureSephardim+Romania+Sefard+Shami+Teiman+Toshbim	torah	1:Numbers:28:1:28:3 2:Numbers:28:3:28:5 3:Numbers:28:6:28:10 4:Numbers:28:11:28:15
2021-08-08	EY|Sunday|Shoftim|ErevRoshChodesh+RoshChodesh|morning	Hagra	torah	1:Numbers:28:1:28:3 2:Numbers:28:4:28:8 3:Numbers:28:6:28:10 4:Numbers:28:11:28:15
2021-08-08	chul|Sunday|Shoftim|ErevRoshChodesh+RoshChodesh|morning	ALL	haftarah	-
2021-08-08	chul|Sunday|Shoftim|ErevRoshChodesh+RoshChodesh|morning	ALL	maftir	-
2021-08-08	chul|Sunday|Shoftim|ErevRoshChodesh+RoshChodesh|morning	Agadir+Algeria+Algiers+Ashkenaz+Baladi+Bavlim+Chabad+ChayeyOdom+Djerba+Fes+Frankfurt+Italki+Libya+Lita+Magreb+Marrakesh+Morocco+Persia+Poznan+PureSephardim+Romania+Sefard+Shami+Teiman+Toshbim	torah	1:Numbers:28:1:28:3 2:Numbers:28:3:28:5 3:Numbers:28:6:28:10 4:Numbers:28:11:28:15
2021-08-08	chul|Sunday|Shoftim|ErevRoshChodesh+RoshChodesh|morning	Hagra	torah	1:Numbers:28:1:28:3 2:Numbers:28:4:28:8 3:Numbers:28:6:28:10 4:Numbers:28:11:28:15
2021-08-09	EY|Monday|Shoftim|RoshChodesh|morning	ALL	haftarah	-
2021-08-09	EY|Monday|Shoftim|RoshChodesh|morning	ALL	maftir	-
2021-08-09	EY|Monday|Shoftim|RoshChodesh|morning	Agadir+Algeria+Algiers+Ashkenaz+Baladi+Bavlim+Chabad+ChayeyOdom+Djerba+Fes+Frankfurt+Italki+Libya+Lita+Magreb+Marrakesh+Morocco+Persia+Poznan+PureSephardim+Romania+Sefard+Shami+Teiman+Toshbim	torah	1:Numbers:28:1:28:3 2:Numbers:28:3:28:5 3:Numbers:28:6:28:10 4:Numbers:28:11:28:15
2021-08-09	EY|Monday|Shoftim|RoshChodesh|morning	Hagra	torah	1:Numbers:28:1:28:3 2:Numbers:28:4:28:8 3:Numbers:28:6:28:10 4:Numbers:28:11:28:15
2021-08-09	chul|Monday|Shoftim|RoshChodesh|morning	ALL	haftarah	-
2021-08-09	chul|Monday|Shoftim|RoshChodesh|morning	ALL	maftir	-
2021-08-09	chul|Monday|Shoftim|RoshChodesh|morning	Agadir+Algeria+Algiers+Ashkenaz+Baladi+Bavlim+Chabad+ChayeyOdom+Djerba+Fes+Frankfurt+Italki+Libya+Lita+Magreb+Marrakesh+Morocco+Persia+Poznan+PureSephardim+Romania+Sefard+Shami+Teiman+Toshbim	torah	1:Numbers:28:1:28:3 2:Numbers:28:3:28:5 3:Numbers:28:6:28:10 4:Numbers:28:11:28:15
2021-08-09	chul|Monday|Shoftim|RoshChodesh|morning	Hagra	torah	1:Numbers:28:1:28:3 2:Numbers:28:4:28:8 3:Numbers:28:6:28:10 4:Numbers:28:11:28:15
2021-08-12	EY|Thursday|Shoftim|-|morning	ALL	haftarah	-
2021-08-12	EY|Thursday|Shoftim|-|morning	ALL	maftir	-
2021-08-12	EY|Thursday|Shoftim|-|morning	ALL	torah	1:Deuteronomy:16:18:16:20 2:Deuteronomy:16:21:17:10 3:Deuteronomy:17:11:17:13
2021-08-12	chul|Thursday|Shoftim|-|morning	ALL	haftarah	-
2021-08-12	chul|Thursday|Shoftim|-|morning	ALL	maftir	-
2021-08-12	chul|Thursday|Shoftim|-|morning	ALL	torah	1:Deuteronomy:16:18:16:20 2:Deuteronomy:16:21:17:10 3:Deuteronomy:17:11:17:13
2021-08-30	EY|Monday|Nitzavim|-|morning	ALL	haftarah	-
2021-08-30	EY|Monday|Nitzavim|-|morning	ALL	maftir	-
2021-08-30	EY|Monday|Nitzavim|-|morning	ALL	torah	1:Deuteronomy:29:9:29:11 2:Deuteronomy:29:12:29:14 3:Deuteronomy:29:15:29:28
2021-08-30	chul|Monday|Nitzavim|-|morning	ALL	haftarah	-
2021-08-30	chul|Monday|Nitzavim|-|morning	ALL	maftir	-
2021-08-30	chul|Monday|Nitzavim|-|morning	ALL	torah	1:Deuteronomy:29:9:29:11 2:Deuteronomy:29:12:29:14 3:Deuteronomy:29:15:29:28
2021-09-02	EY|Thursday|Nitzavim|-|morning	ALL	haftarah	-
2021-09-02	EY|Thursday|Nitzavim|-|morning	ALL	maftir	-
2021-09-02	EY|Thursday|Nitzavim|-|morning	ALL	torah	1:Deuteronomy:29:9:29:11 2:Deuteronomy:29:12:29:14 3:Deuteronomy:29:15:29:28
2021-09-02	chul|Thursday|Nitzavim|-|morning	ALL	haftarah	-
2021-09-02	chul|Thursday|Nitzavim|-|morning	ALL	maftir	-
2021-09-02	chul|Thursday|Nitzavim|-|morning	ALL	torah	1:Deuteronomy:29:9:29:11 2:Deuteronomy:29:12:29:14 3:Deuteronomy:29:15:29:28
2021-09-04	EY|shabbos|Nitzavim|-|afternoon	ALL	haftarah	-
2021-09-04	EY|shabbos|Nitzavim|-|afternoon	ALL	maftir	-
2021-09-04	EY|shabbos|Nitzavim|-|afternoon	ALL	torah	1:Deuteronomy:31:1:31:3 2:Deuteronomy:31:4:31:6 3:Deuteronomy:31:7:31:13
2021-09-04	EY|shabbos|Nitzavim|-|morning	ALL	maftir	Deuteronomy:30:15:30:20
2021-09-04	EY|shabbos|Nitzavim|-|morning	ALL	torah	1:Deuteronomy:29:9:29:11 2:Deuteronomy:29:12:29:14 3:Deuteronomy:29:15:29:28 4:Deuteronomy:30:1:30:6 5:Deuteronomy:30:7:30:10 6:Deuteronomy:30:11:30:14 7:Deuteronomy:30:15:30:20
2021-09-04	EY|shabbos|Nitzavim|-|morning	Agadir+Algeria+Algiers+Ashkenaz+Bavlim+Chabad+ChayeyOdom+Djerba+Fes+Frankfurt+Hagra+Libya+Lita+Magreb+Marrakesh+Morocco+Persia+Poznan+PureSephardim+Romania+Sefard+Toshbim	haftarah	Isaiah:61:10:63:9
2021-09-04	EY|shabbos|Nitzavim|-|morning	Baladi+Shami+Teiman	haftarah	Isaiah:61:9:63:9
2021-09-04	EY|shabbos|Nitzavim|-|morning	Italki	haftarah	Joshua:24:1:24:18
2021-09-04	chul|shabbos|Nitzavim|-|afternoon	ALL	haftarah	-
2021-09-04	chul|shabbos|Nitzavim|-|afternoon	ALL	maftir	-
2021-09-04	chul|shabbos|Nitzavim|-|afternoon	ALL	torah	1:Deuteronomy:31:1:31:3 2:Deuteronomy:31:4:31:6 3:Deuteronomy:31:7:31:13
2021-09-04	chul|shabbos|Nitzavim|-|morning	ALL	maftir	Deuteronomy:30:15:30:20
2021-09-04	chul|shabbos|Nitzavim|-|morning	ALL	torah	1:Deuteronomy:29:9:29:11 2:Deuteronomy:29:12:29:14 3:Deuteronomy:29:15:29:28 4:Deuteronomy:30:1:30:6 5:Deuteronomy:30:7:30:10 6:Deuteronomy:30:11:30:14 7:Deuteronomy:30:15:30:20
2021-09-04	chul|shabbos|Nitzavim|-|morning	Agadir+Algeria+Algiers+Ashkenaz+Bavlim+Chabad+ChayeyOdom+Djerba+Fes+Frankfurt+Hagra+Libya+Lita+Magreb+Marrakesh+Morocco+Persia+Poznan+PureSephardim+Romania+Sefard+Toshbim	haftarah	Isaiah:61:10:63:9
2021-09-04	chul|shabbos|Nitzavim|-|morning	Baladi+Shami+Teiman	haftarah	Isaiah:61:9:63:9
2021-09-04	chul|shabbos|Nitzavim|-|morning	Italki	haftarah	Joshua:24:1:24:18
2021-09-06	EY|Monday|Vayeilech|ErevRoshChodesh|morning	ALL	haftarah	-
2021-09-06	EY|Monday|Vayeilech|ErevRoshChodesh|morning	ALL	maftir	-
2021-09-06	EY|Monday|Vayeilech|ErevRoshChodesh|morning	ALL	torah	1:Deuteronomy:31:1:31:3 2:Deuteronomy:31:4:31:6 3:Deuteronomy:31:7:31:13
2021-09-06	chul|Monday|Vayeilech|ErevRoshChodesh|morning	ALL	haftarah	-
2021-09-06	chul|Monday|Vayeilech|ErevRoshChodesh|morning	ALL	maftir	-
2021-09-06	chul|Monday|Vayeilech|ErevRoshChodesh|morning	ALL	torah	1:Deuteronomy:31:1:31:3 2:Deuteronomy:31:4:31:6 3:Deuteronomy:31:7:31:13
2021-09-07	EY|Tuesday|Vayeilech|RoshChodesh+RoshHashanah1|morning	ALL	haftarah	SamuelI:1:1:2:10
2021-09-07	EY|Tuesday|Vayeilech|RoshChodesh+RoshHashanah1|morning	ALL	maftir	Numbers:29:1:29:6
2021-09-07	EY|Tuesday|Vayeilech|RoshChodesh+RoshHashanah1|morning	ALL	torah	1:Genesis:21:1:21:4 2:Genesis:21:5:21:12 3:Genesis:21:13:21:21 4:Genesis:21:22:21:27 5:Genesis:21:28:21:34
2021-09-07	chul|Tuesday|Vayeilech|RoshChodesh+RoshHashanah1|morning	ALL	haftarah	SamuelI:1:1:2:10
2021-09-07	chul|Tuesday|Vayeilech|RoshChodesh+RoshHashanah1|morning	ALL	maftir	Numbers:29:1:29:6
2021-09-07	chul|Tuesday|Vayeilech|RoshChodesh+RoshHashanah1|morning	ALL	torah	1:Genesis:21:1:21:4 2:Genesis:21:5:21:12 3:Genesis:21:13:21:21 4:Genesis:21:22:21:27 5:Genesis:21:28:21:34
2021-09-08	EY|Wednesday|Vayeilech|RoshHashanah2|morning	ALL	haftarah	Jeremiah:31:1:31:19
2021-09-08	EY|Wednesday|Vayeilech|RoshHashanah2|morning	ALL	maftir	Numbers:29:1:29:6
2021-09-08	EY|Wednesday|Vayeilech|RoshHashanah2|morning	ALL	torah	1:Genesis:22:1:22:3 2:Genesis:22:4:22:8 3:Genesis:22:9:22:14 4:Genesis:22:15:22:19 5:Genesis:22:20:22:24
2021-09-08	chul|Wednesday|Vayeilech|RoshHashanah2|morning	ALL	haftarah	Jeremiah:31:1:31:19
2021-09-08	chul|Wednesday|Vayeilech|RoshHashanah2|morning	ALL	maftir	Numbers:29:1:29:6
2021-09-08	chul|Wednesday|Vayeilech|RoshHashanah2|morning	ALL	torah	1:Genesis:22:1:22:3 2:Genesis:22:4:22:8 3:Genesis:22:9:22:14 4:Genesis:22:15:22:19 5:Genesis:22:20:22:24
2021-09-09	EY|Thursday|Vayeilech|FastOfGedalia|afternoon	ALL	maftir	-
2021-09-09	EY|Thursday|Vayeilech|FastOfGedalia|afternoon	ALL	torah	1:Exodus:32:11:32:14 2:Exodus:34:1:34:3 3:Exodus:34:4:34:10
2021-09-09	EY|Thursday|Vayeilech|FastOfGedalia|afternoon	Agadir+Baladi+Bavlim+Djerba+Libya+Magreb+Persia+PureSephardim+Sefard+Shami+Teiman+Toshbim	haftarah	-
2021-09-09	EY|Thursday|Vayeilech|FastOfGedalia|afternoon	Algeria+Algiers+Ashkenaz+Chabad+ChayeyOdom+Fes+Frankfurt+Hagra+Italki+Lita+Morocco+Poznan+Romania	haftarah	Isaiah:55:6:56:8
2021-09-09	EY|Thursday|Vayeilech|FastOfGedalia|afternoon	Marrakesh	haftarah	Hosea:14:2:14:10
2021-09-09	EY|Thursday|Vayeilech|FastOfGedalia|morning	ALL	haftarah	-
2021-09-09	EY|Thursday|Vayeilech|FastOfGedalia|morning	ALL	maftir	-
2021-09-09	EY|Thursday|Vayeilech|FastOfGedalia|morning	ALL	torah	1:Exodus:32:11:32:14 2:Exodus:34:1:34:3 3:Exodus:34:4:34:10
2021-09-09	chul|Thursday|Vayeilech|FastOfGedalia|afternoon	ALL	maftir	-
2021-09-09	chul|Thursday|Vayeilech|FastOfGedalia|afternoon	ALL	torah	1:Exodus:32:11:32:14 2:Exodus:34:1:34:3 3:Exodus:34:4:34:10
2021-09-09	chul|Thursday|Vayeilech|FastOfGedalia|afternoon	Agadir+Baladi+Bavlim+Djerba+Libya+Magreb+Persia+PureSephardim+Sefard+Shami+Teiman+Toshbim	haftarah	-
2021-09-09	chul|Thursday|Vayeilech|FastOfGedalia|afternoon	Algeria+Algiers+Ashkenaz+Chabad+ChayeyOdom+Fes+Frankfurt+Hagra+Italki+Lita+Morocco+Poznan+Romania	haftarah	Isaiah:55:6:56:8
2021-09-09	chul|Thursday|Vayeilech|FastOfGedalia|afternoon	Marrakesh	haftarah	Hosea:14:2:14:10
2021-09-09	chul|Thursday|Vayeilech|FastOfGedalia|morning	ALL	haftarah	-
2021-09-09	chul|Thursday|Vayeilech|FastOfGedalia|morning	ALL	maftir	-
2021-09-09	chul|Thursday|Vayeilech|FastOfGedalia|morning	ALL	torah	1:Exodus:32:11:32:14 2:Exodus:34:1:34:3 3:Exodus:34:4:34:10
2021-09-16	EY|Thursday|Haazinu|YomKippur|afternoon	ALL	maftir	-
2021-09-16	EY|Thursday|Haazinu|YomKippur|afternoon	ALL	torah	1:Leviticus:18:1:18:5 2:Leviticus:18:6:18:21 3:Leviticus:18:22:18:30
2021-09-16	EY|Thursday|Haazinu|YomKippur|afternoon	Agadir+Algeria+Algiers+Ashkenaz+Baladi+Bavlim+Chabad+ChayeyOdom+Djerba+Fes+Frankfurt+Hagra+Libya+Lita+Magreb+Marrakesh+Morocco+Persia+Poznan+PureSephardim+Romania+Sefard+Shami+Teiman+Toshbim	haftarah	Jonah:1:1:4:11 Micah:7:18:7:20
2021-09-16	EY|Thursday|Haazinu|YomKippur|afternoon	Italki	haftarah	Obadiah:1:21:1:21 Jonah:1:1:4:11 Micah:7:18:7:20
2021-09-16	EY|Thursday|Haazinu|YomKippur|morning	ALL	maftir	Numbers:29:7:29:11
2021-09-16	EY|Thursday|Haazinu|YomKippur|morning	ALL	torah	1:Leviticus:16:1:16:6 2:Leviticus:16:7:16:11 3:Leviticus:16:12:16:17 4:Leviticus:16:18:16:24 5:Leviticus:16:25:16:30 6:Leviticus:16:31:16:34
2021-09-16	EY|Thursday|Haazinu|YomKippur|morning	Agadir+Algeria+Algiers+Ashkenaz+Bavlim+Chabad+ChayeyOdom+Djerba+Fes+Frankfurt+Hagra+Libya+Lita+Magreb+Marrakesh+Morocco+Persia+Poznan+PureSephardim+Romania+Sefard+Toshbim	haftarah	Isaiah:57:14:58:14
2021-09-16	EY|Thursday|Haazinu|YomKippur|morning	Baladi+Italki+Shami+Teiman	haftarah	Isaiah:57:14:58:14 Isaiah:59:20:59:21
2021-09-16	chul|Thursday|Haazinu|YomKippur|afternoon	ALL	maftir	-
2021-09-16	chul|Thursday|Haazinu|YomKippur|afternoon	ALL	torah	1:Leviticus:18:1:18:5 2:Leviticus:18:6:18:21 3:Leviticus:18:22:18:30
2021-09-16	chul|Thursday|Haazinu|YomKippur|afternoon	Agadir+Algeria+Algiers+Ashkenaz+Baladi+Bavlim+Chabad+ChayeyOdom+Djerba+Fes+Frankfurt+Hagra+Libya+Lita+Magreb+Marrakesh+Morocco+Persia+Poznan+PureSephardim+Romania+Sefard+Shami+Teiman+Toshbim	haftarah	Jonah:1:1:4:11 Micah:7:18:7:20
2021-09-16	chul|Thursday|Haazinu|YomKippur|afternoon	Italki	haftarah	Obadiah:1:21:1:21 Jonah:1:1:4:11 Micah:7:18:7:20
2021-09-16	chul|Thursday|Haazinu|YomKippur|morning	ALL	maftir	Numbers:29:7:29:11
2021-09-16	chul|Thursday|Haazinu|YomKippur|morning	ALL	torah	1:Leviticus:16:1:16:6 2:Leviticus:16:7:16:11 3:Leviticus:16:12:16:17 4:Leviticus:16:18:16:24 5:Leviticus:16:25:16:30 6:Leviticus:16:31:16:34
2021-09-16	chul|Thursday|Haazinu|YomKippur|morning	Agadir+Algeria+Algiers+Ashkenaz+Bavlim+Chabad+ChayeyOdom+Djerba+Fes+Frankfurt+Hagra+Libya+Lita+Magreb+Marrakesh+Morocco+Persia+Poznan+PureSephardim+Romania+Sefard+Toshbim	haftarah	Isaiah:57:14:58:14
2021-09-16	chul|Thursday|Haazinu|YomKippur|morning	Baladi+Italki+Shami+Teiman	haftarah	Isaiah:57:14:58:14 Isaiah:59:20:59:21
2021-09-21	EY|Tuesday|-|Succos1|morning	ALL	maftir	Numbers:29:12:29:16
2021-09-21	EY|Tuesday|-|Succos1|morning	ALL	torah	1:Leviticus:22:26:23:3 2:Leviticus:23:4:23:14 3:Leviticus:23:15:23:22 4:Leviticus:23:23:23:32 5:Leviticus:23:33:23:44
2021-09-21	EY|Tuesday|-|Succos1|morning	Agadir+Algeria+Algiers+Ashkenaz+Bavlim+Chabad+ChayeyOdom+Djerba+Fes+Frankfurt+Hagra+Italki+Libya+Lita+Magreb+Marrakesh+Morocco+Persia+Poznan+PureSephardim+Romania+Sefard+Toshbim	haftarah	Zechariah:14:1:14:21
2021-09-21	EY|Tuesday|-|Succos1|morning	Baladi+Shami+Teiman	haftarah	Zechariah:13:9:14:21
2021-09-21	chul|Tuesday|-|Succos1|morning	ALL	maftir	Numbers:29:12:29:16
2021-09-21	chul|Tuesday|-|Succos1|morning	ALL	torah	1:Leviticus:22:26:23:3 2:Leviticus:23:4:23:14 3:Leviticus:23:15:23:22 4:Leviticus:23:23:23:32 5:Leviticus:23:33:23:44
2021-09-21	chul|Tuesday|-|Succos1|morning	Agadir+Algeria+Algiers+Ashkenaz+Bavlim+Chabad+ChayeyOdom+Djerba+Fes+Frankfurt+Hagra+Italki+Libya+Lita+Magreb+Marrakesh+Morocco+Persia+Poznan+PureSephardim+Romania+Sefard+Toshbim	haftarah	Zechariah:14:1:14:21
2021-09-21	chul|Tuesday|-|Succos1|morning	Baladi+Shami+Teiman	haftarah	Zechariah:13:9:14:21
2021-09-22	EY|Wednesday|-|SuccosIntermediate1InHolyLand|morning	ALL	haftarah	-
2021-09-22	EY|Wednesday|-|SuccosIntermediate1InHolyLand|morning	ALL	maftir	-
2021-09-22	EY|Wednesday|-|SuccosIntermediate1InHolyLand|morning	Agadir+Algeria+Algiers+Baladi+Bavlim+Djerba+Fes+Libya+Magreb+Marrakesh+Morocco+Persia+PureSephardim+Sefard+Shami+Teiman+Toshbim	torah	1:Numbers:29:17:29:19 2:Numbers:29:17:29:19 3:Numbers:29:17:29:19 4:Numbers:29:17:29:19
2021-09-22	EY|Wednesday|-|SuccosIntermediate1InHolyLand|morning	Ashkenaz+Chabad+ChayeyOdom+Frankfurt+Hagra+Italki+Lita+Poznan+Romania	torah	1:Numbers:29:17:29:19 2:Numbers:29:20:29:22 3:Numbers:29:23:29:25 4:Numbers:29:17:29:19
2021-09-22	chul|Wednesday|-|Succos2|morning	ALL	maftir	Numbers:29:12:29:16
2021-09-22	chul|Wednesday|-|Succos2|morning	ALL	torah	1:Leviticus:22:26:23:3 2:Leviticus:23:4:23:14 3:Leviticus:23:15:23:22 4:Leviticus:23:23:23:32 5:Leviticus:23:33:23:44
2021-09-22	chul|Wednesday|-|Succos2|morning	Agadir+Algeria+Algiers+Ashkenaz+Bavlim+Chabad+ChayeyOdom+Djerba+Fes+Frankfurt+Hagra+Libya+Lita+Magreb+Marrakesh+Morocco+Persia+Poznan+PureSephardim+Romania+Sefard+Toshbim	haftarah	KingsI:8:2:8:21
2021-09-22	chul|Wednesday|-|Succos2|morning	Baladi+Shami+Teiman	haftarah	KingsI:7:51:8:21
2021-09-22	chul|Wednesday|-|Succos2|morning	Italki	haftarah	KingsI:7:51:8:15
2021-09-23	EY|Thursday|-|SuccosIntermediate2InHolyLand|morning	ALL	haftarah	-
2021-09-23	EY|Thursday|-|SuccosIntermediate2InHolyLand|morning	ALL	maftir	-
2021-09-23	EY|Thursday|-|SuccosIntermediate2InHolyLand|morning	Agadir+Algeria+Algiers+Baladi+Bavlim+Djerba+Fes+Libya+Magreb+Marrakesh+Morocco+Persia+PureSephardim+Sefard+Shami+Teiman+Toshbim	torah	1:Numbers:29:20:29:22 2:Numbers:29:20:29:22 3:Numbers:29:20:29:22 4:Numbers:29:20:29:22
2021-09-23	EY|Thursday|-|SuccosIntermediate2InHolyLand|morning	Ashkenaz+Chabad+ChayeyOdom+Frankfurt+Hagra+Italki+Lita+Poznan+Romania	torah	1:Numbers:29:20:29:22 2:Numbers:29:23:29:25 3:Numbers:29:26:29:28 4:Numbers:29:20:29:22
2021-09-23	chul|Thursday|-|SuccosIntermediate1|morning	ALL	haftarah	-
2021-09-23	chul|Thursday|-|SuccosIntermediate1|morning	ALL	maftir	-
2021-09-23	chul|Thursday|-|SuccosIntermediate1|morning	Agadir+Algeria+Algiers+Baladi+Bavlim+Djerba+Fes+Libya+Magreb+Marrakesh+Morocco+Persia+PureSephardim+Sefard+Shami+Teiman+Toshbim	torah	1:Numbers:29:17:29:22 2:Numbers:29:17:29:22 3:Numbers:29:17:29:22 4:Numbers:29:17:29:22
2021-09-23	chul|Thursday|-|SuccosIntermediate1|morning	Ashkenaz+Chabad+ChayeyOdom+Frankfurt+Hagra+Italki+Lita+Poznan+Romania	torah	1:Numbers:29:17:29:19 2:Numbers:29:20:29:22 3:Numbers:29:23:29:25 4:Numbers:29:17:29:22
2021-09-24	EY|Friday|-|SuccosIntermediate3InHolyLand|morning	ALL	haftarah	-
2021-09-24	EY|Friday|-|SuccosIntermediate3InHolyLand|morning	ALL	maftir	-
2021-09-24	EY|Friday|-|SuccosIntermediate3InHolyLand|morning	Agadir+Algeria+Algiers+Baladi+Bavlim+Djerba+Fes+Libya+Magreb+Marrakesh+Morocco+Persia+PureSephardim+Sefard+Shami+Teiman+Toshbim	torah	1:Numbers:29:23:29:25 2:Numbers:29:23:29:25 3:Numbers:29:23:29:25 4:Numbers:29:23:29:25
2021-09-24	EY|Friday|-|SuccosIntermediate3InHolyLand|morning	Ashkenaz+Chabad+ChayeyOdom+Frankfurt+Hagra+Italki+Lita+Poznan+Romania	torah	1:Numbers:29:23:29:25 2:Numbers:29:26:29:28 3:Numbers:29:29:29:31 4:Numbers:29:23:29:25
2021-09-24	chul|Friday|-|SuccosIntermediate2|morning	ALL	haftarah	-
2021-09-24	chul|Friday|-|SuccosIntermediate2|morning	ALL	maftir	-
2021-09-24	chul|Friday|-|SuccosIntermediate2|morning	Agadir+Algeria+Algiers+Baladi+Bavlim+Djerba+Fes+Libya+Magreb+Marrakesh+Morocco+Persia+PureSephardim+Sefard+Shami+Teiman+Toshbim	torah	1:Numbers:29:20:29:25 2:Numbers:29:20:29:25 3:Numbers:29:20:29:25 4:Numbers:29:20:29:25
2021-09-24	chul|Friday|-|SuccosIntermediate2|morning	Ashkenaz+Chabad+ChayeyOdom+Frankfurt+Hagra+Italki+Lita+Poznan+Romania	torah	1:Numbers:29:20:29:22 2:Numbers:29:23:29:25 3:Numbers:29:26:29:28 4:Numbers:29:20:29:25
2021-09-25	EY|shabbos|-|SuccosIntermediate4InHolyLand|afternoon	ALL	haftarah	-
2021-09-25	EY|shabbos|-|SuccosIntermediate4InHolyLand|afternoon	ALL	maftir	-
2021-09-25	EY|shabbos|-|SuccosIntermediate4InHolyLand|afternoon	ALL	torah	1:Genesis:1:1:1:5 2:Genesis:1:6:1:8 3:Genesis:1:9:1:13
2021-09-25	EY|shabbos|-|SuccosIntermediate4InHolyLand|morning	ALL	maftir	Numbers:29:26:29:28
2021-09-25	EY|shabbos|-|SuccosIntermediate4InHolyLand|morning	ALL	torah	1:Exodus:33:12:33:16 2:Exodus:33:17:33:19 3:Exodus:33:20:33:23 4:Exodus:34:1:34:3 5:Exodus:34:4:34:10 6:Exodus:34:11:34:17 7:Exodus:34:18:34:26
2021-09-25	EY|shabbos|-|SuccosIntermediate4InHolyLand|morning	Agadir+Algeria+Algiers+Ashkenaz+Bavlim+Chabad+ChayeyOdom+Djerba+Fes+Frankfurt+Hagra+Libya+Lita+Magreb+Marrakesh+Morocco+Persia+Poznan+PureSephardim+Romania+Sefard+Toshbim	haftarah	Ezekiel:38:18:39:16
2021-09-25	EY|shabbos|-|SuccosIntermediate4InHolyLand|morning	Baladi+Italki+Shami+Teiman	haftarah	Ezekiel:38:1:38:23
2021-09-25	chul|shabbos|-|SuccosIntermediate3|afternoon	ALL	haftarah	-
2021-09-25	chul|shabbos|-|SuccosIntermediate3|afternoon	ALL	maftir	-
2021-09-25	chul|shabbos|-|SuccosIntermediate3|afternoon	ALL	torah	1:Genesis:1:1:1:5 2:Genesis:1:6:1:8 3:Genesis:1:9:1:13
2021-09-25	chul|shabbos|-|SuccosIntermediate3|morning	ALL	maftir	Numbers:29:23:29:28
2021-09-25	chul|shabbos|-|SuccosIntermediate3|morning	ALL	torah	1:Exodus:33:12:33:16 2:Exodus:33:17:33:19 3:Exodus:33:20:33:23 4:Exodus:34:1:34:3 5:Exodus:34:4:34:10 6:Exodus:34:11:34:17 7:Exodus:34:18:34:26
2021-09-25	chul|shabbos|-|SuccosIntermediate3|morning	Agadir+Algeria+Algiers+Ashkenaz+Bavlim+Chabad+ChayeyOdom+Djerba+Fes+Frankfurt+Hagra+Libya+Lita+Magreb+Marrakesh+Morocco+Persia+Poznan+PureSephardim+Romania+Sefard+Toshbim	haftarah	Ezekiel:38:18:39:16
2021-09-25	chul|shabbos|-|SuccosIntermediate3|morning	Baladi+Italki+Shami+Teiman	haftarah	Ezekiel:38:1:38:23
2021-09-26	EY|Sunday|Bereishis|SuccosIntermediate5InHolyLand|morning	ALL	haftarah	-
2021-09-26	EY|Sunday|Bereishis|SuccosIntermediate5InHolyLand|morning	ALL	maftir	-
2021-09-26	EY|Sunday|Bereishis|SuccosIntermediate5InHolyLand|morning	Agadir+Algeria+Algiers+Baladi+Bavlim+Djerba+Fes+Libya+Magreb+Marrakesh+Morocco+Persia+PureSephardim+Sefard+Shami+Teiman+Toshbim	torah	1:Numbers:29:29:29:31 2:Numbers:29:29:29:31 3:Numbers:29:29:29:31 4:Numbers:29:29:29:31
2021-09-26	EY|Sunday|Bereishis|SuccosIntermediate5InHolyLand|morning	Ashkenaz+Chabad+ChayeyOdom+Frankfurt+Hagra+Italki+Lita+Poznan+Romania	torah	1:Numbers:29:26:29:28 2:Numbers:29:29:29:31 3:Numbers:29:32:29:34 4:Numbers:29:29:29:31
2021-09-26	chul|Sunday|Bereishis|SuccosIntermediate4|morning	ALL	haftarah	-
2021-09-26	chul|Sunday|Bereishis|SuccosIntermediate4|morning	ALL	maftir	-
2021-09-26	chul|Sunday|Bereishis|SuccosIntermediate4|morning	Agadir+Algeria+Algiers+Baladi+Bavlim+Djerba+Fes+Libya+Magreb+Marrakesh+Morocco+Persia+PureSephardim+Sefard+Shami+Teiman+Toshbim	torah	1:Numbers:29:26:29:31 2:Numbers:29:26:29:31 3:Numbers:29:26:29:31 4:Numbers:29:26:29:31
2021-09-26	chul|Sunday|Bereishis|SuccosIntermediate4|morning	Ashkenaz+Chabad+ChayeyOdom+Frankfurt+Hagra+Italki+Lita+Poznan+Romania	torah	1:Numbers:29:26:29:28 2:Numbers:29:29:29:31 3:Numbers:29:32:29:34 4:Numbers:29:26:29:31
2021-09-27	EY|Monday|Bereishis|HoshanahRabbahInHolyLand|morning	ALL	haftarah	-
2021-09-27	EY|Monday|Bereishis|HoshanahRabbahInHolyLand|morning	ALL	maftir	-
2021-09-27	EY|Monday|Bereishis|HoshanahRabbahInHolyLand|morning	Agadir+Algeria+Algiers+Baladi+Bavlim+Djerba+Fes+Libya+Magreb+Marrakesh+Morocco+Persia+PureSephardim+Sefard+Shami+Teiman+Toshbim	torah	1:Numbers:29:32:29:34 2:Numbers:29:32:29:34 3:Numbers:29:32:29:34 4:Numbers:29:32:29:34
2021-09-27	EY|Monday|Bereishis|HoshanahRabbahInHolyLand|morning	Ashkenaz+Chabad+ChayeyOdom+Frankfurt+Hagra+Italki+Lita+Poznan+Romania	torah	1:Numbers:29:26:29:28 2:Numbers:29:29:29:31 3:Numbers:29:32:29:34 4:Numbers:29:32:29:34
2021-09-27	chul|Monday|Bereishis|HoshanahRabbah|morning	ALL	haftarah	-
2021-09-27	chul|Monday|Bereishis|HoshanahRabbah|morning	ALL	maftir	-
2021-09-27	chul|Monday|Bereishis|HoshanahRabbah|morning	Agadir+Algeria+Algiers+Baladi+Bavlim+Djerba+Fes+Libya+Magreb+Marrakesh+Morocco+Persia+PureSephardim+Sefard+Shami+Teiman+Toshbim	torah	1:Numbers:29:29:29:34 2:Numbers:29:29:29:34 3:Numbers:29:29:29:34 4:Numbers:29:29:29:34
2021-09-27	chul|Monday|Bereishis|HoshanahRabbah|morning	Ashkenaz+Chabad+ChayeyOdom+Frankfurt+Hagra+Italki+Lita+Poznan+Romania	torah	1:Numbers:29:26:29:28 2:Numbers:29:29:29:31 3:Numbers:29:32:29:34 4:Numbers:29:29:29:34
2021-09-28	EY|Tuesday|Bereishis|SheminiAtzeresAndSimchasTorahInHolyLand|morning	ALL	maftir	Numbers:29:35:30:1
2021-09-28	EY|Tuesday|Bereishis|SheminiAtzeresAndSimchasTorahInHolyLand|morning	ALL	torah	1:Deuteronomy:33:1:33:7 2:Deuteronomy:33:8:33:12 3:Deuteronomy:33:13:33:17 4:Deuteronomy:33:18:33:21 5:Deuteronomy:33:22:33:26 6:Deuteronomy:33:27:34:12 7:Genesis:1:1:2:3
2021-09-28	EY|Tuesday|Bereishis|SheminiAtzeresAndSimchasTorahInHolyLand|morning	Agadir+Algeria+Algiers+Bavlim+Djerba+Fes+Libya+Magreb+Marrakesh+Morocco+Persia+PureSephardim+Sefard+Toshbim	haftarah	Joshua:1:1:1:9
2021-09-28	EY|Tuesday|Bereishis|SheminiAtzeresAndSimchasTorahInHolyLand|morning	Ashkenaz+Chabad+ChayeyOdom+Frankfurt+Hagra+Italki+Lita+Poznan	haftarah	Joshua:1:1:1:18
2021-09-28	EY|Tuesday|Bereishis|SheminiAtzeresAndSimchasTorahInHolyLand|morning	Baladi+Shami+Teiman	haftarah	Joshua:1:1:1:9 Joshua:6:27:6:27
2021-09-28	EY|Tuesday|Bereishis|SheminiAtzeresAndSimchasTorahInHolyLand|morning	Romania	haftarah	KingsI:8:22:8:34
2021-09-28	chul|Tuesday|Bereishis|SheminiAtzeres|morning	ALL	maftir	Numbers:29:35:30:1
2021-09-28	chul|Tuesday|Bereishis|SheminiAtzeres|morning	ALL	torah	1:Deuteronomy:14:22:15:23 2:Deuteronomy:16:1:16:3 3:Deuteronomy:16:4:16:8 4:Deuteronomy:16:9:16:12 5:Deuteronomy:16:13:16:17
2021-09-28	chul|Tuesday|Bereishis|SheminiAtzeres|morning	Agadir+Algeria+Algiers+Ashkenaz+Baladi+Bavlim+ChayeyOdom+Djerba+Fes+Frankfurt+Hagra+Libya+Lita+Magreb+Marrakesh+Morocco+Persia+Poznan+PureSephardim+Romania+Sefard+Shami+Teiman+Toshbim	haftarah	KingsI:8:54:8:66
2021-09-28	chul|Tuesday|Bereishis|SheminiAtzeres|morning	Chabad+Italki	haftarah	KingsI:8:54:9:1
2021-09-29	chul|Wednesday|Bereishis|SimchasTorah|evening	Agadir+Algeria+Algiers+Baladi+Bavlim+Chabad+Djerba+Fes+Libya+Magreb+Marrakesh+Morocco+Persia+PureSephardim+Romania+Sefard+Shami+Teiman+Toshbim	torah	-
2021-09-29	chul|Wednesday|Bereishis|SimchasTorah|evening	Ashkenaz+ChayeyOdom+Frankfurt+Hagra+Italki+Lita+Poznan	torah	1:Deuteronomy:33:1:33:7 2:Deuteronomy:33:8:33:12 3:Deuteronomy:33:13:33:17 4:Deuteronomy:33:18:33:21 5:Deuteronomy:33:22:33:26
2021-09-29	chul|Wednesday|Bereishis|SimchasTorah|morning	ALL	maftir	Numbers:29:35:30:1
2021-09-29	chul|Wednesday|Bereishis|SimchasTorah|morning	ALL	torah	1:Deuteronomy:33:1:33:7 2:Deuteronomy:33:8:33:12 3:Deuteronomy:33:13:33:17 4:Deuteronomy:33:18:33:21 5:Deuteronomy:33:22:33:26 6:Deuteronomy:33:27:34:12 7:Genesis:1:1:2:3
2021-09-29	chul|Wednesday|Bereishis|SimchasTorah|morning	Agadir+Algeria+Algiers+Bavlim+Djerba+Fes+Libya+Magreb+Marrakesh+Morocco+Persia+PureSephardim+Sefard+Toshbim	haftarah	Joshua:1:1:1:9
2021-09-29	chul|Wednesday|Bereishis|SimchasTorah|morning	Ashkenaz+Chabad+ChayeyOdom+Frankfurt+Hagra+Italki+Lita+Poznan	haftarah	Joshua:1:1:1:18
2021-09-29	chul|Wednesday|Bereishis|SimchasTorah|morning	Baladi+Shami+Teiman	haftarah	Joshua:1:1:1:9 Joshua:6:27:6:27
2021-09-29	chul|Wednesday|Bereishis|SimchasTorah|morning	Romania	haftarah	KingsI:8:22:8:34
2021-10-04	EY|Monday|Noach|-|morning	ALL	haftarah	-
2021-10-04	EY|Monday|Noach|-|morning	ALL	maftir	-
2021-10-04	EY|Monday|Noach|-|morning	ALL	torah	1:Genesis:6:9:6:16 2:Genesis:6:17:6:19 3:Genesis:6:20:6:22
2021-10-04	chul|Monday|Noach|-|morning	ALL	haftarah	-
2021-10-04	chul|Monday|Noach|-|morning	ALL	maftir	-
2021-10-04	chul|Monday|Noach|-|morning	ALL	torah	1:Genesis:6:9:6:16 2:Genesis:6:17:6:19 3:Genesis:6:20:6:22
2021-10-06	EY|Wednesday|Noach|ErevRoshChodesh+RoshChodesh|morning	ALL	haftarah	-
2021-10-06	EY|Wednesday|Noach|ErevRoshChodesh+RoshChodesh|morning	ALL	maftir	-
2021-10-06	EY|Wednesday|Noach|ErevRoshChodesh+RoshChodesh|morning	Agadir+Algeria+Algiers+Ashkenaz+Baladi+Bavlim+Chabad+ChayeyOdom+Djerba+Fes+Frankfurt+Italki+Libya+Lita+Magreb+Marrakesh+Morocco+Persia+Poznan+PureSephardim+Romania+Sefard+Shami+Teiman+Toshbim	torah	1:Numbers:28:1:28:3 2:Numbers:28:3:28:5 3:Numbers:28:6:28:10 4:Numbers:28:11:28:15
2021-10-06	EY|Wednesday|Noach|ErevRoshChodesh+RoshChodesh|morning	Hagra	torah	1:Numbers:28:1:28:3 2:Numbers:28:4:28:8 3:Numbers:28:6:28:10 4:Numbers:28:11:28:15
2021-10-06	chul|Wednesday|Noach|ErevRoshChodesh+RoshChodesh|morning	ALL	haftarah	-
2021-10-06	chul|Wednesday|Noach|ErevRoshChodesh+RoshChodesh|morning	ALL	maftir	-
2021-10-06	chul|Wednesday|Noach|ErevRoshChodesh+RoshChodesh|morning	Agadir+Algeria+Algiers+Ashkenaz+Baladi+Bavlim+Chabad+ChayeyOdom+Djerba+Fes+Frankfurt+Italki+Libya+Lita+Magreb+Marrakesh+Morocco+Persia+Poznan+PureSephardim+Romania+Sefard+Shami+Teiman+Toshbim	torah	1:Numbers:28:1:28:3 2:Numbers:28:3:28:5 3:Numbers:28:6:28:10 4:Numbers:28:11:28:15
2021-10-06	chul|Wednesday|Noach|ErevRoshChodesh+RoshChodesh|morning	Hagra	torah	1:Numbers:28:1:28:3 2:Numbers:28:4:28:8 3:Numbers:28:6:28:10 4:Numbers:28:11:28:15
2021-10-07	EY|Thursday|Noach|RoshChodesh|morning	ALL	haftarah	-
2021-10-07	EY|Thursday|Noach|RoshChodesh|morning	ALL	maftir	-
2021-10-07	EY|Thursday|Noach|RoshChodesh|morning	Agadir+Algeria+Algiers+Ashkenaz+Baladi+Bavlim+Chabad+ChayeyOdom+Djerba+Fes+Frankfurt+Italki+Libya+Lita+Magreb+Marrakesh+Morocco+Persia+Poznan+PureSephardim+Romania+Sefard+Shami+Teiman+Toshbim	torah	1:Numbers:28:1:28:3 2:Numbers:28:3:28:5 3:Numbers:28:6:28:10 4:Numbers:28:11:28:15
2021-10-07	EY|Thursday|Noach|RoshChodesh|morning	Hagra	torah	1:Numbers:28:1:28:3 2:Numbers:28:4:28:8 3:Numbers:28:6:28:10 4:Numbers:28:11:28:15
2021-10-07	chul|Thursday|Noach|RoshChodesh|morning	ALL	haftarah	-
2021-10-07	chul|Thursday|Noach|RoshChodesh|morning	ALL	maftir	-
2021-10-07	chul|Thursday|Noach|RoshChodesh|morning	Agadir+Algeria+Algiers+Ashkenaz+Baladi+Bavlim+Chabad+ChayeyOdom+Djerba+Fes+Frankfurt+Italki+Libya+Lita+Magreb+Marrakesh+Morocco+Persia+Poznan+PureSephardim+Romania+Sefard+Shami+Teiman+Toshbim	torah	1:Numbers:28:1:28:3 2:Numbers:28:3:28:5 3:Numbers:28:6:28:10 4:Numbers:28:11:28:15
2021-10-07	chul|Thursday|Noach|RoshChodesh|morning	Hagra	torah	1:Numbers:28:1:28:3 2:Numbers:28:4:28:8 3:Numbers:28:6:28:10 4:Numbers:28:11:28:15
2021-11-04	EY|Thursday|Toldos|ErevRoshChodesh|morning	ALL	haftarah	-
2021-11-04	EY|Thursday|Toldos|ErevRoshChodesh|morning	ALL	maftir	-
2021-11-04	EY|Thursday|Toldos|ErevRoshChodesh|morning	ALL	torah	1:Genesis:25:19:25:22 2:Genesis:25:23:25:26 3:Genesis:25:27:26:5
2021-11-04	chul|Thursday|Toldos|ErevRoshChodesh|morning	ALL	haftarah	-
2021-11-04	chul|Thursday|Toldos|ErevRoshChodesh|morning	ALL	maftir	-
2021-11-04	chul|Thursday|Toldos|ErevRoshChodesh|morning	ALL	torah	1:Genesis:25:19:25:22 2:Genesis:25:23:25:26 3:Genesis:25:27:26:5
2022-01-29	EY|shabbos|Mishpatim|-|afternoon	ALL	haftarah	-
2022-01-29	EY|shabbos|Mishpatim|-|afternoon	ALL	maftir	-
2022-01-29	EY|shabbos|Mishpatim|-|afternoon	ALL	torah	1:Exodus:25:1:25:5 2:Exodus:25:6:25:9 3:Exodus:25:10:25:16
2022-01-29	EY|shabbos|Mishpatim|-|morning	ALL	maftir	Exodus:24:15:24:18
2022-01-29	EY|shabbos|Mishpatim|-|morning	ALL	torah	1:Exodus:21:1:21:19 2:Exodus:21:20:22:3 3:Exodus:22:4:22:26 4:Exodus:22:27:23:5 5:Exodus:23:6:23:19 6:Exodus:23:20:23:25 7:Exodus:23:26:24:18
2022-01-29	EY|shabbos|Mishpatim|-|morning	Agadir+Algeria+Algiers+Ashkenaz+Bavlim+Chabad+ChayeyOdom+Djerba+Fes+Frankfurt+Hagra+Libya+Lita+Magreb+Marrakesh+Morocco+Persia+Poznan+PureSephardim+Romania+Sefard+Toshbim	haftarah	Jeremiah:34:8:34:22 Jeremiah:33:25:33:26
2022-01-29	EY|shabbos|Mishpatim|-|morning	Baladi+Shami+Teiman	haftarah	Jeremiah:34:8:35:19
2022-01-29	EY|shabbos|Mishpatim|-|morning	Italki	haftarah	Jeremiah:34:8:35:11
2022-01-29	chul|shabbos|Mishpatim|-|afternoon	ALL	haftarah	-
2022-01-29	chul|shabbos|Mishpatim|-|afternoon	ALL	maftir	-
2022-01-29	chul|shabbos|Mishpatim|-|afternoon	ALL	torah	1:Exodus:25:1:25:5 2:Exodus:25:6:25:9 3:Exodus:25:10:25:16
2022-01-29	chul|shabbos|Mishpatim|-|morning	ALL	maftir	Exodus:24:15:24:18
2022-01-29	chul|shabbos|Mishpatim|-|morning	ALL	torah	1:Exodus:21:1:21:19 2:Exodus:21:20:22:3 3:Exodus:22:4:22:26 4:Exodus:22:27:23:5 5:Exodus:23:6:23:19 6:Exodus:23:20:23:25 7:Exodus:23:26:24:18
2022-01-29	chul|shabbos|Mishpatim|-|morning	Agadir+Algeria+Algiers+Ashkenaz+Bavlim+Chabad+ChayeyOdom+Djerba+Fes+Frankfurt+Hagra+Libya+Lita+Magreb+Marrakesh+Morocco+Persia+Poznan+PureSephardim+Romania+Sefard+Toshbim	haftarah	Jeremiah:34:8:34:22 Jeremiah:33:25:33:26
2022-01-29	chul|shabbos|Mishpatim|-|morning	Baladi+Shami+Teiman	haftarah	Jeremiah:34:8:35:19
2022-01-29	chul|shabbos|Mishpatim|-|morning	Italki	haftarah	Jeremiah:34:8:35:11
2022-02-12	EY|shabbos|Tetzaveh|-|afternoon	ALL	haftarah	-
2022-02-12	EY|shabbos|Tetzaveh|-|afternoon	ALL	maftir	-
2022-02-12	EY|shabbos|Tetzaveh|-|afternoon	ALL	torah	1:Exodus:30:11:30:13 2:Exodus:30:14:30:16 3:Exodus:30:17:30:21
2022-02-12	EY|shabbos|Tetzaveh|-|morning	ALL	haftarah	Ezekiel:43:10:43:27
2022-02-12	EY|shabbos|Tetzaveh|-|morning	ALL	maftir	Exodus:30:8:30:10
2022-02-12	EY|shabbos|Tetzaveh|-|morning	ALL	torah	1:Exodus:27:20:28:12 2:Exodus:28:13:28:30 3:Exodus:28:31:28:43 4:Exodus:29:1:29:18 5:Exodus:29:19:29:37 6:Exodus:29:38:29:46 7:Exodus:30:1:30:10
2022-02-12	chul|shabbos|Tetzaveh|-|afternoon	ALL	haftarah	-
2022-02-12	chul|shabbos|Tetzaveh|-|afternoon	ALL	maftir	-
2022-02-12	chul|shabbos|Tetzaveh|-|afternoon	ALL	torah	1:Exodus:30:11:30:13 2:Exodus:30:14:30:16 3:Exodus:30:17:30:21
2022-02-12	chul|shabbos|Tetzaveh|-|morning	ALL	haftarah	Ezekiel:43:10:43:27
2022-02-12	chul|shabbos|Tetzaveh|-|morning	ALL	maftir	Exodus:30:8:30:10
2022-02-12	chul|shabbos|Tetzaveh|-|morning	ALL	torah	1:Exodus:27:20:28:12 2:Exodus:28:13:28:30 3:Exodus:28:31:28:43 4:Exodus:29:1:29:18 5:Exodus:29:19:29:37 6:Exodus:29:38:29:46 7:Exodus:30:1:30:10
2022-02-19	EY|shabbos|KiSisa|-|afternoon	ALL	haftarah	-
2022-02-19	EY|shabbos|KiSisa|-|afternoon	ALL	maftir	-
2022-02-19	EY|shabbos|KiSisa|-|afternoon	ALL	torah	1:Exodus:35:1:35:3 2:Exodus:35:4:35:10 3:Exodus:35:11:35:20
2022-02-19	EY|shabbos|KiSisa|-|morning	ALL	maftir	Exodus:34:33:34:35
2022-02-19	EY|shabbos|KiSisa|-|morning	ALL	torah	1:Exodus:30:11:31:17 2:Exodus:31:18:33:11 3:Exodus:33:12:33:16 4:Exodus:33:17:33:23 5:Exodus:34:1:34:9 6:Exodus:34:10:34:26 7:Exodus:34:27:34:35
2022-02-19	EY|shabbos|KiSisa|-|morning	Agadir+Algeria+Algiers+Bavlim+Chabad+Djerba+Fes+Italki+Libya+Magreb+Marrakesh+Morocco+Persia+Poznan+PureSephardim+Sefard+Toshbim	haftarah	KingsI:18:20:18:39
2022-02-19	EY|shabbos|KiSisa|-|morning	Ashkenaz+ChayeyOdom+Frankfurt+Hagra+Lita	haftarah	KingsI:18:1:18:39
2022-02-19	EY|shabbos|KiSisa|-|morning	Baladi+Shami+Teiman	haftarah	KingsI:18:1:18:45
2022-02-19	EY|shabbos|KiSisa|-|morning	Romania	haftarah	Isaiah:43:7:44:2
2022-02-19	chul|shabbos|KiSisa|-|afternoon	ALL	haftarah	-
2022-02-19	chul|shabbos|KiSisa|-|afternoon	ALL	maftir	-
2022-02-19	chul|shabbos|KiSisa|-|afternoon	ALL	torah	1:Exodus:35:1:35:3 2:Exodus:35:4:35:10 3:Exodus:35:11:35:20
2022-02-19	chul|shabbos|KiSisa|-|morning	ALL	maftir	Exodus:34:33:34:35
2022-02-19	chul|shabbos|KiSisa|-|morning	ALL	torah	1:Exodus:30:11:31:17 2:Exodus:31:18:33:11 3:Exodus:33:12:33:16 4:Exodus:33:17:33:23 5:Exodus:34:1:34:9 6:Exodus:34:10:34:26 7:Exodus:34:27:34:35
2022-02-19	chul|shabbos|KiSisa|-|morning	Agadir+Algeria+Algiers+Bavlim+Chabad+Djerba+Fes+Italki+Libya+Magreb+Marrakesh+Morocco+Persia+Poznan+PureSephardim+Sefard+Toshbim	haftarah	KingsI:18:20:18:39
2022-02-19	chul|shabbos|KiSisa|-|morning	Ashkenaz+ChayeyOdom+Frankfurt+Hagra+Lita	haftarah	KingsI:18:1:18:39
2022-02-19	chul|shabbos|KiSisa|-|morning	Baladi+Shami+Teiman	haftarah	KingsI:18:1:18:45
2022-02-19	chul|shabbos|KiSisa|-|morning	Romania	haftarah	Isaiah:43:7:44:2
2022-02-21	EY|Monday|Vayakhel|-|morning	ALL	haftarah	-
2022-02-21	EY|Monday|Vayakhel|-|morning	ALL	maftir	-
2022-02-21	EY|Monday|Vayakhel|-|morning	ALL	torah	1:Exodus:35:1:35:3 2:Exodus:35:4:35:10 3:Exodus:35:11:35:20
2022-02-21	chul|Monday|Vayakhel|-|morning	ALL	haftarah	-
2022-02-21	chul|Monday|Vayakhel|-|morning	ALL	maftir	-
2022-02-21	chul|Monday|Vayakhel|-|morning	ALL	torah	1:Exodus:35:1:35:3 2:Exodus:35:4:35:10 3:Exodus:35:11:35:20
2022-02-24	EY|Thursday|Vayakhel|-|morning	ALL	haftarah	-
2022-02-24	EY|Thursday|Vayakhel|-|morning	ALL	maftir	-
2022-02-24	EY|Thursday|Vayakhel|-|morning	ALL	torah	1:Exodus:35:1:35:3 2:Exodus:35:4:35:10 3:Exodus:35:11:35:20
2022-02-24	chul|Thursday|Vayakhel|-|morning	ALL	haftarah	-
2022-02-24	chul|Thursday|Vayakhel|-|morning	ALL	maftir	-
2022-02-24	chul|Thursday|Vayakhel|-|morning	ALL	torah	1:Exodus:35:1:35:3 2:Exodus:35:4:35:10 3:Exodus:35:11:35:20
2022-02-26	EY|shabbos|Vayakhel|ParshasShekalim|afternoon	ALL	haftarah	-
2022-02-26	EY|shabbos|Vayakhel|ParshasShekalim|afternoon	ALL	maftir	-
2022-02-26	EY|shabbos|Vayakhel|ParshasShekalim|afternoon	ALL	torah	1:Exodus:38:21:38:23 2:Exodus:38:24:38:27 3:Exodus:38:28:39:1
2022-02-26	EY|shabbos|Vayakhel|ParshasShekalim|morning	ALL	maftir	Exodus:30:11:30:16
2022-02-26	EY|shabbos|Vayakhel|ParshasShekalim|morning	ALL	torah	1:Exodus:35:1:35:20 2:Exodus:35:21:35:29 3:Exodus:35:30:36:7 4:Exodus:36:8:36:19 5:Exodus:36:20:37:16 6:Exodus:37:17:37:29 7:Exodus:38:1:38:20
2022-02-26	EY|shabbos|Vayakhel|ParshasShekalim|morning	Agadir+Algeria+Algiers+Bavlim+Djerba+Fes+Libya+Magreb+Marrakesh+Morocco+Persia+PureSephardim+Sefard+Toshbim	haftarah	KingsII:11:17:12:17
2022-02-26	EY|shabbos|Vayakhel|ParshasShekalim|morning	Ashkenaz+Baladi+Chabad+ChayeyOdom+Frankfurt+Hagra+Italki+Lita+Poznan+Shami+Teiman	haftarah	KingsII:12:1:12:17
2022-02-26	EY|shabbos|Vayakhel|ParshasShekalim|morning	Romania	haftarah	Ezekiel:45:12:46:5
2022-02-26	chul|shabbos|Vayakhel|ParshasShekalim|afternoon	ALL	haftarah	-
2022-02-26	chul|shabbos|Vayakhel|ParshasShekalim|afternoon	ALL	maftir	-
2022-02-26	chul|shabbos|Vayakhel|ParshasShekalim|afternoon	ALL	torah	1:Exodus:38:21:38:23 2:Exodus:38:24:38:27 3:Exodus:38:28:39:1
2022-02-26	chul|shabbos|Vayakhel|ParshasShekalim|morning	ALL	maftir	Exodus:30:11:30:16
2022-02-26	chul|shabbos|Vayakhel|ParshasShekalim|morning	ALL	torah	1:Exodus:35:1:35:20 2:Exodus:35:21:35:29 3:Exodus:35:30:36:7 4:Exodus:36:8:36:19 5:Exodus:36:20:37:16 6:Exodus:37:17:37:29 7:Exodus:38:1:38:20
2022-02-26	chul|shabbos|Vayakhel|ParshasShekalim|morning	Agadir+Algeria+Algiers+Bavlim+Djerba+Fes+Libya+Magreb+Marrakesh+Morocco+Persia+PureSephardim+Sefard+Toshbim	haftarah	KingsII:11:17:12:17
2022-02-26	chul|shabbos|Vayakhel|ParshasShekalim|morning	Ashkenaz+Baladi+Chabad+ChayeyOdom+Frankfurt+Hagra+Italki+Lita+Poznan+Shami+Teiman	haftarah	KingsII:12:1:12:17
2022-02-26	chul|shabbos|Vayakhel|ParshasShekalim|morning	Romania	haftarah	Ezekiel:45:12:46:5
2022-02-28	EY|Monday|Pekudei|-|morning	ALL	haftarah	-
2022-02-28	EY|Monday|Pekudei|-|morning	ALL	maftir	-
2022-02-28	EY|Monday|Pekudei|-|morning	ALL	torah	1:Exodus:38:21:38:23 2:Exodus:38:24:38:27 3:Exodus:38:28:39:1
2022-02-28	chul|Monday|Pekudei|-|morning	ALL	haftarah	-
2022-02-28	chul|Monday|Pekudei|-|morning	ALL	maftir	-
2022-02-28	chul|Monday|Pekudei|-|morning	ALL	torah	1:Exodus:38:21:38:23 2:Exodus:38:24:38:27 3:Exodus:38:28:39:1
2022-03-03	EY|Thursday|Pekudei|ErevRoshChodesh+RoshChodesh|morning	ALL	haftarah	-
2022-03-03	EY|Thursday|Pekudei|ErevRoshChodesh+RoshChodesh|morning	ALL	maftir	-
2022-03-03	EY|Thursday|Pekudei|ErevRoshChodesh+RoshChodesh|morning	Agadir+Algeria+Algiers+Ashkenaz+Baladi+Bavlim+Chabad+ChayeyOdom+Djerba+Fes+Frankfurt+Italki+Libya+Lita+Magreb+Marrakesh+Morocco+Persia+Poznan+PureSephardim+Romania+Sefard+Shami+Teiman+Toshbim	torah	1:Numbers:28:1:28:3 2:Numbers:28:3:28:5 3:Numbers:28:6:28:10 4:Numbers:28:11:28:15
2022-03-03	EY|Thursday|Pekudei|ErevRoshChodesh+RoshChodesh|morning	Hagra	torah	1:Numbers:28:1:28:3 2:Numbers:28:4:28:8 3:Numbers:28:6:28:10 4:Numbers:28:11:28:15
2022-03-03	chul|Thursday|Pekudei|ErevRoshChodesh+RoshChodesh|morning	ALL	haftarah	-
2022-03-03	chul|Thursday|Pekudei|ErevRoshChodesh+RoshChodesh|morning	ALL	maftir	-
2022-03-03	chul|Thursday|Pekudei|ErevRoshChodesh+RoshChodesh|morning	Agadir+Algeria+Algiers+Ashkenaz+Baladi+Bavlim+Chabad+ChayeyOdom+Djerba+Fes+Frankfurt+Italki+Libya+Lita+Magreb+Marrakesh+Morocco+Persia+Poznan+PureSephardim+Romania+Sefard+Shami+Teiman+Toshbim	torah	1:Numbers:28:1:28:3 2:Numbers:28:3:28:5 3:Numbers:28:6:28:10 4:Numbers:28:11:28:15
2022-03-03	chul|Thursday|Pekudei|ErevRoshChodesh+RoshChodesh|morning	Hagra	torah	1:Numbers:28:1:28:3 2:Numbers:28:4:28:8 3:Numbers:28:6:28:10 4:Numbers:28:11:28:15
2022-03-04	EY|Friday|Pekudei|RoshChodesh|morning	ALL	haftarah	-
2022-03-04	EY|Friday|Pekudei|RoshChodesh|morning	ALL	maftir	-
2022-03-04	EY|Friday|Pekudei|RoshChodesh|morning	Agadir+Algeria+Algiers+Ashkenaz+Baladi+Bavlim+Chabad+ChayeyOdom+Djerba+Fes+Frankfurt+Italki+Libya+Lita+Magreb+Marrakesh+Morocco+Persia+Poznan+PureSephardim+Romania+Sefard+Shami+Teiman+Toshbim	torah	1:Numbers:28:1:28:3 2:Numbers:28:3:28:5 3:Numbers:28:6:28:10 4:Numbers:28:11:28:15
2022-03-04	EY|Friday|Pekudei|RoshChodesh|morning	Hagra	torah	1:Numbers:28:1:28:3 2:Numbers:28:4:28:8 3:Numbers:28:6:28:10 4:Numbers:28:11:28:15
2022-03-04	chul|Friday|Pekudei|RoshChodesh|morning	ALL	haftarah	-
2022-03-04	chul|Friday|Pekudei|RoshChodesh|morning	ALL	maftir	-
2022-03-04	chul|Friday|Pekudei|RoshChodesh|morning	Agadir+Algeria+Algiers+Ashkenaz+Baladi+Bavlim+Chabad+ChayeyOdom+Djerba+Fes+Frankfurt+Italki+Libya+Lita+Magreb+Marrakesh+Morocco+Persia+Poznan+PureSephardim+Romania+Sefard+Shami+Teiman+Toshbim	torah	1:Numbers:28:1:28:3 2:Numbers:28:3:28:5 3:Numbers:28:6:28:10 4:Numbers:28:11:28:15
2022-03-04	chul|Friday|Pekudei|RoshChodesh|morning	Hagra	torah	1:Numbers:28:1:28:3 2:Numbers:28:4:28:8 3:Numbers:28:6:28:10 4:Numbers:28:11:28:15
2022-03-05	EY|shabbos|Pekudei|-|afternoon	ALL	haftarah	-
2022-03-05	EY|shabbos|Pekudei|-|afternoon	ALL	maftir	-
2022-03-05	EY|shabbos|Pekudei|-|afternoon	ALL	torah	1:Leviticus:1:1:1:4 2:Leviticus:1:5:1:9 3:Leviticus:1:10:1:13
2022-03-05	EY|shabbos|Pekudei|-|morning	ALL	maftir	Exodus:40:34:40:38
2022-03-05	EY|shabbos|Pekudei|-|morning	ALL	torah	1:Exodus:38:21:39:1 2:Exodus:39:2:39:21 3:Exodus:39:22:39:32 4:Exodus:39:33:39:43 5:Exodus:40:1:40:16 6:Exodus:40:17:40:27 7:Exodus:40:28:40:38
2022-03-05	EY|shabbos|Pekudei|-|morning	Agadir+Algeria+Algiers+Baladi+Bavlim+Djerba+Fes+Libya+Magreb+Marrakesh+Morocco+Persia+PureSephardim+Sefard+Shami+Teiman+Toshbim	haftarah	KingsI:7:40:7:50
2022-03-05	EY|shabbos|Pekudei|-|morning	Ashkenaz+Chabad+ChayeyOdom+Frankfurt+Hagra+Lita	haftarah	KingsI:7:51:8:21
2022-03-05	EY|shabbos|Pekudei|-|morning	Italki	haftarah	KingsI:7:40:7:51
2022-03-05	EY|shabbos|Pekudei|-|morning	Poznan	haftarah	KingsI:8:1:8:21
2022-03-05	EY|shabbos|Pekudei|-|morning	Romania	haftarah	KingsI:7:27:7:47
2022-03-05	chul|shabbos|Pekudei|-|afternoon	ALL	haftarah	-
2022-03-05	chul|shabbos|Pekudei|-|afternoon	ALL	maftir	-
2022-03-05	chul|shabbos|Pekudei|-|afternoon	ALL	torah	1:Leviticus:1:1:1:4 2:Leviticus:1:5:1:9 3:Leviticus:1:10:1:13
2022-03-05	chul|shabbos|Pekudei|-|morning	ALL	maftir	Exodus:40:34:40:38
2022-03-05	chul|shabbos|Pekudei|-|morning	ALL	torah	1:Exodus:38:21:39:1 2:Exodus:39:2:39:21 3:Exodus:39:22:39:32 4:Exodus:39:33:39:43 5:Exodus:40:1:40:16 6:Exodus:40:17:40:27 7:Exodus:40:28:40:38
2022-03-05	chul|shabbos|Pekudei|-|morning	Agadir+Algeria+Algiers+Baladi+Bavlim+Djerba+Fes+Libya+Magreb+Marrakesh+Morocco+Persia+PureSephardim+Sefard+Shami+Teiman+Toshbim	haftarah	KingsI:7:40:7:50
2022-03-05	chul|shabbos|Pekudei|-|morning	Ashkenaz+Chabad+ChayeyOdom+Frankfurt+Hagra+Lita	haftarah	KingsI:7:51:8:21
2022-03-05	chul|shabbos|Pekudei|-|morning	Italki	haftarah	KingsI:7:40:7:51
2022-03-05	chul|shabbos|Pekudei|-|morning	Poznan	haftarah	KingsI:8:1:8:21
2022-03-05	chul|shabbos|Pekudei|-|morning	Romania	haftarah	KingsI:7:27:7:47
2022-03-12	EY|shabbos|Vayikra|ParshasZachor|afternoon	ALL	haftarah	-
2022-03-12	EY|shabbos|Vayikra|ParshasZachor|afternoon	ALL	maftir	-
2022-03-12	EY|shabbos|Vayikra|ParshasZachor|afternoon	ALL	torah	1:Leviticus:6:1:6:3 2:Leviticus:6:4:6:6 3:Leviticus:6:7:6:11
2022-03-12	EY|shabbos|Vayikra|ParshasZachor|morning	ALL	maftir	Deuteronomy:25:17:25:19
2022-03-12	EY|shabbos|Vayikra|ParshasZachor|morning	ALL	torah	1:Leviticus:1:1:1:13 2:Leviticus:1:14:2:6 3:Leviticus:2:7:2:16 4:Leviticus:3:1:3:17 5:Leviticus:4:1:4:26 6:Leviticus:4:27:5:10 7:Leviticus:5:11:5:26
2022-03-12	EY|shabbos|Vayikra|ParshasZachor|morning	Agadir+Algeria+Algiers+Bavlim+Djerba+Fes+Libya+Magreb+Marrakesh+Morocco+Persia+PureSephardim+Sefard+Toshbim	haftarah	SamuelI:15:1:15:34
2022-03-12	EY|shabbos|Vayikra|ParshasZachor|morning	Ashkenaz+Chabad+ChayeyOdom+Frankfurt+Hagra+Italki+Lita	haftarah	SamuelI:15:2:15:34
2022-03-12	EY|shabbos|Vayikra|ParshasZachor|morning	Baladi+Shami+Teiman	haftarah	SamuelI:14:52:15:33
2022-03-12	EY|shabbos|Vayikra|ParshasZachor|morning	Poznan	haftarah	SamuelI:15:2:15:33
2022-03-12	EY|shabbos|Vayikra|ParshasZachor|morning	Romania	haftarah	SamuelI:15:2:15:22
2022-03-12	chul|shabbos|Vayikra|ParshasZachor|afternoon	ALL	haftarah	-
2022-03-12	chul|shabbos|Vayikra|ParshasZachor|afternoon	ALL	maftir	-
2022-03-12	chul|shabbos|Vayikra|ParshasZachor|afternoon	ALL	torah	1:Leviticus:6:1:6:3 2:Leviticus:6:4:6:6 3:Leviticus:6:7:6:11
2022-03-12	chul|shabbos|Vayikra|ParshasZachor|morning	ALL	maftir	Deuteronomy:25:17:25:19
2022-03-12	chul|shabbos|Vayikra|ParshasZachor|morning	ALL	torah	1:Leviticus:1:1:1:13 2:Leviticus:1:14:2:6 3:Leviticus:2:7:2:16 4:Leviticus:3:1:3:17 5:Leviticus:4:1:4:26 6:Leviticus:4:27:5:10 7:Leviticus:5:11:5:26
2022-03-12	chul|shabbos|Vayikra|ParshasZachor|morning	Agadir+Algeria+Algiers+Bavlim+Djerba+Fes+Libya+Magreb+Marrakesh+Morocco+Persia+PureSephardim+Sefard+Toshbim	haftarah	SamuelI:15:1:15:34
2022-03-12	chul|shabbos|Vayikra|ParshasZachor|morning	Ashkenaz+Chabad+ChayeyOdom+Frankfurt+Hagra+Italki+Lita	haftarah	SamuelI:15:2:15:34
2022-03-12	chul|shabbos|Vayikra|ParshasZachor|morning	Baladi+Shami+Teiman	haftarah	SamuelI:14:52:15:33
2022-03-12	chul|shabbos|Vayikra|ParshasZachor|morning	Poznan	haftarah	SamuelI:15:2:15:33
2022-03-12	chul|shabbos|Vayikra|ParshasZachor|morning	Romania	haftarah	SamuelI:15:2:15:22
2022-03-16	EY|Wednesday|Tzav|FastOfEster|afternoon	ALL	maftir	-
2022-03-16	EY|Wednesday|Tzav|FastOfEster|afternoon	ALL	torah	1:Exodus:32:11:32:14 2:Exodus:34:1:34:3 3:Exodus:34:4:34:10
2022-03-16	EY|Wednesday|Tzav|FastOfEster|afternoon	Agadir+Baladi+Bavlim+Djerba+Fes+Libya+Magreb+Morocco+Persia+PureSephardim+Sefard+Shami+Teiman+Toshbim	haftarah	-
2022-03-16	EY|Wednesday|Tzav|FastOfEster|afternoon	Algeria+Marrakesh	haftarah	Hosea:14:2:14:10 Micah:7:18:7:20
2022-03-16	EY|Wednesday|Tzav|FastOfEster|afternoon	Algiers+Ashkenaz+Chabad+ChayeyOdom+Frankfurt+Hagra+Italki+Lita+Poznan+Romania	haftarah	Isaiah:55:6:56:8
2022-03-16	EY|Wednesday|Tzav|FastOfEster|morning	ALL	haftarah	-
2022-03-16	EY|Wednesday|Tzav|FastOfEster|morning	ALL	maftir	-
2022-03-16	EY|Wednesday|Tzav|FastOfEster|morning	ALL	torah	1:Exodus:32:11:32:14 2:Exodus:34:1:34:3 3:Exodus:34:4:34:10
2022-03-16	chul|Wednesday|Tzav|FastOfEster|afternoon	ALL	maftir	-
2022-03-16	chul|Wednesday|Tzav|FastOfEster|afternoon	ALL	torah	1:Exodus:32:11:32:14 2:Exodus:34:1:34:3 3:Exodus:34:4:34:10
2022-03-16	chul|Wednesday|Tzav|FastOfEster|afternoon	Agadir+Baladi+Bavlim+Djerba+Fes+Libya+Magreb+Morocco+Persia+PureSephardim+Sefard+Shami+Teiman+Toshbim	haftarah	-
2022-03-16	chul|Wednesday|Tzav|FastOfEster|afternoon	Algeria+Marrakesh	haftarah	Hosea:14:2:14:10 Micah:7:18:7:20
2022-03-16	chul|Wednesday|Tzav|FastOfEster|afternoon	Algiers+Ashkenaz+Chabad+ChayeyOdom+Frankfurt+Hagra+Italki+Lita+Poznan+Romania	haftarah	Isaiah:55:6:56:8
2022-03-16	chul|Wednesday|Tzav|FastOfEster|morning	ALL	haftarah	-
2022-03-16	chul|Wednesday|Tzav|FastOfEster|morning	ALL	maftir	-
2022-03-16	chul|Wednesday|Tzav|FastOfEster|morning	ALL	torah	1:Exodus:32:11:32:14 2:Exodus:34:1:34:3 3:Exodus:34:4:34:10
2022-03-17	EY|Thursday|Tzav|Purim|morning	ALL	haftarah	-
2022-03-17	EY|Thursday|Tzav|Purim|morning	ALL	maftir	-
2022-03-17	EY|Thursday|Tzav|Purim|morning	ALL	torah	1:Exodus:17:8:17:10 2:Exodus:17:11:17:13 3:Exodus:17:14:17:16
2022-03-17	chul|Thursday|Tzav|Purim|morning	ALL	haftarah	-
2022-03-17	chul|Thursday|Tzav|Purim|morning	ALL	maftir	-
2022-03-17	chul|Thursday|Tzav|Purim|morning	ALL	torah	1:Exodus:17:8:17:10 2:Exodus:17:11:17:13 3:Exodus:17:14:17:16
2022-03-18	EY|Friday|Tzav|ShushanPurim|morning	ALL	haftarah	-
2022-03-18	EY|Friday|Tzav|ShushanPurim|morning	ALL	maftir	-
2022-03-18	EY|Friday|Tzav|ShushanPurim|morning	ALL	torah	1:Exodus:17:8:17:10 2:Exodus:17:11:17:13 3:Exodus:17:14:17:16
2022-03-18	chul|Friday|Tzav|ShushanPurim|morning	ALL	haftarah	-
2022-03-18	chul|Friday|Tzav|ShushanPurim|morning	ALL	maftir	-
2022-03-18	chul|Friday|Tzav|ShushanPurim|morning	ALL	torah	1:Exodus:17:8:17:10 2:Exodus:17:11:17:13 3:Exodus:17:14:17:16
2022-03-19	EY|shabbos|Tzav|-|afternoon	ALL	haftarah	-
2022-03-19	EY|shabbos|Tzav|-|afternoon	ALL	maftir	-
2022-03-19	EY|shabbos|Tzav|-|afternoon	ALL	torah	1:Leviticus:9:1:9:5 2:Leviticus:9:6:9:10 3:Leviticus:9:11:9:16
2022-03-19	EY|shabbos|Tzav|-|morning	ALL	maftir	Leviticus:8:33:8:36
2022-03-19	EY|shabbos|Tzav|-|morning	ALL	torah	1:Leviticus:6:1:6:11 2:Leviticus:6:12:7:10 3:Leviticus:7:11:7:38 4:Leviticus:8:1:8:13 5:Leviticus:8:14:8:21 6:Leviticus:8:22:8:29 7:Leviticus:8:30:8:36
2022-03-19	EY|shabbos|Tzav|-|morning	Agadir+Algeria+Algiers+Ashkenaz+Bavlim+ChayeyOdom+Djerba+Fes+Frankfurt+Hagra+Libya+Lita+Magreb+Marrakesh+Morocco+Persia+Poznan+PureSephardim+Romania+Sefard	haftarah	Jeremiah:7:21:8:3 Jeremiah:9:22:9:23
2022-03-19	EY|shabbos|Tzav|-|morning	Baladi+Chabad+Shami+Teiman+Toshbim	haftarah	Jeremiah:7:21:7:28 Jeremiah:9:22:9:23
2022-03-19	EY|shabbos|Tzav|-|morning	Italki	haftarah	Jeremiah:7:21:7:28 Jeremiah:10:6:10:7
2022-03-19	chul|shabbos|Tzav|-|afternoon	ALL	haftarah	-
2022-03-19	chul|shabbos|Tzav|-|afternoon	ALL	maftir	-
2022-03-19	chul|shabbos|Tzav|-|afternoon	ALL	torah	1:Leviticus:9:1:9:5 2:Leviticus:9:6:9:10 3:Leviticus:9:11:9:16
2022-03-19	chul|shabbos|Tzav|-|morning	ALL	maftir	Leviticus:8:33:8:36
2022-03-19	chul|shabbos|Tzav|-|morning	ALL	torah	1:Leviticus:6:1:6:11 2:Leviticus:6:12:7:10 3:Leviticus:7:11:7:38 4:Leviticus:8:1:8:13 5:Leviticus:8:14:8:21 6:Leviticus:8:22:8:29 7:Leviticus:8:30:8:36
2022-03-19	chul|shabbos|Tzav|-|morning	Agadir+Algeria+Algiers+Ashkenaz+Bavlim+ChayeyOdom+Djerba+Fes+Frankfurt+Hagra+Libya+Lita+Magreb+Marrakesh+Morocco+Persia+Poznan+PureSephardim+Romania+Sefard	haftarah	Jeremiah:7:21:8:3 Jeremiah:9:22:9:23
2022-03-19	chul|shabbos|Tzav|-|morning	Baladi+Chabad+Shami+Teiman+Toshbim	haftarah	Jeremiah:7:21:7:28 Jeremiah:9:22:9:23
2022-03-19	chul|shabbos|Tzav|-|morning	Italki	haftarah	Jeremiah:7:21:7:28 Jeremiah:10:6:10:7
2022-03-21	EY|Monday|Shemini|-|morning	ALL	haftarah	-
2022-03-21	EY|Monday|Shemini|-|morning	ALL	maftir	-
2022-03-21	EY|Monday|Shemini|-|morning	ALL	torah	1:Leviticus:9:1:9:5 2:Leviticus:9:6:9:10 3:Leviticus:9:11:9:16
2022-03-21	chul|Monday|Shemini|-|morning	ALL	haftarah	-
2022-03-21	chul|Monday|Shemini|-|morning	ALL	maftir	-
2022-03-21	chul|Monday|Shemini|-|morning	ALL	torah	1:Leviticus:9:1:9:5 2:Leviticus:9:6:9:10 3:Leviticus:9:11:9:16
2022-03-24	EY|Thursday|Shemini|-|morning	ALL	haftarah	-
2022-03-24	EY|Thursday|Shemini|-|morning	ALL	maftir	-
2022-03-24	EY|Thursday|Shemini|-|morning	ALL	torah	1:Leviticus:9:1:9:5 2:Leviticus:9:6:9:10 3:Leviticus:9:11:9:16
2022-03-24	chul|Thursday|Shemini|-|morning	ALL	haftarah	-
2022-03-24	chul|Thursday|Shemini|-|morning	ALL	maftir	-
2022-03-24	chul|Thursday|Shemini|-|morning	ALL	torah	1:Leviticus:9:1:9:5 2:Leviticus:9:6:9:10 3:Leviticus:9:11:9:16
2022-03-26	EY|shabbos|Shemini|ParshasParah|afternoon	ALL	haftarah	-
2022-03-26	EY|shabbos|Shemini|ParshasParah|afternoon	ALL	maftir	-
2022-03-26	EY|shabbos|Shemini|ParshasParah|afternoon	ALL	torah	1:Leviticus:12:1:12:4 2:Leviticus:12:5:12:8 3:Leviticus:13:1:13:5
2022-03-26	EY|shabbos|Shemini|ParshasParah|morning	ALL	maftir	Numbers:19:1:19:22
2022-03-26	EY|shabbos|Shemini|ParshasParah|morning	ALL	torah	1:Leviticus:9:1:9:16 2:Leviticus:9:17:9:23 3:Leviticus:9:24:10:11 4:Leviticus:10:12:10:15 5:Leviticus:10:16:10:20 6:Leviticus:11:1:11:32 7:Leviticus:11:33:11:47
2022-03-26	EY|shabbos|Shemini|ParshasParah|morning	Agadir+Algeria+Algiers+Baladi+Bavlim+Chabad+Djerba+Fes+Libya+Magreb+Marrakesh+Morocco+Persia+PureSephardim+Sefard+Shami+Teiman+Toshbim	haftarah	Ezekiel:36:16:36:36
2022-03-26	EY|shabbos|Shemini|ParshasParah|morning	Ashkenaz+ChayeyOdom+Frankfurt+Hagra+Italki+Lita+Poznan	haftarah	Ezekiel:36:16:36:38
2022-03-26	EY|shabbos|Shemini|ParshasParah|morning	Romania	haftarah	Ezekiel:36:25:37:7
2022-03-26	chul|shabbos|Shemini|ParshasParah|afternoon	ALL	haftarah	-
2022-03-26	chul|shabbos|Shemini|ParshasParah|afternoon	ALL	maftir	-
2022-03-26	chul|shabbos|Shemini|ParshasParah|afternoon	ALL	torah	1:Leviticus:12:1:12:4 2:Leviticus:12:5:12:8 3:Leviticus:13:1:13:5
2022-03-26	chul|shabbos|Shemini|ParshasParah|morning	ALL	maftir	Numbers:19:1:19:22
2022-03-26	chul|shabbos|Shemini|ParshasParah|morning	ALL	torah	1:Leviticus:9:1:9:16 2:Leviticus:9:17:9:23 3:Leviticus:9:24:10:11 4:Leviticus:10:12:10:15 5:Leviticus:10:16:10:20 6:Leviticus:11:1:11:32 7:Leviticus:11:33:11:47
2022-03-26	chul|shabbos|Shemini|ParshasParah|morning	Agadir+Algeria+Algiers+Baladi+Bavlim+Chabad+Djerba+Fes+Libya+Magreb+Marrakesh+Morocco+Persia+PureSephardim+Sefard+Shami+Teiman+Toshbim	haftarah	Ezekiel:36:16:36:36
2022-03-26	chul|shabbos|Shemini|ParshasParah|morning	Ashkenaz+ChayeyOdom+Frankfurt+Hagra+Italki+Lita+Poznan	haftarah	Ezekiel:36:16:36:38
2022-03-26	chul|shabbos|Shemini|ParshasParah|morning	Romania	haftarah	Ezekiel:36:25:37:7
2022-03-28	EY|Monday|Tazria|-|morning	ALL	haftarah	-
2022-03-28	EY|Monday|Tazria|-|morning	ALL	maftir	-
2022-03-28	EY|Monday|Tazria|-|morning	ALL	torah	1:Leviticus:12:1:12:4 2:Leviticus:12:5:12:8 3:Leviticus:13:1:13:5
2022-03-28	chul|Monday|Tazria|-|morning	ALL	haftarah	-
2022-03-28	chul|Monday|Tazria|-|morning	ALL	maftir	-
2022-03-28	chul|Monday|Tazria|-|morning	ALL	torah	1:Leviticus:12:1:12:4 2:Leviticus:12:5:12:8 3:Leviticus:13:1:13:5
2022-03-31	EY|Thursday|Tazria|-|morning	ALL	haftarah	-
2022-03-31	EY|Thursday|Tazria|-|morning	ALL	maftir	-
2022-03-31	EY|Thursday|Tazria|-|morning	ALL	torah	1:Leviticus:12:1:12:4 2:Leviticus:12:5:12:8 3:Leviticus:13:1:13:5
2022-03-31	chul|Thursday|Tazria|-|morning	ALL	haftarah	-
2022-03-31	chul|Thursday|Tazria|-|morning	ALL	maftir	-
2022-03-31	chul|Thursday|Tazria|-|morning	ALL	torah	1:Leviticus:12:1:12:4 2:Leviticus:12:5:12:8 3:Leviticus:13:1:13:5
2022-04-02	EY|shabbos|Tazria|ParshasHachodesh+RoshChodesh|afternoon	ALL	haftarah	-
2022-04-02	EY|shabbos|Tazria|ParshasHachodesh+RoshChodesh|afternoon	ALL	maftir	-
2022-04-02	EY|shabbos|Tazria|ParshasHachodesh+RoshChodesh|afternoon	ALL	torah	1:Leviticus:14:1:14:5 2:Leviticus:14:6:14:9 3:Leviticus:14:10:14:12
2022-04-02	EY|shabbos|Tazria|ParshasHachodesh+RoshChodesh|morning	ALL	maftir	Exodus:12:1:12:20
2022-04-02	EY|shabbos|Tazria|ParshasHachodesh+RoshChodesh|morning	ALL	torah	1:Leviticus:12:1:13:5 2:Leviticus:13:6:13:17 3:Leviticus:13:18:13:23 4:Leviticus:13:24:13:28 5:Leviticus:13:29:13:39 6:Leviticus:13:40:13:59 7:Numbers:28:9:28:15
2022-04-02	EY|shabbos|Tazria|ParshasHachodesh+RoshChodesh|morning	Agadir+Algeria+Algiers+Bavlim+Djerba+Fes+Libya+Magreb+Marrakesh+Morocco+Persia+Poznan+PureSephardim+Sefard+Toshbim	haftarah	Ezekiel:45:18:46:15
2022-04-02	EY|shabbos|Tazria|ParshasHachodesh+RoshChodesh|morning	Ashkenaz+ChayeyOdom+Frankfurt+Hagra+Lita	haftarah	Ezekiel:45:16:46:18
2022-04-02	EY|shabbos|Tazria|ParshasHachodesh+RoshChodesh|morning	Baladi+Shami+Teiman	haftarah	Ezekiel:45:9:46:11
2022-04-02	EY|shabbos|Tazria|ParshasHachodesh+RoshChodesh|morning	Chabad	haftarah	Ezekiel:45:18:46:15 Isaiah:66:1:66:1 Isaiah:66:23:66:24 Isaiah:66:23:66:23
2022-04-02	EY|shabbos|Tazria|ParshasHachodesh+RoshChodesh|morning	Italki	haftarah	Ezekiel:45:18:46:11
2022-04-02	EY|shabbos|Tazria|ParshasHachodesh+RoshChodesh|morning	Romania	haftarah	Ezekiel:45:21:46:13
2022-04-02	chul|shabbos|Tazria|ParshasHachodesh+RoshChodesh|afternoon	ALL	haftarah	-
2022-04-02	chul|shabbos|Tazria|ParshasHachodesh+RoshChodesh|afternoon	ALL	maftir	-
2022-04-02	chul|shabbos|Tazria|ParshasHachodesh+RoshChodesh|afternoon	ALL	torah	1:Leviticus:14:1:14:5 2:Leviticus:14:6:14:9 3:Leviticus:14:10:14:12
2022-04-02	chul|shabbos|Tazria|ParshasHachodesh+RoshChodesh|morning	ALL	maftir	Exodus:12:1:12:20
2022-04-02	chul|shabbos|Tazria|ParshasHachodesh+RoshChodesh|morning	ALL	torah	1:Leviticus:12:1:13:5 2:Leviticus:13:6:13:17 3:Leviticus:13:18:13:23 4:Leviticus:13:24:13:28 5:Leviticus:13:29:13:39 6:Leviticus:13:40:13:59 7:Numbers:28:9:28:15
2022-04-02	chul|shabbos|Tazria|ParshasHachodesh+RoshChodesh|morning	Agadir+Algeria+Algiers+Bavlim+Djerba+Fes+Libya+Magreb+Marrakesh+Morocco+Persia+Poznan+PureSephardim+Sefard+Toshbim	haftarah	Ezekiel:45:18:46:15
2022-04-02	chul|shabbos|Tazria|ParshasHachodesh+RoshChodesh|morning	Ashkenaz+ChayeyOdom+Frankfurt+Hagra+Lita	haftarah	Ezekiel:45:16:46:18
2022-04-02	chul|shabbos|Tazria|ParshasHachodesh+RoshChodesh|morning	Baladi+Shami+Teiman	haftarah	Ezekiel:45:9:46:11
2022-04-02	chul|shabbos|Tazria|ParshasHachodesh+RoshChodesh|morning	Chabad	haftarah	Ezekiel:45:18:46:15 Isaiah:66:1:66:1 Isaiah:66:23:66:24 Isaiah:66:23:66:23
2022-04-02	chul|shabbos|Tazria|ParshasHachodesh+RoshChodesh|morning	Italki	haftarah	Ezekiel:45:18:46:11
2022-04-02	chul|shabbos|Tazria|ParshasHachodesh+RoshChodesh|morning	Romania	haftarah	Ezekiel:45:21:46:13
2022-04-04	EY|Monday|Metzora|-|morning	ALL	haftarah	-
2022-04-04	EY|Monday|Metzora|-|morning	ALL	maftir	-
2022-04-04	EY|Monday|Metzora|-|morning	ALL	torah	1:Leviticus:14:1:14:5 2:Leviticus:14:6:14:9 3:Leviticus:14:10:14:12
2022-04-04	chul|Monday|Metzora|-|morning	ALL	haftarah	-
2022-04-04	chul|Monday|Metzora|-|morning	ALL	maftir	-
2022-04-04	chul|Monday|Metzora|-|morning	ALL	torah	1:Leviticus:14:1:14:5 2:Leviticus:14:6:14:9 3:Leviticus:14:10:14:12
2022-04-07	EY|Thursday|Metzora|-|morning	ALL	haftarah	-
2022-04-07	EY|Thursday|Metzora|-|morning	ALL	maftir	-
2022-04-07	EY|Thursday|Metzora|-|morning	ALL	torah	1:Leviticus:14:1:14:5 2:Leviticus:14:6:14:9 3:Leviticus:14:10:14:12
2022-04-07	chul|Thursday|Metzora|-|morning	ALL	haftarah	-
2022-04-07	chul|Thursday|Metzora|-|morning	ALL	maftir	-
2022-04-07	chul|Thursday|Metzora|-|morning	ALL	torah	1:Leviticus:14:1:14:5 2:Leviticus:14:6:14:9 3:Leviticus:14:10:14:12
2022-04-09	EY|shabbos|Metzora|ShabbosHagodol|afternoon	ALL	haftarah	-
2022-04-09	EY|shabbos|Metzora|ShabbosHagodol|afternoon	ALL	maftir	-
2022-04-09	EY|shabbos|Metzora|ShabbosHagodol|afternoon	ALL	torah	1:Leviticus:16:1:16:6 2:Leviticus:16:7:16:11 3:Leviticus:16:12:16:17
2022-04-09	EY|shabbos|Metzora|ShabbosHagodol|morning	ALL	maftir	Leviticus:15:31:15:33
2022-04-09	EY|shabbos|Metzora|ShabbosHagodol|morning	ALL	torah	1:Leviticus:14:1:14:12 2:Leviticus:14:13:14:20 3:Leviticus:14:21:14:32 4:Leviticus:14:33:14:53 5:Leviticus:14:54:15:15 6:Leviticus:15:16:15:28 7:Leviticus:15:29:15:33
2022-04-09	EY|shabbos|Metzora|ShabbosHagodol|morning	Agadir+Algeria+Algiers+Ashkenaz+Baladi+Bavlim+ChayeyOdom+Djerba+Fes+Frankfurt+Hagra+Italki+Libya+Lita+Magreb+Marrakesh+Morocco+Persia+Poznan+PureSephardim+Romania+Sefard+Shami+Teiman+Toshbim	haftarah	Malachi:3:4:3:24
2022-04-09	EY|shabbos|Metzora|ShabbosHagodol|morning	Chabad	haftarah	KingsII:7:3:7:20
2022-04-09	chul|shabbos|Metzora|ShabbosHagodol|afternoon	ALL	haftarah	-
2022-04-09	chul|shabbos|Metzora|ShabbosHagodol|afternoon	ALL	maftir	-
2022-04-09	chul|shabbos|Metzora|ShabbosHagodol|afternoon	ALL	torah	1:Leviticus:16:1:16:6 2:Leviticus:16:7:16:11 3:Leviticus:16:12:16:17
2022-04-09	chul|shabbos|Metzora|ShabbosHagodol|morning	ALL	maftir	Leviticus:15:31:15:33
2022-04-09	chul|shabbos|Metzora|ShabbosHagodol|morning	ALL	torah	1:Leviticus:14:1:14:12 2:Leviticus:14:13:14:20 3:Leviticus:14:21:14:32 4:Leviticus:14:33:14:53 5:Leviticus:14:54:15:15 6:Leviticus:15:16:15:28 7:Leviticus:15:29:15:33
2022-04-09	chul|shabbos|Metzora|ShabbosHagodol|morning	Agadir+Algeria+Algiers+Ashkenaz+Baladi+Bavlim+ChayeyOdom+Djerba+Fes+Frankfurt+Hagra+Italki+Libya+Lita+Magreb+Marrakesh+Morocco+Persia+Poznan+PureSephardim+Romania+Sefard+Shami+Teiman+Toshbim	haftarah	Malachi:3:4:3:24
2022-04-09	chul|shabbos|Metzora|ShabbosHagodol|morning	Chabad	haftarah	KingsII:7:3:7:20
2022-04-16	EY|shabbos|-|Pesach1|afternoon	ALL	haftarah	-
2022-04-16	EY|shabbos|-|Pesach1|afternoon	ALL	maftir	-
2022-04-16	EY|shabbos|-|Pesach1|afternoon	ALL	torah	1:Leviticus:16:1:16:6 2:Leviticus:16:7:16:11 3:Leviticus:16:12:16:17
2022-04-16	EY|shabbos|-|Pesach1|morning	ALL	maftir	Numbers:28:16:28:25
2022-04-16	EY|shabbos|-|Pesach1|morning	ALL	torah	1:Exodus:12:21:12:24 2:Exodus:12:25:12:28 3:Exodus:12:29:12:32 4:Exodus:12:33:12:36 5:Exodus:12:37:12:42 6:Exodus:12:43:12:47 7:Exodus:12:48:12:51
2022-04-16	EY|shabbos|-|Pesach1|morning	Agadir+Algeria+Algiers+Baladi+Bavlim+Djerba+Fes+Libya+Magreb+Marrakesh+Morocco+Persia+PureSephardim+Sefard+Shami+Teiman+Toshbim	haftarah	Joshua:5:2:6:1 Joshua:6:27:6:27
2022-04-16	EY|shabbos|-|Pesach1|morning	Ashkenaz+Chabad+ChayeyOdom+Italki+Lita+Poznan	haftarah	Joshua:3:5:3:7 Joshua:5:2:6:1 Joshua:6:27:6:27
2022-04-16	EY|shabbos|-|Pesach1|morning	Frankfurt+Hagra+Romania	haftarah	Joshua:5:2:6:1
2022-04-16	chul|shabbos|-|Pesach1|afternoon	ALL	haftarah	-
2022-04-16	chul|shabbos|-|Pesach1|afternoon	ALL	maftir	-
2022-04-16	chul|shabbos|-|Pesach1|afternoon	ALL	torah	1:Leviticus:16:1:16:6 2:Leviticus:16:7:16:11 3:Leviticus:16:12:16:17
2022-04-16	chul|shabbos|-|Pesach1|morning	ALL	maftir	Numbers:28:16:28:25
2022-04-16	chul|shabbos|-|Pesach1|morning	ALL	torah	1:Exodus:12:21:12:24 2:Exodus:12:25:12:28 3:Exodus:12:29:12:32 4:Exodus:12:33:12:36 5:Exodus:12:37:12:42 6:Exodus:12:43:12:47 7:Exodus:12:48:12:51
2022-04-16	chul|shabbos|-|Pesach1|morning	Agadir+Algeria+Algiers+Baladi+Bavlim+Djerba+Fes+Libya+Magreb+Marrakesh+Morocco+Persia+PureSephardim+Sefard+Shami+Teiman+Toshbim	haftarah	Joshua:5:2:6:1 Joshua:6:27:6:27
2022-04-16	chul|shabbos|-|Pesach1|morning	Ashkenaz+Chabad+ChayeyOdom+Italki+Lita+Poznan	haftarah	Joshua:3:5:3:7 Joshua:5:2:6:1 Joshua:6:27:6:27
2022-04-16	chul|shabbos|-|Pesach1|morning	Frankfurt+Hagra+Romania	haftarah	Joshua:5:2:6:1
2022-04-17	EY|Sunday|Acharei|Omer(1)+PesachIntermediate1InHolyLand|morning	ALL	haftarah	-
2022-04-17	EY|Sunday|Acharei|Omer(1)+PesachIntermediate1InHolyLand|morning	ALL	maftir	-
2022-04-17	EY|Sunday|Acharei|Omer(1)+PesachIntermediate1InHolyLand|morning	ALL	torah	1:Leviticus:22:26:23:3 2:Leviticus:23:4:23:14 3:Leviticus:23:15:23:44 4:Numbers:28:19:28:25
2022-04-17	chul|Sunday|-|Omer(1)+Pesach2|morning	ALL	maftir	Numbers:28:16:28:25
2022-04-17	chul|Sunday|-|Omer(1)+Pesach2|morning	ALL	torah	1:Leviticus:22:26:23:3 2:Leviticus:23:4:23:14 3:Leviticus:23:15:23:22 4:Leviticus:23:23:23:32 5:Leviticus:23:33:23:44
2022-04-17	chul|Sunday|-|Omer(1)+Pesach2|morning	Agadir+Algeria+Algiers+Ashkenaz+Bavlim+Chabad+ChayeyOdom+Djerba+Fes+Frankfurt+Hagra+Libya+Lita+Magreb+Marrakesh+Morocco+Persia+PureSephardim+Romania+Sefard+Toshbim	haftarah	KingsII:23:1:23:9 KingsII:23:21:23:25
2022-04-17	chul|Sunday|-|Omer(1)+Pesach2|morning	Baladi+Shami+Teiman	haftarah	KingsII:22:1:22:7 KingsII:23:21:23:25
2022-04-17	chul|Sunday|-|Omer(1)+Pesach2|morning	Italki	haftarah	KingsII:23:21:23:30
2022-04-17	chul|Sunday|-|Omer(1)+Pesach2|morning	Poznan	haftarah	KingsII:23:4:23:9 KingsII:23:21:23:30
2022-04-18	EY|Monday|Acharei|Omer(2)+PesachIntermediate2InHolyLand|morning	ALL	haftarah	-
2022-04-18	EY|Monday|Acharei|Omer(2)+PesachIntermediate2InHolyLand|morning	ALL	maftir	-
2022-04-18	EY|Monday|Acharei|Omer(2)+PesachIntermediate2InHolyLand|morning	ALL	torah	1:Exodus:13:1:13:4 2:Exodus:13:5:13:10 3:Exodus:13:11:13:16 4:Numbers:28:19:28:25
2022-04-18	chul|Monday|-|Omer(2)+PesachIntermediate1|morning	ALL	haftarah	-
2022-04-18	chul|Monday|-|Omer(2)+PesachIntermediate1|morning	ALL	maftir	-
2022-04-18	chul|Monday|-|Omer(2)+PesachIntermediate1|morning	ALL	torah	1:Exodus:13:1:13:4 2:Exodus:13:5:13:10 3:Exodus:13:11:13:16 4:Numbers:28:19:28:25
2022-04-19	EY|Tuesday|Acharei|Omer(3)+PesachIntermediate3InHolyLand|morning	ALL	haftarah	-
2022-04-19	EY|Tuesday|Acharei|Omer(3)+PesachIntermediate3InHolyLand|morning	ALL	maftir	-
2022-04-19	EY|Tuesday|Acharei|Omer(3)+PesachIntermediate3InHolyLand|morning	ALL	torah	1:Exodus:22:24:22:26 2:Exodus:22:27:23:5 3:Exodus:23:6:23:19 4:Numbers:28:19:28:25
2022-04-19	chul|Tuesday|-|Omer(3)+PesachIntermediate2|morning	ALL	haftarah	-
2022-04-19	chul|Tuesday|-|Omer(3)+PesachIntermediate2|morning	ALL	maftir	-
2022-04-19	chul|Tuesday|-|Omer(3)+PesachIntermediate2|morning	ALL	torah	1:Exodus:22:24:22:26 2:Exodus:22:27:23:5 3:Exodus:23:6:23:19 4:Numbers:28:19:28:25
2022-04-20	EY|Wednesday|Acharei|Omer(4)+PesachIntermediate4InHolyLand|morning	ALL	haftarah	-
2022-04-20	EY|Wednesday|Acharei|Omer(4)+PesachIntermediate4InHolyLand|morning	ALL	maftir	-
2022-04-20	EY|Wednesday|Acharei|Omer(4)+PesachIntermediate4InHolyLand|morning	ALL	torah	1:Exodus:34:1:34:3 2:Exodus:34:4:34:17 3:Exodus:34:18:34:26 4:Numbers:28:19:28:25
2022-04-20	chul|Wednesday|-|Omer(4)+PesachIntermediate3|morning	ALL	haftarah	-
2022-04-20	chul|Wednesday|-|Omer(4)+PesachIntermediate3|morning	ALL	maftir	-
2022-04-20	chul|Wednesday|-|Omer(4)+PesachIntermediate3|morning	ALL	torah	1:Exodus:34:1:34:3 2:Exodus:34:4:34:17 3:Exodus:34:18:34:26 4:Numbers:28:19:28:25
2022-04-21	EY|Thursday|Acharei|Omer(5)+PesachIntermediate5InHolyLand|morning	ALL	haftarah	-
2022-04-21	EY|Thursday|Acharei|Omer(5)+PesachIntermediate5InHolyLand|morning	ALL	maftir	-
2022-04-21	EY|Thursday|Acharei|Omer(5)+PesachIntermediate5InHolyLand|morning	ALL	torah	1:Numbers:9:1:9:6 2:Numbers:9:7:9:8 3:Numbers:9:9:9:14 4:Numbers:28:19:28:25
2022-04-21	chul|Thursday|-|Omer(5)+PesachIntermediate4|morning	ALL	haftarah	-
2022-04-21	chul|Thursday|-|Omer(5)+PesachIntermediate4|morning	ALL	maftir	-
2022-04-21	chul|Thursday|-|Omer(5)+PesachIntermediate4|morning	ALL	torah	1:Numbers:9:1:9:6 2:Numbers:9:7:9:8 3:Numbers:9:9:9:14 4:Numbers:28:19:28:25
2022-04-22	EY|Friday|Acharei|Omer(6)+Pesach7|morning	ALL	haftarah	SamuelII:22:1:22:51
2022-04-22	EY|Friday|Acharei|Omer(6)+Pesach7|morning	ALL	maftir	Numbers:28:19:28:25
2022-04-22	EY|Friday|Acharei|Omer(6)+Pesach7|morning	ALL	torah	1:Exodus:13:17:13:22 2:Exodus:14:1:14:8 3:Exodus:14:9:14:14 4:Exodus:14:15:14:25 5:Exodus:14:26:15:26
2022-04-22	chul|Friday|-|Omer(6)+Pesach7|morning	ALL	haftarah	SamuelII:22:1:22:51
2022-04-22	chul|Friday|-|Omer(6)+Pesach7|morning	ALL	maftir	Numbers:28:19:28:25
2022-04-22	chul|Friday|-|Omer(6)+Pesach7|morning	ALL	torah	1:Exodus:13:17:13:22 2:Exodus:14:1:14:8 3:Exodus:14:9:14:14 4:Exodus:14:15:14:25 5:Exodus:14:26:15:26
2022-04-23	EY|shabbos|Acharei|Omer(7)|afternoon	ALL	haftarah	-
2022-04-23	EY|shabbos|Acharei|Omer(7)|afternoon	ALL	maftir	-
2022-04-23	EY|shabbos|Acharei|Omer(7)|afternoon	ALL	torah	1:Leviticus:19:1:19:4 2:Leviticus:19:5:19:10 3:Leviticus:19:11:19:14
2022-04-23	EY|shabbos|Acharei|Omer(7)|morning	ALL	maftir	Leviticus:18:28:18:30
2022-04-23	EY|shabbos|Acharei|Omer(7)|morning	ALL	torah	1:Leviticus:16:1:16:17 2:Leviticus:16:18:16:24 3:Leviticus:16:25:16:34 4:Leviticus:17:1:17:7 5:Leviticus:17:8:18:5 6:Leviticus:18:6:18:21 7:Leviticus:18:22:18:30
2022-04-23	EY|shabbos|Acharei|Omer(7)|morning	Agadir+Algeria+Algiers+Ashkenaz+Baladi+Bavlim+ChayeyOdom+Djerba+Fes+Frankfurt+Hagra+Italki+Libya+Lita+Magreb+Marrakesh+Morocco+Persia+PureSephardim+Romania+Sefard+Shami+Teiman+Toshbim	haftarah	Ezekiel:22:1:22:16
2022-04-23	EY|shabbos|Acharei|Omer(7)|morning	Chabad	haftarah	Amos:9:7:9:15
2022-04-23	EY|shabbos|Acharei|Omer(7)|morning	Poznan	haftarah	Ezekiel:22:2:22:16
2022-04-23	chul|shabbos|-|Omer(7)+Pesach8|afternoon	ALL	haftarah	-
2022-04-23	chul|shabbos|-|Omer(7)+Pesach8|afternoon	ALL	maftir	-
2022-04-23	chul|shabbos|-|Omer(7)+Pesach8|afternoon	ALL	torah	1:Leviticus:16:1:16:6 2:Leviticus:16:7:16:11 3:Leviticus:16:12:16:17
2022-04-23	chul|shabbos|-|Omer(7)+Pesach8|morning	ALL	haftarah	Isaiah:10:32:12:6
2022-04-23	chul|shabbos|-|Omer(7)+Pesach8|morning	ALL	maftir	Numbers:28:19:28:25
2022-04-23	chul|shabbos|-|Omer(7)+Pesach8|morning	ALL	torah	1:Deuteronomy:14:22:14:29 2:Deuteronomy:15:1:15:18 3:Deuteronomy:15:19:15:23 4:Deuteronomy:16:1:16:3 5:Deuteronomy:16:4:16:8 6:Deuteronomy:16:9:16:12 7:Deuteronomy:16:13:16:17
2022-04-25	EY|Monday|Kedoshim|Omer(9)|morning	ALL	haftarah	-
2022-04-25	EY|Monday|Kedoshim|Omer(9)|morning	ALL	maftir	-
2022-04-25	EY|Monday|Kedoshim|Omer(9)|morning	ALL	torah	1:Leviticus:19:1:19:4 2:Leviticus:19:5:19:10 3:Leviticus:19:11:19:14
2022-04-25	chul|Monday|Acharei|Omer(9)|morning	ALL	haftarah	-
2022-04-25	chul|Monday|Acharei|Omer(9)|morning	ALL	maftir	-
2022-04-25	chul|Monday|Acharei|Omer(9)|morning	ALL	torah	1:Leviticus:16:1:16:6 2:Leviticus:16:7:16:11 3:Leviticus:16:12:16:17
2022-04-28	EY|Thursday|Kedoshim|Omer(12)|morning	ALL	haftarah	-
2022-04-28	EY|Thursday|Kedoshim|Omer(12)|morning	ALL	maftir	-
2022-04-28	EY|Thursday|Kedoshim|Omer(12)|morning	ALL	torah	1:Leviticus:19:1:19:4 2:Leviticus:19:5:19:10 3:Leviticus:19:11:19:14
2022-04-28	chul|Thursday|Acharei|Omer(12)|morning	ALL	haftarah	-
2022-04-28	chul|Thursday|Acharei|Omer(12)|morning	ALL	maftir	-
2022-04-28	chul|Thursday|Acharei|Omer(12)|morning	ALL	torah	1:Leviticus:16:1:16:6 2:Leviticus:16:7:16:11 3:Leviticus:16:12:16:17
2022-04-30	EY|shabbos|Kedoshim|ErevRoshChodesh+Omer(14)|afternoon	ALL	haftarah	-
2022-04-30	EY|shabbos|Kedoshim|ErevRoshChodesh+Omer(14)|afternoon	ALL	maftir	-
2022-04-30	EY|shabbos|Kedoshim|ErevRoshChodesh+Omer(14)|afternoon	ALL	torah	1:Leviticus:21:1:21:6 2:Leviticus:21:7:21:12 3:Leviticus:21:13:21:15
2022-04-30	EY|shabbos|Kedoshim|ErevRoshChodesh+Omer(14)|morning	ALL	maftir	Leviticus:20:25:20:27
2022-04-30	EY|shabbos|Kedoshim|ErevRoshChodesh+Omer(14)|morning	ALL	torah	1:Leviticus:19:1:19:14 2:Leviticus:19:15:19:22 3:Leviticus:19:23:19:32 4:Leviticus:19:33:19:37 5:Leviticus:20:1:20:7 6:Leviticus:20:8:20:22 7:Leviticus:20:23:20:27
2022-04-30	EY|shabbos|Kedoshim|ErevRoshChodesh+Omer(14)|morning	Agadir+Algeria+Algiers+Ashkenaz+Baladi+Bavlim+Chabad+ChayeyOdom+Djerba+Frankfurt+Hagra+Italki+Libya+Lita+Magreb+Marrakesh+Morocco+Persia+Poznan+PureSephardim+Romania+Sefard+Shami+Teiman+Toshbim	haftarah	SamuelI:20:18:20:42
2022-04-30	EY|shabbos|Kedoshim|ErevRoshChodesh+Omer(14)|morning	Fes	haftarah	Ezekiel:20:2:20:20 SamuelI:20:18:20:18 SamuelI:20:42:20:42
2022-04-30	chul|shabbos|Acharei|ErevRoshChodesh+Omer(14)|afternoon	ALL	haftarah	-
2022-04-30	chul|shabbos|Acharei|ErevRoshChodesh+Omer(14)|afternoon	ALL	maftir	-
2022-04-30	chul|shabbos|Acharei|ErevRoshChodesh+Omer(14)|afternoon	ALL	torah	1:Leviticus:19:1:19:4 2:Leviticus:19:5:19:10 3:Leviticus:19:11:19:14
2022-04-30	chul|shabbos|Acharei|ErevRoshChodesh+Omer(14)|morning	ALL	maftir	Leviticus:18:28:18:30
2022-04-30	chul|shabbos|Acharei|ErevRoshChodesh+Omer(14)|morning	ALL	torah	1:Leviticus:16:1:16:17 2:Leviticus:16:18:16:24 3:Leviticus:16:25:16:34 4:Leviticus:17:1:17:7 5:Leviticus:17:8:18:5 6:Leviticus:18:6:18:21 7:Leviticus:18:22:18:30
2022-04-30	chul|shabbos|Acharei|ErevRoshChodesh+Omer(14)|morning	Agadir+Algeria+Algiers+Ashkenaz+Baladi+Bavlim+Chabad+ChayeyOdom+Djerba+Frankfurt+Hagra+Italki+Libya+Lita+Magreb+Marrakesh+Morocco+Persia+Poznan+PureSephardim+Romania+Sefard+Shami+Teiman+Toshbim	haftarah	SamuelI:20:18:20:42
2022-04-30	chul|shabbos|Acharei|ErevRoshChodesh+Omer(14)|morning	Fes	haftarah	Ezekiel:22:1:22:16 SamuelI:20:18:20:18 SamuelI:20:42:20:42
2022-05-01	EY|Sunday|Emor|ErevRoshChodesh+Omer(15)+RoshChodesh|morning	ALL	haftarah	-
2022-05-01	EY|Sunday|Emor|ErevRoshChodesh+Omer(15)+RoshChodesh|morning	ALL	maftir	-
2022-05-01	EY|Sunday|Emor|ErevRoshChodesh+Omer(15)+RoshChodesh|morning	Agadir+Algeria+Algiers+Ashkenaz+Baladi+Bavlim+Chabad+ChayeyOdom+Djerba+Fes+Frankfurt+Italki+Libya+Lita+Magreb+Marrakesh+Morocco+Persia+Poznan+PureSephardim+Romania+Sefard+Shami+Teiman+Toshbim	torah	1:Numbers:28:1:28:3 2:Numbers:28:3:28:5 3:Numbers:28:6:28:10 4:Numbers:28:11:28:15
2022-05-01	EY|Sunday|Emor|ErevRoshChodesh+Omer(15)+RoshChodesh|morning	Hagra	torah	1:Numbers:28:1:28:3 2:Numbers:28:4:28:8 3:Numbers:28:6:28:10 4:Numbers:28:11:28:15
2022-05-01	chul|Sunday|Kedoshim|ErevRoshChodesh+Omer(15)+RoshChodesh|morning	ALL	haftarah	-
2022-05-01	chul|Sunday|Kedoshim|ErevRoshChodesh+Omer(15)+RoshChodesh|morning	ALL	maftir	-
2022-05-01	chul|Sunday|Kedoshim|ErevRoshChodesh+Omer(15)+RoshChodesh|morning	Agadir+Algeria+Algiers+Ashkenaz+Baladi+Bavlim+Chabad+ChayeyOdom+Djerba+Fes+Frankfurt+Italki+Libya+Lita+Magreb+Marrakesh+Morocco+Persia+Poznan+PureSephardim+Romania+Sefard+Shami+Teiman+Toshbim	torah	1:Numbers:28:1:28:3 2:Numbers:28:3:28:5 3:Numbers:28:6:28:10 4:Numbers:28:11:28:15
2022-05-01	chul|Sunday|Kedoshim|ErevRoshChodesh+Omer(15)+RoshChodesh|morning	Hagra	torah	1:Numbers:28:1:28:3 2:Numbers:28:4:28:8 3:Numbers:28:6:28:10 4:Numbers:28:11:28:15
2022-05-02	EY|Monday|Emor|Omer(16)+RoshChodesh|morning	ALL	haftarah	-
2022-05-02	EY|Monday|Emor|Omer(16)+RoshChodesh|morning	ALL	maftir	-
2022-05-02	EY|Monday|Emor|Omer(16)+RoshChodesh|morning	Agadir+Algeria+Algiers+Ashkenaz+Baladi+Bavlim+Chabad+ChayeyOdom+Djerba+Fes+Frankfurt+Italki+Libya+Lita+Magreb+Marrakesh+Morocco+Persia+Poznan+PureSephardim+Romania+Sefard+Shami+Teiman+Toshbim	torah	1:Numbers:28:1:28:3 2:Numbers:28:3:28:5 3:Numbers:28:6:28:10 4:Numbers:28:11:28:15
2022-05-02	EY|Monday|Emor|Omer(16)+RoshChodesh|morning	Hagra	torah	1:Numbers:28:1:28:3 2:Numbers:28:4:28:8 3:Numbers:28:6:28:10 4:Numbers:28:11:28:15
2022-05-02	chul|Monday|Kedoshim|Omer(16)+RoshChodesh|morning	ALL	haftarah	-
2022-05-02	chul|Monday|Kedoshim|Omer(16)+RoshChodesh|morning	ALL	maftir	-
2022-05-02	chul|Monday|Kedoshim|Omer(16)+RoshChodesh|morning	Agadir+Algeria+Algiers+Ashkenaz+Baladi+Bavlim+Chabad+ChayeyOdom+Djerba+Fes+Frankfurt+Italki+Libya+Lita+Magreb+Marrakesh+Morocco+Persia+Poznan+PureSephardim+Romania+Sefard+Shami+Teiman+Toshbim	torah	1:Numbers:28:1:28:3 2:Numbers:28:3:28:5 3:Numbers:28:6:28:10 4:Numbers:28:11:28:15
2022-05-02	chul|Monday|Kedoshim|Omer(16)+RoshChodesh|morning	Hagra	torah	1:Numbers:28:1:28:3 2:Numbers:28:4:28:8 3:Numbers:28:6:28:10 4:Numbers:28:11:28:15
2022-05-05	EY|Thursday|Emor|Omer(19)|morning	ALL	haftarah	-
2022-05-05	EY|Thursday|Emor|Omer(19)|morning	ALL	maftir	-
2022-05-05	EY|Thursday|Emor|Omer(19)|morning	ALL	torah	1:Leviticus:21:1:21:6 2:Leviticus:21:7:21:12 3:Leviticus:21:13:21:15
2022-05-05	chul|Thursday|Kedoshim|Omer(19)|morning	ALL	haftarah	-
2022-05-05	chul|Thursday|Kedoshim|Omer(19)|morning	ALL	maftir	-
2022-05-05	chul|Thursday|Kedoshim|Omer(19)|morning	ALL	torah	1:Leviticus:19:1:19:4 2:Leviticus:19:5:19:10 3:Leviticus:19:11:19:14
2022-05-07	EY|shabbos|Emor|Omer(21)|afternoon	ALL	haftarah	-
2022-05-07	EY|shabbos|Emor|Omer(21)|afternoon	ALL	maftir	-
2022-05-07	EY|shabbos|Emor|Omer(21)|afternoon	ALL	torah	1:Leviticus:25:1:25:3 2:Leviticus:25:4:25:7 3:Leviticus:25:8:25:13
2022-05-07	EY|shabbos|Emor|Omer(21)|morning	ALL	haftarah	Ezekiel:44:15:44:31
2022-05-07	EY|shabbos|Emor|Omer(21)|morning	ALL	maftir	Leviticus:24:21:24:23
2022-05-07	EY|shabbos|Emor|Omer(21)|morning	ALL	torah	1:Leviticus:21:1:21:15 2:Leviticus:21:16:22:16 3:Leviticus:22:17:22:33 4:Leviticus:23:1:23:22 5:Leviticus:23:23:23:32 6:Leviticus:23:33:23:44 7:Leviticus:24:1:24:23
2022-05-07	chul|shabbos|Kedoshim|Omer(21)|afternoon	ALL	haftarah	-
2022-05-07	chul|shabbos|Kedoshim|Omer(21)|afternoon	ALL	maftir	-
2022-05-07	chul|shabbos|Kedoshim|Omer(21)|afternoon	ALL	torah	1:Leviticus:21:1:21:6 2:Leviticus:21:7:21:12 3:Leviticus:21:13:21:15
2022-05-07	chul|shabbos|Kedoshim|Omer(21)|morning	ALL	maftir	Leviticus:20:25:20:27
2022-05-07	chul|shabbos|Kedoshim|Omer(21)|morning	ALL	torah	1:Leviticus:19:1:19:14 2:Leviticus:19:15:19:22 3:Leviticus:19:23:19:32 4:Leviticus:19:33:19:37 5:Leviticus:20:1:20:7 6:Leviticus:20:8:20:22 7:Leviticus:20:23:20:27
2022-05-07	chul|shabbos|Kedoshim|Omer(21)|morning	Agadir+Algeria+Algiers+Bavlim+Chabad+Djerba+Fes+Libya+Magreb+Marrakesh+Morocco+Persia+PureSephardim+Sefard+Toshbim	haftarah	Ezekiel:20:2:20:20
2022-05-07	chul|shabbos|Kedoshim|Omer(21)|morning	Ashkenaz+Frankfurt+Hagra+Poznan	haftarah	Amos:9:7:9:15
2022-05-07	chul|shabbos|Kedoshim|Omer(21)|morning	Baladi	haftarah	Ezekiel:20:1:20:15
2022-05-07	chul|shabbos|Kedoshim|Omer(21)|morning	ChayeyOdom+Lita	haftarah	Ezekiel:22:1:22:16
2022-05-07	chul|shabbos|Kedoshim|Omer(21)|morning	Italki+Shami+Teiman	haftarah	Ezekiel:20:1:20:20
2022-05-07	chul|shabbos|Kedoshim|Omer(21)|morning	Romania	haftarah	Isaiah:3:4:5:17
2022-05-09	EY|Monday|Behar|Omer(23)|morning	ALL	haftarah	-
2022-05-09	EY|Monday|Behar|Omer(23)|morning	ALL	maftir	-
2022-05-09	EY|Monday|Behar|Omer(23)|morning	ALL	torah	1:Leviticus:25:1:25:3 2:Leviticus:25:4:25:7 3:Leviticus:25:8:25:13
2022-05-09	chul|Monday|Emor|Omer(23)|morning	ALL	haftarah	-
2022-05-09	chul|Monday|Emor|Omer(23)|morning	ALL	maftir	-
2022-05-09	chul|Monday|Emor|Omer(23)|morning	ALL	torah	1:Leviticus:21:1:21:6 2:Leviticus:21:7:21:12 3:Leviticus:21:13:21:15
2022-05-12	EY|Thursday|Behar|Omer(26)|morning	ALL	haftarah	-
2022-05-12	EY|Thursday|Behar|Omer(26)|morning	ALL	maftir	-
2022-05-12	EY|Thursday|Behar|Omer(26)|morning	ALL	torah	1:Leviticus:25:1:25:3 2:Leviticus:25:4:25:7 3:Leviticus:25:8:25:13
2022-05-12	chul|Thursday|Emor|Omer(26)|morning	ALL	haftarah	-
2022-05-12	chul|Thursday|Emor|Omer(26)|morning	ALL	maftir	-
2022-05-12	chul|Thursday|Emor|Omer(26)|morning	ALL	torah	1:Leviticus:21:1:21:6 2:Leviticus:21:7:21:12 3:Leviticus:21:13:21:15
2022-05-14	EY|shabbos|Behar|Omer(28)|afternoon	ALL	haftarah	-
2022-05-14	EY|shabbos|Behar|Omer(28)|afternoon	ALL	maftir	-
2022-05-14	EY|shabbos|Behar|Omer(28)|afternoon	ALL	torah	1:Leviticus:26:3:26:5 2:Leviticus:26:6:26:9 3:Leviticus:26:10:26:13
2022-05-14	EY|shabbos|Behar|Omer(28)|morning	ALL	maftir	Leviticus:25:55:26:2
2022-05-14	EY|shabbos|Behar|Omer(28)|morning	ALL	torah	1:Leviticus:25:1:25:13 2:Leviticus:25:14:25:18 3:Leviticus:25:19:25:24 4:Leviticus:25:25:25:28 5:Leviticus:25:29:25:38 6:Leviticus:25:39:25:46 7:Leviticus:25:47:26:2
2022-05-14	EY|shabbos|Behar|Omer(28)|morning	Agadir+Algeria+Algiers+Ashkenaz+Bavlim+ChayeyOdom+Djerba+Fes+Frankfurt+Hagra+Libya+Lita+Magreb+Marrakesh+Morocco+Persia+PureSephardim+Romania+Sefard+Toshbim	haftarah	Jeremiah:32:6:32:27
2022-05-14	EY|shabbos|Behar|Omer(28)|morning	Baladi+Italki+Shami+Teiman	haftarah	Jeremiah:16:19:17:14
2022-05-14	EY|shabbos|Behar|Omer(28)|morning	Chabad+Poznan	haftarah	Jeremiah:32:6:32:22
2022-05-14	chul|shabbos|Emor|Omer(28)|afternoon	ALL	haftarah	-
2022-05-14	chul|shabbos|Emor|Omer(28)|afternoon	ALL	maftir	-
2022-05-14	chul|shabbos|Emor|Omer(28)|afternoon	ALL	torah	1:Leviticus:25:1:25:3 2:Leviticus:25:4:25:7 3:Leviticus:25:8:25:13
2022-05-14	chul|shabbos|Emor|Omer(28)|morning	ALL	haftarah	Ezekiel:44:15:44:31
2022-05-14	chul|shabbos|Emor|Omer(28)|morning	ALL	maftir	Leviticus:24:21:24:23
2022-05-14	chul|shabbos|Emor|Omer(28)|morning	ALL	torah	1:Leviticus:21:1:21:15 2:Leviticus:21:16:22:16 3:Leviticus:22:17:22:33 4:Leviticus:23:1:23:22 5:Leviticus:23:23:23:32 6:Leviticus:23:33:23:44 7:Leviticus:24:1:24:23
2022-05-16	EY|Monday|Bechukosai|Omer(30)|morning	ALL	haftarah	-
2022-05-16	EY|Monday|Bechukosai|Omer(30)|morning	ALL	maftir	-
2022-05-16	EY|Monday|Bechukosai|Omer(30)|morning	ALL	torah	1:Leviticus:26:3:26:5 2:Leviticus:26:6:26:9 3:Leviticus:26:10:26:13
2022-05-16	chul|Monday|Behar|Omer(30)|morning	ALL	haftarah	-
2022-05-16	chul|Monday|Behar|Omer(30)|morning	ALL	maftir	-
2022-05-16	chul|Monday|Behar|Omer(30)|morning	ALL	torah	1:Leviticus:25:1:25:3 2:Leviticus:25:4:25:7 3:Leviticus:25:8:25:13
2022-05-19	EY|Thursday|Bechukosai|Omer(33)|morning	ALL	haftarah	-
2022-05-19	EY|Thursday|Bechukosai|Omer(33)|morning	ALL	maftir	-
2022-05-19	EY|Thursday|Bechukosai|Omer(33)|morning	ALL	torah	1:Leviticus:26:3:26:5 2:Leviticus:26:6:26:9 3:Leviticus:26:10:26:13
2022-05-19	chul|Thursday|Behar|Omer(33)|morning	ALL	haftarah	-
2022-05-19	chul|Thursday|Behar|Omer(33)|morning	ALL	maftir	-
2022-05-19	chul|Thursday|Behar|Omer(33)|morning	ALL	torah	1:Leviticus:25:1:25:3 2:Leviticus:25:4:25:7 3:Leviticus:25:8:25:13
2022-05-21	EY|shabbos|Bechukosai|Omer(35)|afternoon	ALL	haftarah	-
2022-05-21	EY|shabbos|Bechukosai|Omer(35)|afternoon	ALL	maftir	-
2022-05-21	EY|shabbos|Bechukosai|Omer(35)|afternoon	ALL	torah	1:Numbers:1:1:1:4 2:Numbers:1:5:1:16 3:Numbers:1:17:1:19
2022-05-21	EY|shabbos|Bechukosai|Omer(35)|morning	ALL	maftir	Leviticus:27:32:27:34
2022-05-21	EY|shabbos|Bechukosai|Omer(35)|morning	ALL	torah	1:Leviticus:26:3:26:5 2:Leviticus:26:6:26:9 3:Leviticus:26:10:26:46 4:Leviticus:27:1:27:15 5:Leviticus:27:16:27:21 6:Leviticus:27:22:27:28 7:Leviticus:27:29:27:34
2022-05-21	EY|shabbos|Bechukosai|Omer(35)|morning	Agadir+Algeria+Algiers+Ashkenaz+Bavlim+Chabad+ChayeyOdom+Djerba+Fes+Frankfurt+Hagra+Libya+Lita+Magreb+Marrakesh+Morocco+Persia+PureSephardim+Romania+Sefard+Toshbim	haftarah	Jeremiah:16:19:17:14
2022-05-21	EY|shabbos|Bechukosai|Omer(35)|morning	Baladi+Shami+Teiman	haftarah	Ezekiel:34:1:34:27
2022-05-21	EY|shabbos|Bechukosai|Omer(35)|morning	Italki+Poznan	haftarah	Ezekiel:34:1:34:15
2022-05-21	chul|shabbos|Behar|Omer(35)|afternoon	ALL	haftarah	-
2022-05-21	chul|shabbos|Behar|Omer(35)|afternoon	ALL	maftir	-
2022-05-21	chul|shabbos|Behar|Omer(35)|afternoon	ALL	torah	1:Leviticus:26:3:26:5 2:Leviticus:26:6:26:9 3:Leviticus:26:10:26:13
2022-05-21	chul|shabbos|Behar|Omer(35)|morning	ALL	maftir	Leviticus:25:55:26:2
2022-05-21	chul|shabbos|Behar|Omer(35)|morning	ALL	torah	1:Leviticus:25:1:25:13 2:Leviticus:25:14:25:18 3:Leviticus:25:19:25:24 4:Leviticus:25:25:25:28 5:Leviticus:25:29:25:38 6:Leviticus:25:39:25:46 7:Leviticus:25:47:26:2
2022-05-21	chul|shabbos|Behar|Omer(35)|morning	Agadir+Algeria+Algiers+Ashkenaz+Bavlim+ChayeyOdom+Djerba+Fes+Frankfurt+Hagra+Libya+Lita+Magreb+Marrakesh+Morocco+Persia+PureSephardim+Romania+Sefard+Toshbim	haftarah	Jeremiah:32:6:32:27
2022-05-21	chul|shabbos|Behar|Omer(35)|morning	Baladi+Italki+Shami+Teiman	haftarah	Jeremiah:16:19:17:14
2022-05-21	chul|shabbos|Behar|Omer(35)|morning	Chabad+Poznan	haftarah	Jeremiah:32:6:32:22
2022-05-23	EY|Monday|Bemidbar|Omer(37)|morning	ALL	haftarah	-
2022-05-23	EY|Monday|Bemidbar|Omer(37)|morning	ALL	maftir	-
2022-05-23	EY|Monday|Bemidbar|Omer(37)|morning	ALL	torah	1:Numbers:1:1:1:4 2:Numbers:1:5:1:16 3:Numbers:1:17:1:19
2022-05-23	chul|Monday|Bechukosai|Omer(37)|morning	ALL	haftarah	-
2022-05-23	chul|Monday|Bechukosai|Omer(37)|morning	ALL	maftir	-
2022-05-23	chul|Monday|Bechukosai|Omer(37)|morning	ALL	torah	1:Leviticus:26:3:26:5 2:Leviticus:26:6:26:9 3:Leviticus:26:10:26:13
2022-05-26	EY|Thursday|Bemidbar|Omer(40)|morning	ALL	haftarah	-
2022-05-26	EY|Thursday|Bemidbar|Omer(40)|morning	ALL	maftir	-
2022-05-26	EY|Thursday|Bemidbar|Omer(40)|morning	ALL	torah	1:Numbers:1:1:1:4 2:Numbers:1:5:1:16 3:Numbers:1:17:1:19
2022-05-26	chul|Thursday|Bechukosai|Omer(40)|morning	ALL	haftarah	-
2022-05-26	chul|Thursday|Bechukosai|Omer(40)|morning	ALL	maftir	-
2022-05-26	chul|Thursday|Bechukosai|Omer(40)|morning	ALL	torah	1:Leviticus:26:3:26:5 2:Leviticus:26:6:26:9 3:Leviticus:26:10:26:13
2022-05-28	EY|shabbos|Bemidbar|Omer(42)|afternoon	ALL	haftarah	-
2022-05-28	EY|shabbos|Bemidbar|Omer(42)|afternoon	ALL	maftir	-
2022-05-28	EY|shabbos|Bemidbar|Omer(42)|afternoon	ALL	torah	1:Numbers:4:21:4:24 2:Numbers:4:25:4:28 3:Numbers:4:29:4:37
2022-05-28	EY|shabbos|Bemidbar|Omer(42)|morning	ALL	haftarah	Hosea:2:1:2:22
2022-05-28	EY|shabbos|Bemidbar|Omer(42)|morning	ALL	maftir	Numbers:4:17:4:20
2022-05-28	EY|shabbos|Bemidbar|Omer(42)|morning	ALL	torah	1:Numbers:1:1:1:19 2:Numbers:1:20:1:54 3:Numbers:2:1:2:34 4:Numbers:3:1:3:13 5:Numbers:3:14:3:39 6:Numbers:3:40:3:51 7:Numbers:4:1:4:20
2022-05-28	chul|shabbos|Bechukosai|Omer(42)|afternoon	ALL	haftarah	-
2022-05-28	chul|shabbos|Bechukosai|Omer(42)|afternoon	ALL	maftir	-
2022-05-28	chul|shabbos|Bechukosai|Omer(42)|afternoon	ALL	torah	1:Numbers:1:1:1:4 2:Numbers:1:5:1:16 3:Numbers:1:17:1:19
2022-05-28	chul|shabbos|Bechukosai|Omer(42)|morning	ALL	maftir	Leviticus:27:32:27:34
2022-05-28	chul|shabbos|Bechukosai|Omer(42)|morning	ALL	torah	1:Leviticus:26:3:26:5 2:Leviticus:26:6:26:9 3:Leviticus:26:10:26:46 4:Leviticus:27:1:27:15 5:Leviticus:27:16:27:21 6:Leviticus:27:22:27:28 7:Leviticus:27:29:27:34
2022-05-28	chul|shabbos|Bechukosai|Omer(42)|morning	Agadir+Algeria+Algiers+Ashkenaz+Bavlim+Chabad+ChayeyOdom+Djerba+Fes+Frankfurt+Hagra+Libya+Lita+Magreb+Marrakesh+Morocco+Persia+PureSephardim+Romania+Sefard+Toshbim	haftarah	Jeremiah:16:19:17:14
2022-05-28	chul|shabbos|Bechukosai|Omer(42)|morning	Baladi+Shami+Teiman	haftarah	Ezekiel:34:1:34:27
2022-05-28	chul|shabbos|Bechukosai|Omer(42)|morning	Italki+Poznan	haftarah	Ezekiel:34:1:34:15
2022-05-30	EY|Monday|Nasso|ErevRoshChodesh+Omer(44)|morning	ALL	haftarah	-
2022-05-30	EY|Monday|Nasso|ErevRoshChodesh+Omer(44)|morning	ALL	maftir	-
2022-05-30	EY|Monday|Nasso|ErevRoshChodesh+Omer(44)|morning	ALL	torah	1:Numbers:4:21:4:24 2:Numbers:4:25:4:28 3:Numbers:4:29:4:37
2022-05-30	chul|Monday|Bemidbar|ErevRoshChodesh+Omer(44)|morning	ALL	haftarah	-
2022-05-30	chul|Monday|Bemidbar|ErevRoshChodesh+Omer(44)|morning	ALL	maftir	-
2022-05-30	chul|Monday|Bemidbar|ErevRoshChodesh+Omer(44)|morning	ALL	torah	1:Numbers:1:1:1:4 2:Numbers:1:5:1:16 3:Numbers:1:17:1:19
2022-05-31	EY|Tuesday|Nasso|Omer(45)+RoshChodesh|morning	ALL	haftarah	-
2022-05-31	EY|Tuesday|Nasso|Omer(45)+RoshChodesh|morning	ALL	maftir	-
2022-05-31	EY|Tuesday|Nasso|Omer(45)+RoshChodesh|morning	Agadir+Algeria+Algiers+Ashkenaz+Baladi+Bavlim+Chabad+ChayeyOdom+Djerba+Fes+Frankfurt+Italki+Libya+Lita+Magreb+Marrakesh+Morocco+Persia+Poznan+PureSephardim+Romania+Sefard+Shami+Teiman+Toshbim	torah	1:Numbers:28:1:28:3 2:Numbers:28:3:28:5 3:Numbers:28:6:28:10 4:Numbers:28:11:28:15
2022-05-31	EY|Tuesday|Nasso|Omer(45)+RoshChodesh|morning	Hagra	torah	1:Numbers:28:1:28:3 2:Numbers:28:4:28:8 3:Numbers:28:6:28:10 4:Numbers:28:11:28:15
2022-05-31	chul|Tuesday|Bemidbar|Omer(45)+RoshChodesh|morning	ALL	haftarah	-
2022-05-31	chul|Tuesday|Bemidbar|Omer(45)+RoshChodesh|morning	ALL	maftir	-
2022-05-31	chul|Tuesday|Bemidbar|Omer(45)+RoshChodesh|morning	Agadir+Algeria+Algiers+Ashkenaz+Baladi+Bavlim+Chabad+ChayeyOdom+Djerba+Fes+Frankfurt+Italki+Libya+Lita+Magreb+Marrakesh+Morocco+Persia+Poznan+PureSephardim+Romania+Sefard+Shami+Teiman+Toshbim	torah	1:Numbers:28:1:28:3 2:Numbers:28:3:28:5 3:Numbers:28:6:28:10 4:Numbers:28:11:28:15
2022-05-31	chul|Tuesday|Bemidbar|Omer(45)+RoshChodesh|morning	Hagra	torah	1:Numbers:28:1:28:3 2:Numbers:28:4:28:8 3:Numbers:28:6:28:10 4:Numbers:28:11:28:15
2022-06-02	EY|Thursday|Nasso|Omer(47)|morning	ALL	haftarah	-
2022-06-02	EY|Thursday|Nasso|Omer(47)|morning	ALL	maftir	-
2022-06-02	EY|Thursday|Nasso|Omer(47)|morning	ALL	torah	1:Numbers:4:21:4:24 2:Numbers:4:25:4:28 3:Numbers:4:29:4:37
2022-06-02	chul|Thursday|Bemidbar|Omer(47)|morning	ALL	haftarah	-
2022-06-02	chul|Thursday|Bemidbar|Omer(47)|morning	ALL	maftir	-
2022-06-02	chul|Thursday|Bemidbar|Omer(47)|morning	ALL	torah	1:Numbers:1:1:1:4 2:Numbers:1:5:1:16 3:Numbers:1:17:1:19
2022-06-04	EY|shabbos|Nasso|Omer(49)|afternoon	ALL	haftarah	-
2022-06-04	EY|shabbos|Nasso|Omer(49)|afternoon	ALL	maftir	-
2022-06-04	EY|shabbos|Nasso|Omer(49)|afternoon	ALL	torah	1:Numbers:8:1:8:4 2:Numbers:8:5:8:9 3:Numbers:8:10:8:14
2022-06-04	EY|shabbos|Nasso|Omer(49)|morning	ALL	maftir	Numbers:7:87:7:89
2022-06-04	EY|shabbos|Nasso|Omer(49)|morning	Agadir+Algeria+Algiers+Ashkenaz+Baladi+Bavlim+ChayeyOdom+Djerba+Fes+Frankfurt+Hagra+Italki+Libya+Lita+Magreb+Marrakesh+Morocco+Persia+Poznan+PureSephardim+Romania+Sefard+Shami+Teiman+Toshbim	torah	1:Numbers:4:21:4:37 2:Numbers:4:38:4:49 3:Numbers:5:1:5:10 4:Numbers:5:11:6:27 5:Numbers:7:1:7:41 6:Numbers:7:42:7:71 7:Numbers:7:72:7:89
2022-06-04	EY|shabbos|Nasso|Omer(49)|morning	Agadir+Algeria+Algiers+Ashkenaz+Bavlim+Chabad+ChayeyOdom+Djerba+Fes+Frankfurt+Hagra+Italki+Libya+Lita+Magreb+Marrakesh+Morocco+Persia+Poznan+PureSephardim+Romania+Sefard+Toshbim	haftarah	Judges:13:2:13:25
2022-06-04	EY|shabbos|Nasso|Omer(49)|morning	Baladi+Shami+Teiman	haftarah	Judges:13:2:13:24
2022-06-04	EY|shabbos|Nasso|Omer(49)|morning	Chabad	torah	1:Numbers:4:21:4:37 2:Numbers:4:38:4:49 3:Numbers:5:1:5:10 4:Numbers:5:11:6:27 5:Numbers:7:1:7:41 6:Numbers:7:42:7:83 7:Numbers:7:84:7:89
2022-06-04	chul|shabbos|Bemidbar|Omer(49)|afternoon	ALL	haftarah	-
2022-06-04	chul|shabbos|Bemidbar|Omer(49)|afternoon	ALL	maftir	-
2022-06-04	chul|shabbos|Bemidbar|Omer(49)|afternoon	ALL	torah	1:Numbers:4:21:4:24 2:Numbers:4:25:4:28 3:Numbers:4:29:4:37
2022-06-04	chul|shabbos|Bemidbar|Omer(49)|morning	ALL	haftarah	Hosea:2:1:2:22
2022-06-04	chul|shabbos|Bemidbar|Omer(49)|morning	ALL	maftir	Numbers:4:17:4:20
2022-06-04	chul|shabbos|Bemidbar|Omer(49)|morning	ALL	torah	1:Numbers:1:1:1:19 2:Numbers:1:20:1:54 3:Numbers:2:1:2:34 4:Numbers:3:1:3:13 5:Numbers:3:14:3:39 6:Numbers:3:40:3:51 7:Numbers:4:1:4:20
2022-06-05	EY|Sunday|Beha_aloscha|Shavuos1|morning	ALL	maftir	Numbers:28:26:28:31
2022-06-05	EY|Sunday|Beha_aloscha|Shavuos1|morning	ALL	torah	1:Exodus:19:1:19:6 2:Exodus:19:7:19:13 3:Exodus:19:14:19:19 4:Exodus:19:20:20:14 5:Exodus:20:15:20:22
2022-06-05	EY|Sunday|Beha_aloscha|Shavuos1|morning	Agadir+Algeria+Algiers+Ashkenaz+Bavlim+Chabad+ChayeyOdom+Djerba+Fes+Frankfurt+Hagra+Italki+Libya+Lita+Magreb+Marrakesh+Morocco+Persia+Poznan+PureSephardim+Romania+Sefard+Toshbim	haftarah	Ezekiel:1:1:1:28 Ezekiel:3:12:3:12
2022-06-05	EY|Sunday|Beha_aloscha|Shavuos1|morning	Baladi+Shami+Teiman	haftarah	Ezekiel:1:1:2:2 Ezekiel:3:12:3:12
2022-06-05	chul|Sunday|Nasso|Shavuos1|morning	ALL	maftir	Numbers:28:26:28:31
2022-06-05	chul|Sunday|Nasso|Shavuos1|morning	ALL	torah	1:Exodus:19:1:19:6 2:Exodus:19:7:19:13 3:Exodus:19:14:19:19 4:Exodus:19:20:20:14 5:Exodus:20:15:20:22
2022-06-05	chul|Sunday|Nasso|Shavuos1|morning	Agadir+Algeria+Algiers+Ashkenaz+Bavlim+Chabad+ChayeyOdom+Djerba+Fes+Frankfurt+Hagra+Italki+Libya+Lita+Magreb+Marrakesh+Morocco+Persia+Poznan+PureSephardim+Romania+Sefard+Toshbim	haftarah	Ezekiel:1:1:1:28 Ezekiel:3:12:3:12
2022-06-05	chul|Sunday|Nasso|Shavuos1|morning	Baladi+Shami+Teiman	haftarah	Ezekiel:1:1:2:2 Ezekiel:3:12:3:12
2022-06-06	chul|Monday|Nasso|Shavuos2|morning	ALL	maftir	Numbers:28:26:28:31
2022-06-06	chul|Monday|Nasso|Shavuos2|morning	ALL	torah	1:Deuteronomy:15:19:15:23 2:Deuteronomy:16:1:16:3 3:Deuteronomy:16:4:16:8 4:Deuteronomy:16:9:16:12 5:Deuteronomy:16:13:16:17
2022-06-06	chul|Monday|Nasso|Shavuos2|morning	Agadir+Algeria+Algiers+Baladi+Bavlim+Chabad+Djerba+Fes+Italki+Libya+Magreb+Marrakesh+Morocco+Persia+PureSephardim+Sefard+Shami+Teiman+Toshbim	haftarah	Habakkuk:2:20:3:19
2022-06-06	chul|Monday|Nasso|Shavuos2|morning	Ashkenaz+ChayeyOdom+Frankfurt+Hagra+Lita+Poznan+Romania	haftarah	Habakkuk:3:1:3:19
2022-06-29	EY|Wednesday|Chukas|ErevRoshChodesh+RoshChodesh|morning	ALL	haftarah	-
2022-06-29	EY|Wednesday|Chukas|ErevRoshChodesh+RoshChodesh|morning	ALL	maftir	-
2022-06-29	EY|Wednesday|Chukas|ErevRoshChodesh+RoshChodesh|morning	Agadir+Algeria+Algiers+Ashkenaz+Baladi+Bavlim+Chabad+ChayeyOdom+Djerba+Fes+Frankfurt+Italki+Libya+Lita+Magreb+Marrakesh+Morocco+Persia+Poznan+PureSephardim+Romania+Sefard+Shami+Teiman+Toshbim	torah	1:Numbers:28:1:28:3 2:Numbers:28:3:28:5 3:Numbers:28:6:28:10 4:Numbers:28:11:28:15
2022-06-29	EY|Wednesday|Chukas|ErevRoshChodesh+RoshChodesh|morning	Hagra	torah	1:Numbers:28:1:28:3 2:Numbers:28:4:28:8 3:Numbers:28:6:28:10 4:Numbers:28:11:28:15
2022-06-29	chul|Wednesday|Korach|ErevRoshChodesh+RoshChodesh|morning	ALL	haftarah	-
2022-06-29	chul|Wednesday|Korach|ErevRoshChodesh+RoshChodesh|morning	ALL	maftir	-
2022-06-29	chul|Wednesday|Korach|ErevRoshChodesh+RoshChodesh|morning	Agadir+Algeria+Algiers+Ashkenaz+Baladi+Bavlim+Chabad+ChayeyOdom+Djerba+Fes+Frankfurt+Italki+Libya+Lita+Magreb+Marrakesh+Morocco+Persia+Poznan+PureSephardim+Romania+Sefard+Shami+Teiman+Toshbim	torah	1:Numbers:28:1:28:3 2:Numbers:28:3:28:5 3:Numbers:28:6:28:10 4:Numbers:28:11:28:15
2022-06-29	chul|Wednesday|Korach|ErevRoshChodesh+RoshChodesh|morning	Hagra	torah	1:Numbers:28:1:28:3 2:Numbers:28:4:28:8 3:Numbers:28:6:28:10 4:Numbers:28:11:28:15
2022-06-30	EY|Thursday|Chukas|RoshChodesh|morning	ALL	haftarah	-
2022-06-30	EY|Thursday|Chukas|RoshChodesh|morning	ALL	maftir	-
2022-06-30	EY|Thursday|Chukas|RoshChodesh|morning	Agadir+Algeria+Algiers+Ashkenaz+Baladi+Bavlim+Chabad+ChayeyOdom+Djerba+Fes+Frankfurt+Italki+Libya+Lita+Magreb+Marrakesh+Morocco+Persia+Poznan+PureSephardim+Romania+Sefard+Shami+Teiman+Toshbim	torah	1:Numbers:28:1:28:3 2:Numbers:28:3:28:5 3:Numbers:28:6:28:10 4:Numbers:28:11:28:15
2022-06-30	EY|Thursday|Chukas|RoshChodesh|morning	Hagra	torah	1:Numbers:28:1:28:3 2:Numbers:28:4:28:8 3:Numbers:28:6:28:10 4:Numbers:28:11:28:15
2022-06-30	chul|Thursday|Korach|RoshChodesh|morning	ALL	haftarah	-
2022-06-30	chul|Thursday|Korach|RoshChodesh|morning	ALL	maftir	-
2022-06-30	chul|Thursday|Korach|RoshChodesh|morning	Agadir+Algeria+Algiers+Ashkenaz+Baladi+Bavlim+Chabad+ChayeyOdom+Djerba+Fes+Frankfurt+Italki+Libya+Lita+Magreb+Marrakesh+Morocco+Persia+Poznan+PureSephardim+Romania+Sefard+Shami+Teiman+Toshbim	torah	1:Numbers:28:1:28:3 2:Numbers:28:3:28:5 3:Numbers:28:6:28:10 4:Numbers:28:11:28:15
2022-06-30	chul|Thursday|Korach|RoshChodesh|morning	Hagra	torah	1:Numbers:28:1:28:3 2:Numbers:28:4:28:8 3:Numbers:28:6:28:10 4:Numbers:28:11:28:15
2022-07-17	EY|Sunday|Mattos|FastOfTammuz|afternoon	ALL	maftir	-
2022-07-17	EY|Sunday|Mattos|FastOfTammuz|afternoon	ALL	torah	1:Exodus:32:11:32:14 2:Exodus:34:1:34:3 3:Exodus:34:4:34:10
2022-07-17	EY|Sunday|Mattos|FastOfTammuz|afternoon	Agadir+Baladi+Bavlim+Djerba+Fes+Libya+Magreb+Morocco+Persia+PureSephardim+Sefard+Shami+Teiman+Toshbim	haftarah	-
2022-07-17	EY|Sunday|Mattos|FastOfTammuz|afternoon	Algeria+Marrakesh	haftarah	Hosea:14:2:14:10 Micah:7:18:7:20
2022-07-17	EY|Sunday|Mattos|FastOfTammuz|afternoon	Algiers+Ashkenaz+Chabad+ChayeyOdom+Frankfurt+Hagra+Italki+Lita+Poznan+Romania	haftarah	Isaiah:55:6:56:8
2022-07-17	EY|Sunday|Mattos|FastOfTammuz|morning	ALL	haftarah	-
2022-07-17	EY|Sunday|Mattos|FastOfTammuz|morning	ALL	maftir	-
2022-07-17	EY|Sunday|Mattos|FastOfTammuz|morning	ALL	torah	1:Exodus:32:11:32:14 2:Exodus:34:1:34:3 3:Exodus:34:4:34:10
2022-07-18	EY|Monday|Mattos|-|morning	ALL	haftarah	-
2022-07-18	EY|Monday|Mattos|-|morning	ALL	maftir	-
2022-07-18	EY|Monday|Mattos|-|morning	ALL	torah	1:Numbers:30:2:30:9 2:Numbers:30:10:30:13 3:Numbers:30:14:30:17
2022-07-21	EY|Thursday|Mattos|-|morning	ALL	haftarah	-
2022-07-21	EY|Thursday|Mattos|-|morning	ALL	maftir	-
2022-07-21	EY|Thursday|Mattos|-|morning	ALL	torah	1:Numbers:30:2:30:9 2:Numbers:30:10:30:13 3:Numbers:30:14:30:17
2022-07-23	EY|shabbos|Mattos|-|afternoon	ALL	haftarah	-
2022-07-23	EY|shabbos|Mattos|-|afternoon	ALL	maftir	-
2022-07-23	EY|shabbos|Mattos|-|afternoon	ALL	torah	1:Numbers:33:1:33:3 2:Numbers:33:4:33:49 3:Numbers:33:50:33:53
2022-07-23	EY|shabbos|Mattos|-|morning	ALL	maftir	Numbers:32:39:32:42
2022-07-23	EY|shabbos|Mattos|-|morning	ALL	torah	1:Numbers:30:2:30:17 2:Numbers:31:1:31:12 3:Numbers:31:13:31:24 4:Numbers:31:25:31:41 5:Numbers:31:42:31:54 6:Numbers:32:1:32:19 7:Numbers:32:20:32:42
2022-07-23	EY|shabbos|Mattos|-|morning	Agadir+Algeria+Algiers+Ashkenaz+Bavlim+Chabad+ChayeyOdom+Djerba+Fes+Frankfurt+Hagra+Libya+Lita+Magreb+Marrakesh+Morocco+Persia+Poznan+PureSephardim+Romania+Sefard+Toshbim	haftarah	Jeremiah:1:1:2:3
2022-07-23	EY|shabbos|Mattos|-|morning	Baladi+Shami+Teiman	haftarah	Jeremiah:1:1:1:19
2022-07-23	EY|shabbos|Mattos|-|morning	Italki	haftarah	Joshua:13:15:13:33
2022-07-25	EY|Monday|Masei|-|morning	ALL	haftarah	-
2022-07-25	EY|Monday|Masei|-|morning	ALL	maftir	-
2022-07-25	EY|Monday|Masei|-|morning	ALL	torah	1:Numbers:33:1:33:3 2:Numbers:33:4:33:49 3:Numbers:33:50:33:53
2022-07-28	EY|Thursday|Masei|ErevRoshChodesh|morning	ALL	haftarah	-
2022-07-28	EY|Thursday|Masei|ErevRoshChodesh|morning	ALL	maftir	-
2022-07-28	EY|Thursday|Masei|ErevRoshChodesh|morning	ALL	torah	1:Numbers:33:1:33:3 2:Numbers:33:4:33:49 3:Numbers:33:50:33:53
2022-07-28	chul|Thursday|Mattos-Masei|ErevRoshChodesh|morning	ALL	haftarah	-
2022-07-28	chul|Thursday|Mattos-Masei|ErevRoshChodesh|morning	ALL	maftir	-
2022-07-28	chul|Thursday|Mattos-Masei|ErevRoshChodesh|morning	ALL	torah	1:Numbers:30:2:30:9 2:Numbers:30:10:30:13 3:Numbers:30:14:30:17
2022-07-29	EY|Friday|Masei|RoshChodesh|morning	ALL	haftarah	-
2022-07-29	EY|Friday|Masei|RoshChodesh|morning	ALL	maftir	-
2022-07-29	EY|Friday|Masei|RoshChodesh|morning	Agadir+Algeria+Algiers+Ashkenaz+Baladi+Bavlim+Chabad+ChayeyOdom+Djerba+Fes+Frankfurt+Italki+Libya+Lita+Magreb+Marrakesh+Morocco+Persia+Poznan+PureSephardim+Romania+Sefard+Shami+Teiman+Toshbim	torah	1:Numbers:28:1:28:3 2:Numbers:28:3:28:5 3:Numbers:28:6:28:10 4:Numbers:28:11:28:15
2022-07-29	EY|Friday|Masei|RoshChodesh|morning	Hagra	torah	1:Numbers:28:1:28:3 2:Numbers:28:4:28:8 3:Numbers:28:6:28:10 4:Numbers:28:11:28:15
2022-07-29	chul|Friday|Mattos-Masei|RoshChodesh|morning	ALL	haftarah	-
2022-07-29	chul|Friday|Mattos-Masei|RoshChodesh|morning	ALL	maftir	-
2022-07-29	chul|Friday|Mattos-Masei|RoshChodesh|morning	Agadir+Algeria+Algiers+Ashkenaz+Baladi+Bavlim+Chabad+ChayeyOdom+Djerba+Fes+Frankfurt+Italki+Libya+Lita+Magreb+Marrakesh+Morocco+Persia+Poznan+PureSephardim+Romania+Sefard+Shami+Teiman+Toshbim	torah	1:Numbers:28:1:28:3 2:Numbers:28:3:28:5 3:Numbers:28:6:28:10 4:Numbers:28:11:28:15
2022-07-29	chul|Friday|Mattos-Masei|RoshChodesh|morning	Hagra	torah	1:Numbers:28:1:28:3 2:Numbers:28:4:28:8 3:Numbers:28:6:28:10 4:Numbers:28:11:28:15
2022-07-30	EY|shabbos|Masei|-|afternoon	ALL	haftarah	-
2022-07-30	EY|shabbos|Masei|-|afternoon	ALL	maftir	-
2022-07-30	EY|shabbos|Masei|-|afternoon	ALL	torah	1:Deuteronomy:1:1:1:3 2:Deuteronomy:1:4:1:7 3:Deuteronomy:1:8:1:10
2022-07-30	EY|shabbos|Masei|-|morning	ALL	maftir	Numbers:36:11:36:13
2022-07-30	EY|shabbos|Masei|-|morning	Agadir+Algeria+Algiers+Baladi+Bavlim+Chabad+Djerba+Fes+Libya+Magreb+Marrakesh+Morocco+Persia+PureSephardim+Romania+Sefard+Shami+Teiman+Toshbim	torah	1:Numbers:33:1:33:49 2:Numbers:33:50:33:53 3:Numbers:33:54:34:15 4:Numbers:34:16:34:29 5:Numbers:35:1:35:8 6:Numbers:35:9:35:34 7:Numbers:36:1:36:13
2022-07-30	EY|shabbos|Masei|-|morning	Agadir+Algeria+Algiers+Bavlim+Chabad+Djerba+Fes+Libya+Magreb+Marrakesh+Morocco+Persia+PureSephardim+Romania+Sefard+Shami+Toshbim	haftarah	Jeremiah:2:4:2:28 Jeremiah:4:1:4:2
2022-07-30	EY|shabbos|Masei|-|morning	Ashkenaz+ChayeyOdom+Frankfurt+Hagra+Italki+Lita+Poznan	torah	1:Numbers:33:1:33:10 2:Numbers:33:11:33:49 3:Numbers:33:50:34:15 4:Numbers:34:16:34:29 5:Numbers:35:1:35:8 6:Numbers:35:9:35:34 7:Numbers:36:1:36:13
2022-07-30	EY|shabbos|Masei|-|morning	Ashkenaz+ChayeyOdom+Frankfurt+Hagra+Lita+Poznan	haftarah	Jeremiah:2:4:2:28 Jeremiah:3:4:3:4
2022-07-30	EY|shabbos|Masei|-|morning	Baladi+Teiman	haftarah	Isaiah:1:1:1:20
2022-07-30	EY|shabbos|Masei|-|morning	Italki	haftarah	Joshua:19:21:21:3
2022-08-27	EY|shabbos|Re_eh|ErevRoshChodesh+RoshChodesh|afternoon	ALL	haftarah	-
2022-08-27	EY|shabbos|Re_eh|ErevRoshChodesh+RoshChodesh|afternoon	ALL	maftir	-
2022-08-27	EY|shabbos|Re_eh|ErevRoshChodesh+RoshChodesh|afternoon	ALL	torah	1:Deuteronomy:16:18:16:20 2:Deuteronomy:16:21:17:10 3:Deuteronomy:17:11:17:13
2022-08-27	EY|shabbos|Re_eh|ErevRoshChodesh+RoshChodesh|morning	ALL	maftir	Numbers:28:9:28:15
2022-08-27	EY|shabbos|Re_eh|ErevRoshChodesh+RoshChodesh|morning	ALL	torah	1:Deuteronomy:11:26:12:10 2:Deuteronomy:12:11:12:28 3:Deuteronomy:12:29:13:19 4:Deuteronomy:14:1:14:21 5:Deuteronomy:14:22:14:29 6:Deuteronomy:15:1:15:18 7:Deuteronomy:15:19:16:17
2022-08-27	EY|shabbos|Re_eh|ErevRoshChodesh+RoshChodesh|morning	Agadir+Algeria+Algiers+Ashkenaz+Baladi+Bavlim+ChayeyOdom+Djerba+Frankfurt+Hagra+Italki+Libya+Lita+Magreb+Marrakesh+Morocco+Persia+Poznan+PureSephardim+Romania+Sefard+Shami+Teiman+Toshbim	haftarah	Isaiah:54:11:55:5
2022-08-27	EY|shabbos|Re_eh|ErevRoshChodesh+RoshChodesh|morning	Chabad	haftarah	Isaiah:66:1:66:24 Isaiah:66:23:66:23 SamuelI:20:18:20:18 SamuelI:20:42:20:42
2022-08-27	EY|shabbos|Re_eh|ErevRoshChodesh+RoshChodesh|morning	Fes	haftarah	Isaiah:54:11:55:5 SamuelI:20:18:20:18 SamuelI:20:42:20:42
2022-08-27	chul|shabbos|Re_eh|ErevRoshChodesh+RoshChodesh|afternoon	ALL	haftarah	-
2022-08-27	chul|shabbos|Re_eh|ErevRoshChodesh+RoshChodesh|afternoon	ALL	maftir	-
2022-08-27	chul|shabbos|Re_eh|ErevRoshChodesh+RoshChodesh|afternoon	ALL	torah	1:Deuteronomy:16:18:16:20 2:Deuteronomy:16:21:17:10 3:Deuteronomy:17:11:17:13
2022-08-27	chul|shabbos|Re_eh|ErevRoshChodesh+RoshChodesh|morning	ALL	maftir	Numbers:28:9:28:15
2022-08-27	chul|shabbos|Re_eh|ErevRoshChodesh+RoshChodesh|morning	ALL	torah	1:Deuteronomy:11:26:12:10 2:Deuteronomy:12:11:12:28 3:Deuteronomy:12:29:13:19 4:Deuteronomy:14:1:14:21 5:Deuteronomy:14:22:14:29 6:Deuteronomy:15:1:15:18 7:Deuteronomy:15:19:16:17
2022-08-27	chul|shabbos|Re_eh|ErevRoshChodesh+RoshChodesh|morning	Agadir+Algeria+Algiers+Ashkenaz+Baladi+Bavlim+ChayeyOdom+Djerba+Frankfurt+Hagra+Italki+Libya+Lita+Magreb+Marrakesh+Morocco+Persia+Poznan+PureSephardim+Romania+Sefard+Shami+Teiman+Toshbim	haftarah	Isaiah:54:11:55:5
2022-08-27	chul|shabbos|Re_eh|ErevRoshChodesh+RoshChodesh|morning	Chabad	haftarah	Isaiah:66:1:66:24 Isaiah:66:23:66:23 SamuelI:20:18:20:18 SamuelI:20:42:20:42
2022-08-27	chul|shabbos|Re_eh|ErevRoshChodesh+RoshChodesh|morning	Fes	haftarah	Isaiah:54:11:55:5 SamuelI:20:18:20:18 SamuelI:20:42:20:42
2022-08-28	EY|Sunday|Shoftim|RoshChodesh|morning	ALL	haftarah	-
2022-08-28	EY|Sunday|Shoftim|RoshChodesh|morning	ALL	maftir	-
2022-08-28	EY|Sunday|Shoftim|RoshChodesh|morning	Agadir+Algeria+Algiers+Ashkenaz+Baladi+Bavlim+Chabad+ChayeyOdom+Djerba+Fes+Frankfurt+Italki+Libya+Lita+Magreb+Marrakesh+Morocco+Persia+Poznan+PureSephardim+Romania+Sefard+Shami+Teiman+Toshbim	torah	1:Numbers:28:1:28:3 2:Numbers:28:3:28:5 3:Numbers:28:6:28:10 4:Numbers:28:11:28:15
2022-08-28	EY|Sunday|Shoftim|RoshChodesh|morning	Hagra	torah	1:Numbers:28:1:28:3 2:Numbers:28:4:28:8 3:Numbers:28:6:28:10 4:Numbers:28:11:28:15
2022-08-28	chul|Sunday|Shoftim|RoshChodesh|morning	ALL	haftarah	-
2022-08-28	chul|Sunday|Shoftim|RoshChodesh|morning	ALL	maftir	-
2022-08-28	chul|Sunday|Shoftim|RoshChodesh|morning	Agadir+Algeria+Algiers+Ashkenaz+Baladi+Bavlim+Chabad+ChayeyOdom+Djerba+Fes+Frankfurt+Italki+Libya+Lita+Magreb+Marrakesh+Morocco+Persia+Poznan+PureSephardim+Romania+Sefard+Shami+Teiman+Toshbim	torah	1:Numbers:28:1:28:3 2:Numbers:28:3:28:5 3:Numbers:28:6:28:10 4:Numbers:28:11:28:15
2022-08-28	chul|Sunday|Shoftim|RoshChodesh|morning	Hagra	torah	1:Numbers:28:1:28:3 2:Numbers:28:4:28:8 3:Numbers:28:6:28:10 4:Numbers:28:11:28:15
2024-02-10	EY|shabbos|Mishpatim|RoshChodesh|afternoon	ALL	haftarah	-
2024-02-10	EY|shabbos|Mishpatim|RoshChodesh|afternoon	ALL	maftir	-
2024-02-10	EY|shabbos|Mishpatim|RoshChodesh|afternoon	ALL	torah	1:Exodus:25:1:25:5 2:Exodus:25:6:25:9 3:Exodus:25:10:25:16
2024-02-10	EY|shabbos|Mishpatim|RoshChodesh|morning	ALL	haftarah	Isaiah:66:1:66:24 Isaiah:66:23:66:23
2024-02-10	EY|shabbos|Mishpatim|RoshChodesh|morning	ALL	maftir	Numbers:28:9:28:15
2024-02-10	EY|shabbos|Mishpatim|RoshChodesh|morning	ALL	torah	1:Exodus:21:1:21:19 2:Exodus:21:20:22:3 3:Exodus:22:4:22:26 4:Exodus:22:27:23:5 5:Exodus:23:6:23:19 6:Exodus:23:20:23:25 7:Exodus:23:26:24:18
2024-02-10	chul|shabbos|Mishpatim|RoshChodesh|afternoon	ALL	haftarah	-
2024-02-10	chul|shabbos|Mishpatim|RoshChodesh|afternoon	ALL	maftir	-
2024-02-10	chul|shabbos|Mishpatim|RoshChodesh|afternoon	ALL	torah	1:Exodus:25:1:25:5 2:Exodus:25:6:25:9 3:Exodus:25:10:25:16
2024-02-10	chul|shabbos|Mishpatim|RoshChodesh|morning	ALL	haftarah	Isaiah:66:1:66:24 Isaiah:66:23:66:23
2024-02-10	chul|shabbos|Mishpatim|RoshChodesh|morning	ALL	maftir	Numbers:28:9:28:15
2024-02-10	chul|shabbos|Mishpatim|RoshChodesh|morning	ALL	torah	1:Exodus:21:1:21:19 2:Exodus:21:20:22:3 3:Exodus:22:4:22:26 4:Exodus:22:27:23:5 5:Exodus:23:6:23:19 6:Exodus:23:20:23:25 7:Exodus:23:26:24:18
2024-03-09	EY|shabbos|Vayakhel|ErevRoshChodesh+ParshasShekalim|afternoon	ALL	haftarah	-
2024-03-09	EY|shabbos|Vayakhel|ErevRoshChodesh+ParshasShekalim|afternoon	ALL	maftir	-
2024-03-09	EY|shabbos|Vayakhel|ErevRoshChodesh+ParshasShekalim|afternoon	ALL	torah	1:Exodus:38:21:38:23 2:Exodus:38:24:38:27 3:Exodus:38:28:39:1
2024-03-09	EY|shabbos|Vayakhel|ErevRoshChodesh+ParshasShekalim|morning	ALL	maftir	Exodus:30:11:30:16
2024-03-09	EY|shabbos|Vayakhel|ErevRoshChodesh+ParshasShekalim|morning	ALL	torah	1:Exodus:35:1:35:20 2:Exodus:35:21:35:29 3:Exodus:35:30:36:7 4:Exodus:36:8:36:19 5:Exodus:36:20:37:16 6:Exodus:37:17:37:29 7:Exodus:38:1:38:20
2024-03-09	EY|shabbos|Vayakhel|ErevRoshChodesh+ParshasShekalim|morning	Agadir+Algeria+Algiers+Bavlim+Djerba+Libya+Magreb+Marrakesh+Morocco+Persia+PureSephardim+Sefard+Toshbim	haftarah	KingsII:11:17:12:17
2024-03-09	EY|shabbos|Vayakhel|ErevRoshChodesh+ParshasShekalim|morning	Ashkenaz+Baladi+ChayeyOdom+Frankfurt+Hagra+Italki+Lita+Poznan+Shami+Teiman	haftarah	KingsII:12:1:12:17
2024-03-09	EY|shabbos|Vayakhel|ErevRoshChodesh+ParshasShekalim|morning	Chabad	haftarah	KingsII:12:1:12:17 SamuelI:20:18:20:18 SamuelI:20:42:20:42
2024-03-09	EY|shabbos|Vayakhel|ErevRoshChodesh+ParshasShekalim|morning	Fes	haftarah	KingsII:11:17:12:17 SamuelI:20:18:20:18 SamuelI:20:42:20:42
2024-03-09	EY|shabbos|Vayakhel|ErevRoshChodesh+ParshasShekalim|morning	Romania	haftarah	Ezekiel:45:12:46:5
2024-03-09	chul|shabbos|Vayakhel|ErevRoshChodesh+ParshasShekalim|afternoon	ALL	haftarah	-
2024-03-09	chul|shabbos|Vayakhel|ErevRoshChodesh+ParshasShekalim|afternoon	ALL	maftir	-
2024-03-09	chul|shabbos|Vayakhel|ErevRoshChodesh+ParshasShekalim|afternoon	ALL	torah	1:Exodus:38:21:38:23 2:Exodus:38:24:38:27 3:Exodus:38:28:39:1
2024-03-09	chul|shabbos|Vayakhel|ErevRoshChodesh+ParshasShekalim|morning	ALL	maftir	Exodus:30:11:30:16
2024-03-09	chul|shabbos|Vayakhel|ErevRoshChodesh+ParshasShekalim|morning	ALL	torah	1:Exodus:35:1:35:20 2:Exodus:35:21:35:29 3:Exodus:35:30:36:7 4:Exodus:36:8:36:19 5:Exodus:36:20:37:16 6:Exodus:37:17:37:29 7:Exodus:38:1:38:20
2024-03-09	chul|shabbos|Vayakhel|ErevRoshChodesh+ParshasShekalim|morning	Agadir+Algeria+Algiers+Bavlim+Djerba+Libya+Magreb+Marrakesh+Morocco+Persia+PureSephardim+Sefard+Toshbim	haftarah	KingsII:11:17:12:17
2024-03-09	chul|shabbos|Vayakhel|ErevRoshChodesh+ParshasShekalim|morning	Ashkenaz+Baladi+ChayeyOdom+Frankfurt+Hagra+Italki+Lita+Poznan+Shami+Teiman	haftarah	KingsII:12:1:12:17
2024-03-09	chul|shabbos|Vayakhel|ErevRoshChodesh+ParshasShekalim|morning	Chabad	haftarah	KingsII:12:1:12:17 SamuelI:20:18:20:18 SamuelI:20:42:20:42
2024-03-09	chul|shabbos|Vayakhel|ErevRoshChodesh+ParshasShekalim|morning	Fes	haftarah	KingsII:11:17:12:17 SamuelI:20:18:20:18 SamuelI:20:42:20:42
2024-03-09	chul|shabbos|Vayakhel|ErevRoshChodesh+ParshasShekalim|morning	Romania	haftarah	Ezekiel:45:12:46:5
2024-03-10	EY|Sunday|Pekudei|ErevRoshChodesh+RoshChodesh|morning	ALL	haftarah	-
2024-03-10	EY|Sunday|Pekudei|ErevRoshChodesh+RoshChodesh|morning	ALL	maftir	-
2024-03-10	EY|Sunday|Pekudei|ErevRoshChodesh+RoshChodesh|morning	Agadir+Algeria+Algiers+Ashkenaz+Baladi+Bavlim+Chabad+ChayeyOdom+Djerba+Fes+Frankfurt+Italki+Libya+Lita+Magreb+Marrakesh+Morocco+Persia+Poznan+PureSephardim+Romania+Sefard+Shami+Teiman+Toshbim	torah	1:Numbers:28:1:28:3 2:Numbers:28:3:28:5 3:Numbers:28:6:28:10 4:Numbers:28:11:28:15
2024-03-10	EY|Sunday|Pekudei|ErevRoshChodesh+RoshChodesh|morning	Hagra	torah	1:Numbers:28:1:28:3 2:Numbers:28:4:28:8 3:Numbers:28:6:28:10 4:Numbers:28:11:28:15
2024-03-10	chul|Sunday|Pekudei|ErevRoshChodesh+RoshChodesh|morning	ALL	haftarah	-
2024-03-10	chul|Sunday|Pekudei|ErevRoshChodesh+RoshChodesh|morning	ALL	maftir	-
2024-03-10	chul|Sunday|Pekudei|ErevRoshChodesh+RoshChodesh|morning	Agadir+Algeria+Algiers+Ashkenaz+Baladi+Bavlim+Chabad+ChayeyOdom+Djerba+Fes+Frankfurt+Italki+Libya+Lita+Magreb+Marrakesh+Morocco+Persia+Poznan+PureSephardim+Romania+Sefard+Shami+Teiman+Toshbim	torah	1:Numbers:28:1:28:3 2:Numbers:28:3:28:5 3:Numbers:28:6:28:10 4:Numbers:28:11:28:15
2024-03-10	chul|Sunday|Pekudei|ErevRoshChodesh+RoshChodesh|morning	Hagra	torah	1:Numbers:28:1:28:3 2:Numbers:28:4:28:8 3:Numbers:28:6:28:10 4:Numbers:28:11:28:15
2024-03-11	EY|Monday|Pekudei|RoshChodesh|morning	ALL	haftarah	-
2024-03-11	EY|Monday|Pekudei|RoshChodesh|morning	ALL	maftir	-
2024-03-11	EY|Monday|Pekudei|RoshChodesh|morning	Agadir+Algeria+Algiers+Ashkenaz+Baladi+Bavlim+Chabad+ChayeyOdom+Djerba+Fes+Frankfurt+Italki+Libya+Lita+Magreb+Marrakesh+Morocco+Persia+Poznan+PureSephardim+Romania+Sefard+Shami+Teiman+Toshbim	torah	1:Numbers:28:1:28:3 2:Numbers:28:3:28:5 3:Numbers:28:6:28:10 4:Numbers:28:11:28:15
2024-03-11	EY|Monday|Pekudei|RoshChodesh|morning	Hagra	torah	1:Numbers:28:1:28:3 2:Numbers:28:4:28:8 3:Numbers:28:6:28:10 4:Numbers:28:11:28:15
2024-03-11	chul|Monday|Pekudei|RoshChodesh|morning	ALL	haftarah	-
2024-03-11	chul|Monday|Pekudei|RoshChodesh|morning	ALL	maftir	-
2024-03-11	chul|Monday|Pekudei|RoshChodesh|morning	Agadir+Algeria+Algiers+Ashkenaz+Baladi+Bavlim+Chabad+ChayeyOdom+Djerba+Fes+Frankfurt+Italki+Libya+Lita+Magreb+Marrakesh+Morocco+Persia+Poznan+PureSephardim+Romania+Sefard+Shami+Teiman+Toshbim	torah	1:Numbers:28:1:28:3 2:Numbers:28:3:28:5 3:Numbers:28:6:28:10 4:Numbers:28:11:28:15
2024-03-11	chul|Monday|Pekudei|RoshChodesh|morning	Hagra	torah	1:Numbers:28:1:28:3 2:Numbers:28:4:28:8 3:Numbers:28:6:28:10 4:Numbers:28:11:28:15
2024-03-14	EY|Thursday|Pekudei|-|morning	ALL	haftarah	-
2024-03-14	EY|Thursday|Pekudei|-|morning	ALL	maftir	-
2024-03-14	EY|Thursday|Pekudei|-|morning	ALL	torah	1:Exodus:38:21:38:23 2:Exodus:38:24:38:27 3:Exodus:38:28:39:1
2024-03-14	chul|Thursday|Pekudei|-|morning	ALL	haftarah	-
2024-03-14	chul|Thursday|Pekudei|-|morning	ALL	maftir	-
2024-03-14	chul|Thursday|Pekudei|-|morning	ALL	torah	1:Exodus:38:21:38:23 2:Exodus:38:24:38:27 3:Exodus:38:28:39:1
2024-03-21	EY|Thursday|Vayikra|FastOfEster|afternoon	ALL	maftir	-
2024-03-21	EY|Thursday|Vayikra|FastOfEster|afternoon	ALL	torah	1:Exodus:32:11:32:14 2:Exodus:34:1:34:3 3:Exodus:34:4:34:10
2024-03-21	EY|Thursday|Vayikra|FastOfEster|afternoon	Agadir+Baladi+Bavlim+Djerba+Fes+Libya+Magreb+Morocco+Persia+PureSephardim+Sefard+Shami+Teiman+Toshbim	haftarah	-
2024-03-21	EY|Thursday|Vayikra|FastOfEster|afternoon	Algeria+Marrakesh	haftarah	Hosea:14:2:14:10 Micah:7:18:7:20
2024-03-21	EY|Thursday|Vayikra|FastOfEster|afternoon	Algiers+Ashkenaz+Chabad+ChayeyOdom+Frankfurt+Hagra+Italki+Lita+Poznan+Romania	haftarah	Isaiah:55:6:56:8
2024-03-21	EY|Thursday|Vayikra|FastOfEster|morning	ALL	haftarah	-
2024-03-21	EY|Thursday|Vayikra|FastOfEster|morning	ALL	maftir	-
2024-03-21	EY|Thursday|Vayikra|FastOfEster|morning	ALL	torah	1:Exodus:32:11:32:14 2:Exodus:34:1:34:3 3:Exodus:34:4:34:10
2024-03-21	chul|Thursday|Vayikra|FastOfEster|afternoon	ALL	maftir	-
2024-03-21	chul|Thursday|Vayikra|FastOfEster|afternoon	ALL	torah	1:Exodus:32:11:32:14 2:Exodus:34:1:34:3 3:Exodus:34:4:34:10
2024-03-21	chul|Thursday|Vayikra|FastOfEster|afternoon	Agadir+Baladi+Bavlim+Djerba+Fes+Libya+Magreb+Morocco+Persia+PureSephardim+Sefard+Shami+Teiman+Toshbim	haftarah	-
2024-03-21	chul|Thursday|Vayikra|FastOfEster|afternoon	Algeria+Marrakesh	haftarah	Hosea:14:2:14:10 Micah:7:18:7:20
2024-03-21	chul|Thursday|Vayikra|FastOfEster|afternoon	Algiers+Ashkenaz+Chabad+ChayeyOdom+Frankfurt+Hagra+Italki+Lita+Poznan+Romania	haftarah	Isaiah:55:6:56:8
2024-03-21	chul|Thursday|Vayikra|FastOfEster|morning	ALL	haftarah	-
2024-03-21	chul|Thursday|Vayikra|FastOfEster|morning	ALL	maftir	-
2024-03-21	chul|Thursday|Vayikra|FastOfEster|morning	ALL	torah	1:Exodus:32:11:32:14 2:Exodus:34:1:34:3 3:Exodus:34:4:34:10
2024-03-24	EY|Sunday|Tzav|Purim|morning	ALL	haftarah	-
2024-03-24	EY|Sunday|Tzav|Purim|morning	ALL	maftir	-
2024-03-24	EY|Sunday|Tzav|Purim|morning	ALL	torah	1:Exodus:17:8:17:10 2:Exodus:17:11:17:13 3:Exodus:17:14:17:16
2024-03-24	chul|Sunday|Tzav|Purim|morning	ALL	haftarah	-
2024-03-24	chul|Sunday|Tzav|Purim|morning	ALL	maftir	-
2024-03-24	chul|Sunday|Tzav|Purim|morning	ALL	torah	1:Exodus:17:8:17:10 2:Exodus:17:11:17:13 3:Exodus:17:14:17:16
2024-03-25	EY|Monday|Tzav|ShushanPurim|morning	ALL	haftarah	-
2024-03-25	EY|Monday|Tzav|ShushanPurim|morning	ALL	maftir	-
2024-03-25	EY|Monday|Tzav|ShushanPurim|morning	ALL	torah	1:Exodus:17:8:17:10 2:Exodus:17:11:17:13 3:Exodus:17:14:17:16
2024-03-25	chul|Monday|Tzav|ShushanPurim|morning	ALL	haftarah	-
2024-03-25	chul|Monday|Tzav|ShushanPurim|morning	ALL	maftir	-
2024-03-25	chul|Monday|Tzav|ShushanPurim|morning	ALL	torah	1:Exodus:17:8:17:10 2:Exodus:17:11:17:13 3:Exodus:17:14:17:16
2024-03-30	EY|shabbos|Tzav|ParshasParah|afternoon	ALL	haftarah	-
2024-03-30	EY|shabbos|Tzav|ParshasParah|afternoon	ALL	maftir	-
2024-03-30	EY|shabbos|Tzav|ParshasParah|afternoon	ALL	torah	1:Leviticus:9:1:9:5 2:Leviticus:9:6:9:10 3:Leviticus:9:11:9:16
2024-03-30	EY|shabbos|Tzav|ParshasParah|morning	ALL	maftir	Numbers:19:1:19:22
2024-03-30	EY|shabbos|Tzav|ParshasParah|morning	ALL	torah	1:Leviticus:6:1:6:11 2:Leviticus:6:12:7:10 3:Leviticus:7:11:7:38 4:Leviticus:8:1:8:13 5:Leviticus:8:14:8:21 6:Leviticus:8:22:8:29 7:Leviticus:8:30:8:36
2024-03-30	EY|shabbos|Tzav|ParshasParah|morning	Agadir+Algeria+Algiers+Baladi+Bavlim+Chabad+Djerba+Fes+Libya+Magreb+Marrakesh+Morocco+Persia+PureSephardim+Sefard+Shami+Teiman+Toshbim	haftarah	Ezekiel:36:16:36:36
2024-03-30	EY|shabbos|Tzav|ParshasParah|morning	Ashkenaz+ChayeyOdom+Frankfurt+Hagra+Italki+Lita+Poznan	haftarah	Ezekiel:36:16:36:38
2024-03-30	EY|shabbos|Tzav|ParshasParah|morning	Romania	haftarah	Ezekiel:36:25:37:7
2024-03-30	chul|shabbos|Tzav|ParshasParah|afternoon	ALL	haftarah	-
2024-03-30	chul|shabbos|Tzav|ParshasParah|afternoon	ALL	maftir	-
2024-03-30	chul|shabbos|Tzav|ParshasParah|afternoon	ALL	torah	1:Leviticus:9:1:9:5 2:Leviticus:9:6:9:10 3:Leviticus:9:11:9:16
2024-03-30	chul|shabbos|Tzav|ParshasParah|morning	ALL	maftir	Numbers:19:1:19:22
2024-03-30	chul|shabbos|Tzav|ParshasParah|morning	ALL	torah	1:Leviticus:6:1:6:11 2:Leviticus:6:12:7:10 3:Leviticus:7:11:7:38 4:Leviticus:8:1:8:13 5:Leviticus:8:14:8:21 6:Leviticus:8:22:8:29 7:Leviticus:8:30:8:36
2024-03-30	chul|shabbos|Tzav|ParshasParah|morning	Agadir+Algeria+Algiers+Baladi+Bavlim+Chabad+Djerba+Fes+Libya+Magreb+Marrakesh+Morocco+Persia+PureSephardim+Sefard+Shami+Teiman+Toshbim	haftarah	Ezekiel:36:16:36:36
2024-03-30	chul|shabbos|Tzav|ParshasParah|morning	Ashkenaz+ChayeyOdom+Frankfurt+Hagra+Italki+Lita+Poznan	haftarah	Ezekiel:36:16:36:38
2024-03-30	chul|shabbos|Tzav|ParshasParah|morning	Romania	haftarah	Ezekiel:36:25:37:7
2024-04-06	EY|shabbos|Shemini|ParshasHachodesh|afternoon	ALL	haftarah	-
2024-04-06	EY|shabbos|Shemini|ParshasHachodesh|afternoon	ALL	maftir	-
2024-04-06	EY|shabbos|Shemini|ParshasHachodesh|afternoon	ALL	torah	1:Leviticus:12:1:12:4 2:Leviticus:12:5:12:8 3:Leviticus:13:1:13:5
2024-04-06	EY|shabbos|Shemini|ParshasHachodesh|morning	ALL	maftir	Exodus:12:1:12:20
2024-04-06	EY|shabbos|Shemini|ParshasHachodesh|morning	ALL	torah	1:Leviticus:9:1:9:16 2:Leviticus:9:17:9:23 3:Leviticus:9:24:10:11 4:Leviticus:10:12:10:15 5:Leviticus:10:16:10:20 6:Leviticus:11:1:11:32 7:Leviticus:11:33:11:47
2024-04-06	EY|shabbos|Shemini|ParshasHachodesh|morning	Agadir+Algeria+Algiers+Bavlim+Chabad+Djerba+Fes+Libya+Magreb+Marrakesh+Morocco+Persia+Poznan+PureSephardim+Sefard+Toshbim	haftarah	Ezekiel:45:18:46:15
2024-04-06	EY|shabbos|Shemini|ParshasHachodesh|morning	Ashkenaz+ChayeyOdom+Frankfurt+Hagra+Lita	haftarah	Ezekiel:45:16:46:18
2024-04-06	EY|shabbos|Shemini|ParshasHachodesh|morning	Baladi+Shami+Teiman	haftarah	Ezekiel:45:9:46:11
2024-04-06	EY|shabbos|Shemini|ParshasHachodesh|morning	Italki	haftarah	Ezekiel:45:18:46:11
2024-04-06	EY|shabbos|Shemini|ParshasHachodesh|morning	Romania	haftarah	Ezekiel:45:21:46:13
2024-04-06	chul|shabbos|Shemini|ParshasHachodesh|afternoon	ALL	haftarah	-
2024-04-06	chul|shabbos|Shemini|ParshasHachodesh|afternoon	ALL	maftir	-
2024-04-06	chul|shabbos|Shemini|ParshasHachodesh|afternoon	ALL	torah	1:Leviticus:12:1:12:4 2:Leviticus:12:5:12:8 3:Leviticus:13:1:13:5
2024-04-06	chul|shabbos|Shemini|ParshasHachodesh|morning	ALL	maftir	Exodus:12:1:12:20
2024-04-06	chul|shabbos|Shemini|ParshasHachodesh|morning	ALL	torah	1:Leviticus:9:1:9:16 2:Leviticus:9:17:9:23 3:Leviticus:9:24:10:11 4:Leviticus:10:12:10:15 5:Leviticus:10:16:10:20 6:Leviticus:11:1:11:32 7:Leviticus:11:33:11:47
2024-04-06	chul|shabbos|Shemini|ParshasHachodesh|morning	Agadir+Algeria+Algiers+Bavlim+Chabad+Djerba+Fes+Libya+Magreb+Marrakesh+Morocco+Persia+Poznan+PureSephardim+Sefard+Toshbim	haftarah	Ezekiel:45:18:46:15
2024-04-06	chul|shabbos|Shemini|ParshasHachodesh|morning	Ashkenaz+ChayeyOdom+Frankfurt+Hagra+Lita	haftarah	Ezekiel:45:16:46:18
2024-04-06	chul|shabbos|Shemini|ParshasHachodesh|morning	Baladi+Shami+Teiman	haftarah	Ezekiel:45:9:46:11
2024-04-06	chul|shabbos|Shemini|ParshasHachodesh|morning	Italki	haftarah	Ezekiel:45:18:46:11
2024-04-06	chul|shabbos|Shemini|ParshasHachodesh|morning	Romania	haftarah	Ezekiel:45:21:46:13
2024-04-08	EY|Monday|Tazria|ErevRoshChodesh|morning	ALL	haftarah	-
2024-04-08	EY|Monday|Tazria|ErevRoshChodesh|morning	ALL	maftir	-
2024-04-08	EY|Monday|Tazria|ErevRoshChodesh|morning	ALL	torah	1:Leviticus:12:1:12:4 2:Leviticus:12:5:12:8 3:Leviticus:13:1:13:5
2024-04-08	chul|Monday|Tazria|ErevRoshChodesh|morning	ALL	haftarah	-
2024-04-08	chul|Monday|Tazria|ErevRoshChodesh|morning	ALL	maftir	-
2024-04-08	chul|Monday|Tazria|ErevRoshChodesh|morning	ALL	torah	1:Leviticus:12:1:12:4 2:Leviticus:12:5:12:8 3:Leviticus:13:1:13:5
2024-04-09	EY|Tuesday|Tazria|RoshChodesh|morning	ALL	haftarah	-
2024-04-09	EY|Tuesday|Tazria|RoshChodesh|morning	ALL	maftir	-
2024-04-09	EY|Tuesday|Tazria|RoshChodesh|morning	Agadir+Algeria+Algiers+Ashkenaz+Baladi+Bavlim+Chabad+ChayeyOdom+Djerba+Fes+Frankfurt+Italki+Libya+Lita+Magreb+Marrakesh+Morocco+Persia+Poznan+PureSephardim+Romania+Sefard+Shami+Teiman+Toshbim	torah	1:Numbers:28:1:28:3 2:Numbers:28:3:28:5 3:Numbers:28:6:28:10 4:Numbers:28:11:28:15
2024-04-09	EY|Tuesday|Tazria|RoshChodesh|morning	Hagra	torah	1:Numbers:28:1:28:3 2:Numbers:28:4:28:8 3:Numbers:28:6:28:10 4:Numbers:28:11:28:15
2024-04-09	chul|Tuesday|Tazria|RoshChodesh|morning	ALL	haftarah	-
2024-04-09	chul|Tuesday|Tazria|RoshChodesh|morning	ALL	maftir	-
2024-04-09	chul|Tuesday|Tazria|RoshChodesh|morning	Agadir+Algeria+Algiers+Ashkenaz+Baladi+Bavlim+Chabad+ChayeyOdom+Djerba+Fes+Frankfurt+Italki+Libya+Lita+Magreb+Marrakesh+Morocco+Persia+Poznan+PureSephardim+Romania+Sefard+Shami+Teiman+Toshbim	torah	1:Numbers:28:1:28:3 2:Numbers:28:3:28:5 3:Numbers:28:6:28:10 4:Numbers:28:11:28:15
2024-04-09	chul|Tuesday|Tazria|RoshChodesh|morning	Hagra	torah	1:Numbers:28:1:28:3 2:Numbers:28:4:28:8 3:Numbers:28:6:28:10 4:Numbers:28:11:28:15
2024-04-13	EY|shabbos|Tazria|-|afternoon	ALL	haftarah	-
2024-04-13	EY|shabbos|Tazria|-|afternoon	ALL	maftir	-
2024-04-13	EY|shabbos|Tazria|-|afternoon	ALL	torah	1:Leviticus:14:1:14:5 2:Leviticus:14:6:14:9 3:Leviticus:14:10:14:12
2024-04-13	EY|shabbos|Tazria|-|morning	ALL	haftarah	KingsII:4:42:5:19
2024-04-13	EY|shabbos|Tazria|-|morning	ALL	maftir	Leviticus:13:57:13:59
2024-04-13	EY|shabbos|Tazria|-|morning	ALL	torah	1:Leviticus:12:1:13:5 2:Leviticus:13:6:13:17 3:Leviticus:13:18:13:23 4:Leviticus:13:24:13:28 5:Leviticus:13:29:13:39 6:Leviticus:13:40:13:54 7:Leviticus:13:55:13:59
2024-04-13	chul|shabbos|Tazria|-|afternoon	ALL	haftarah	-
2024-04-13	chul|shabbos|Tazria|-|afternoon	ALL	maftir	-
2024-04-13	chul|shabbos|Tazria|-|afternoon	ALL	torah	1:Leviticus:14:1:14:5 2:Leviticus:14:6:14:9 3:Leviticus:14:10:14:12
2024-04-13	chul|shabbos|Tazria|-|morning	ALL	haftarah	KingsII:4:42:5:19
2024-04-13	chul|shabbos|Tazria|-|morning	ALL	maftir	Leviticus:13:57:13:59
2024-04-13	chul|shabbos|Tazria|-|morning	ALL	torah	1:Leviticus:12:1:13:5 2:Leviticus:13:6:13:17 3:Leviticus:13:18:13:23 4:Leviticus:13:24:13:28 5:Leviticus:13:29:13:39 6:Leviticus:13:40:13:54 7:Leviticus:13:55:13:59
2024-04-23	EY|Tuesday|-|Pesach1|morning	ALL	maftir	Numbers:28:16:28:25
2024-04-23	EY|Tuesday|-|Pesach1|morning	ALL	torah	1:Exodus:12:21:12:24 2:Exodus:12:25:12:28 3:Exodus:12:29:12:36 4:Exodus:12:37:12:42 5:Exodus:12:43:12:51
2024-04-23	EY|Tuesday|-|Pesach1|morning	Agadir+Algeria+Algiers+Baladi+Bavlim+Djerba+Fes+Libya+Magreb+Marrakesh+Morocco+Persia+PureSephardim+Sefard+Shami+Teiman+Toshbim	haftarah	Joshua:5:2:6:1 Joshua:6:27:6:27
2024-04-23	EY|Tuesday|-|Pesach1|morning	Ashkenaz+Chabad+ChayeyOdom+Italki+Lita+Poznan	haftarah	Joshua:3:5:3:7 Joshua:5:2:6:1 Joshua:6:27:6:27
2024-04-23	EY|Tuesday|-|Pesach1|morning	Frankfurt+Hagra+Romania	haftarah	Joshua:5:2:6:1
2024-04-23	chul|Tuesday|-|Pesach1|morning	ALL	maftir	Numbers:28:16:28:25
2024-04-23	chul|Tuesday|-|Pesach1|morning	ALL	torah	1:Exodus:12:21:12:24 2:Exodus:12:25:12:28 3:Exodus:12:29:12:36 4:Exodus:12:37:12:42 5:Exodus:12:43:12:51
2024-04-23	chul|Tuesday|-|Pesach1|morning	Agadir+Algeria+Algiers+Baladi+Bavlim+Djerba+Fes+Libya+Magreb+Marrakesh+Morocco+Persia+PureSephardim+Sefard+Shami+Teiman+Toshbim	haftarah	Joshua:5:2:6:1 Joshua:6:27:6:27
2024-04-23	chul|Tuesday|-|Pesach1|morning	Ashkenaz+Chabad+ChayeyOdom+Italki+Lita+Poznan	haftarah	Joshua:3:5:3:7 Joshua:5:2:6:1 Joshua:6:27:6:27
2024-04-23	chul|Tuesday|-|Pesach1|morning	Frankfurt+Hagra+Romania	haftarah	Joshua:5:2:6:1
2024-04-24	EY|Wednesday|-|Omer(1)+PesachIntermediate1InHolyLand|morning	ALL	haftarah	-
2024-04-24	EY|Wednesday|-|Omer(1)+PesachIntermediate1InHolyLand|morning	ALL	maftir	-
2024-04-24	EY|Wednesday|-|Omer(1)+PesachIntermediate1InHolyLand|morning	ALL	torah	1:Leviticus:22:26:23:3 2:Leviticus:23:4:23:14 3:Leviticus:23:15:23:44 4:Numbers:28:19:28:25
2024-04-24	chul|Wednesday|-|Omer(1)+Pesach2|morning	ALL	maftir	Numbers:28:16:28:25
2024-04-24	chul|Wednesday|-|Omer(1)+Pesach2|morning	ALL	torah	1:Leviticus:22:26:23:3 2:Leviticus:23:4:23:14 3:Leviticus:23:15:23:22 4:Leviticus:23:23:23:32 5:Leviticus:23:33:23:44
2024-04-24	chul|Wednesday|-|Omer(1)+Pesach2|morning	Agadir+Algeria+Algiers+Ashkenaz+Bavlim+Chabad+ChayeyOdom+Djerba+Fes+Frankfurt+Hagra+Libya+Lita+Magreb+Marrakesh+Morocco+Persia+PureSephardim+Romania+Sefard+Toshbim	haftarah	KingsII:23:1:23:9 KingsII:23:21:23:25
2024-04-24	chul|Wednesday|-|Omer(1)+Pesach2|morning	Baladi+Shami+Teiman	haftarah	KingsII:22:1:22:7 KingsII:23:21:23:25
2024-04-24	chul|Wednesday|-|Omer(1)+Pesach2|morning	Italki	haftarah	KingsII:23:21:23:30
2024-04-24	chul|Wednesday|-|Omer(1)+Pesach2|morning	Poznan	haftarah	KingsII:23:4:23:9 KingsII:23:21:23:30
2024-04-25	EY|Thursday|-|Omer(2)+PesachIntermediate2InHolyLand|morning	ALL	haftarah	-
2024-04-25	EY|Thursday|-|Omer(2)+PesachIntermediate2InHolyLand|morning	ALL	maftir	-
2024-04-25	EY|Thursday|-|Omer(2)+PesachIntermediate2InHolyLand|morning	ALL	torah	1:Exodus:13:1:13:4 2:Exodus:13:5:13:10 3:Exodus:13:11:13:16 4:Numbers:28:19:28:25
2024-04-25	chul|Thursday|-|Omer(2)+PesachIntermediate1|morning	ALL	haftarah	-
2024-04-25	chul|Thursday|-|Omer(2)+PesachIntermediate1|morning	ALL	maftir	-
2024-04-25	chul|Thursday|-|Omer(2)+PesachIntermediate1|morning	ALL	torah	1:Exodus:13:1:13:4 2:Exodus:13:5:13:10 3:Exodus:13:11:13:16 4:Numbers:28:19:28:25
2024-04-26	EY|Friday|-|Omer(3)+PesachIntermediate3InHolyLand|morning	ALL	haftarah	-
2024-04-26	EY|Friday|-|Omer(3)+PesachIntermediate3InHolyLand|morning	ALL	maftir	-
2024-04-26	EY|Friday|-|Omer(3)+PesachIntermediate3InHolyLand|morning	ALL	torah	1:Exodus:22:24:22:26 2:Exodus:22:27:23:5 3:Exodus:23:6:23:19 4:Numbers:28:19:28:25
2024-04-26	chul|Friday|-|Omer(3)+PesachIntermediate2|morning	ALL	haftarah	-
2024-04-26	chul|Friday|-|Omer(3)+PesachIntermediate2|morning	ALL	maftir	-
2024-04-26	chul|Friday|-|Omer(3)+PesachIntermediate2|morning	ALL	torah	1:Exodus:22:24:22:26 2:Exodus:22:27:23:5 3:Exodus:23:6:23:19 4:Numbers:28:19:28:25
2024-04-27	EY|shabbos|-|Omer(4)+PesachIntermediate4InHolyLand|afternoon	ALL	haftarah	-
2024-04-27	EY|shabbos|-|Omer(4)+PesachIntermediate4InHolyLand|afternoon	ALL	maftir	-
2024-04-27	EY|shabbos|-|Omer(4)+PesachIntermediate4InHolyLand|afternoon	ALL	torah	1:Leviticus:16:1:16:6 2:Leviticus:16:7:16:11 3:Leviticus:16:12:16:17
2024-04-27	EY|shabbos|-|Omer(4)+PesachIntermediate4InHolyLand|morning	ALL	maftir	Numbers:28:19:28:25
2024-04-27	EY|shabbos|-|Omer(4)+PesachIntermediate4InHolyLand|morning	ALL	torah	1:Exodus:33:12:33:16 2:Exodus:33:17:33:19 3:Exodus:33:20:33:23 4:Exodus:34:1:34:3 5:Exodus:34:4:34:10 6:Exodus:34:11:34:17 7:Exodus:34:18:34:26
2024-04-27	EY|shabbos|-|Omer(4)+PesachIntermediate4InHolyLand|morning	Agadir+Algeria+Algiers+Ashkenaz+Bavlim+Chabad+ChayeyOdom+Djerba+Fes+Frankfurt+Hagra+Italki+Libya+Lita+Magreb+Marrakesh+Morocco+Persia+Poznan+PureSephardim+Romania+Sefard+Toshbim	haftarah	Ezekiel:37:1:37:14
2024-04-27	EY|shabbos|-|Omer(4)+PesachIntermediate4InHolyLand|morning	Baladi+Shami+Teiman	haftarah	Ezekiel:36:37:37:14
2024-04-27	chul|shabbos|-|Omer(4)+PesachIntermediate3|afternoon	ALL	haftarah	-
2024-04-27	chul|shabbos|-|Omer(4)+PesachIntermediate3|afternoon	ALL	maftir	-
2024-04-27	chul|shabbos|-|Omer(4)+PesachIntermediate3|afternoon	ALL	torah	1:Leviticus:16:1:16:6 2:Leviticus:16:7:16:11 3:Leviticus:16:12:16:17
2024-04-27	chul|shabbos|-|Omer(4)+PesachIntermediate3|morning	ALL	maftir	Numbers:28:19:28:25
2024-04-27	chul|shabbos|-|Omer(4)+PesachIntermediate3|morning	ALL	torah	1:Exodus:33:12:33:16 2:Exodus:33:17:33:19 3:Exodus:33:20:33:23 4:Exodus:34:1:34:3 5:Exodus:34:4:34:10 6:Exodus:34:11:34:17 7:Exodus:34:18:34:26
2024-04-27	chul|shabbos|-|Omer(4)+PesachIntermediate3|morning	Agadir+Algeria+Algiers+Ashkenaz+Bavlim+Chabad+ChayeyOdom+Djerba+Fes+Frankfurt+Hagra+Italki+Libya+Lita+Magreb+Marrakesh+Morocco+Persia+Poznan+PureSephardim+Romania+Sefard+Toshbim	haftarah	Ezekiel:37:1:37:14
2024-04-27	chul|shabbos|-|Omer(4)+PesachIntermediate3|morning	Baladi+Shami+Teiman	haftarah	Ezekiel:36:37:37:14
2024-04-28	EY|Sunday|Acharei|Omer(5)+PesachIntermediate5InHolyLand|morning	ALL	haftarah	-
2024-04-28	EY|Sunday|Acharei|Omer(5)+PesachIntermediate5InHolyLand|morning	ALL	maftir	-
2024-04-28	EY|Sunday|Acharei|Omer(5)+PesachIntermediate5InHolyLand|morning	ALL	torah	1:Numbers:9:1:9:6 2:Numbers:9:7:9:8 3:Numbers:9:9:9:14 4:Numbers:28:19:28:25
2024-04-28	chul|Sunday|Acharei|Omer(5)+PesachIntermediate4|morning	ALL	haftarah	-
2024-04-28	chul|Sunday|Acharei|Omer(5)+PesachIntermediate4|morning	ALL	maftir	-
2024-04-28	chul|Sunday|Acharei|Omer(5)+PesachIntermediate4|morning	ALL	torah	1:Numbers:9:1:9:6 2:Numbers:9:7:9:8 3:Numbers:9:9:9:14 4:Numbers:28:19:28:25
2024-04-29	EY|Monday|Acharei|Omer(6)+Pesach7|morning	ALL	haftarah	SamuelII:22:1:22:51
2024-04-29	EY|Monday|Acharei|Omer(6)+Pesach7|morning	ALL	maftir	Numbers:28:19:28:25
2024-04-29	EY|Monday|Acharei|Omer(6)+Pesach7|morning	ALL	torah	1:Exodus:13:17:13:22 2:Exodus:14:1:14:8 3:Exodus:14:9:14:14 4:Exodus:14:15:14:25 5:Exodus:14:26:15:26
2024-04-29	chul|Monday|Acharei|Omer(6)+Pesach7|morning	ALL	haftarah	SamuelII:22:1:22:51
2024-04-29	chul|Monday|Acharei|Omer(6)+Pesach7|morning	ALL	maftir	Numbers:28:19:28:25
2024-04-29	chul|Monday|Acharei|Omer(6)+Pesach7|morning	ALL	torah	1:Exodus:13:17:13:22 2:Exodus:14:1:14:8 3:Exodus:14:9:14:14 4:Exodus:14:15:14:25 5:Exodus:14:26:15:26
2024-04-30	chul|Tuesday|Acharei|Omer(7)+Pesach8|morning	ALL	haftarah	Isaiah:10:32:12:6
2024-04-30	chul|Tuesday|Acharei|Omer(7)+Pesach8|morning	ALL	maftir	Numbers:28:19:28:25
2024-04-30	chul|Tuesday|Acharei|Omer(7)+Pesach8|morning	ALL	torah	1:Deuteronomy:15:19:15:23 2:Deuteronomy:16:1:16:3 3:Deuteronomy:16:4:16:8 4:Deuteronomy:16:9:16:12 5:Deuteronomy:16:13:16:17
2024-05-02	EY|Thursday|Acharei|Omer(9)|morning	ALL	haftarah	-
2024-05-02	EY|Thursday|Acharei|Omer(9)|morning	ALL	maftir	-
2024-05-02	EY|Thursday|Acharei|Omer(9)|morning	ALL	torah	1:Leviticus:16:1:16:6 2:Leviticus:16:7:16:11 3:Leviticus:16:12:16:17
2024-05-02	chul|Thursday|Acharei|Omer(9)|morning	ALL	haftarah	-
2024-05-02	chul|Thursday|Acharei|Omer(9)|morning	ALL	maftir	-
2024-05-02	chul|Thursday|Acharei|Omer(9)|morning	ALL	torah	1:Leviticus:16:1:16:6 2:Leviticus:16:7:16:11 3:Leviticus:16:12:16:17
2024-05-04	EY|shabbos|Acharei|Omer(11)|afternoon	ALL	haftarah	-
2024-05-04	EY|shabbos|Acharei|Omer(11)|afternoon	ALL	maftir	-
2024-05-04	EY|shabbos|Acharei|Omer(11)|afternoon	ALL	torah	1:Leviticus:19:1:19:4 2:Leviticus:19:5:19:10 3:Leviticus:19:11:19:14
2024-05-04	EY|shabbos|Acharei|Omer(11)|morning	ALL	maftir	Leviticus:18:28:18:30
2024-05-04	EY|shabbos|Acharei|Omer(11)|morning	ALL	torah	1:Leviticus:16:1:16:17 2:Leviticus:16:18:16:24 3:Leviticus:16:25:16:34 4:Leviticus:17:1:17:7 5:Leviticus:17:8:18:5 6:Leviticus:18:6:18:21 7:Leviticus:18:22:18:30
2024-05-04	EY|shabbos|Acharei|Omer(11)|morning	Agadir+Algeria+Algiers+Ashkenaz+Baladi+Bavlim+ChayeyOdom+Djerba+Fes+Frankfurt+Hagra+Italki+Libya+Lita+Magreb+Marrakesh+Morocco+Persia+PureSephardim+Romania+Sefard+Shami+Teiman+Toshbim	haftarah	Ezekiel:22:1:22:16
2024-05-04	EY|shabbos|Acharei|Omer(11)|morning	Chabad	haftarah	Amos:9:7:9:15
2024-05-04	EY|shabbos|Acharei|Omer(11)|morning	Poznan	haftarah	Ezekiel:22:2:22:16
2024-05-04	chul|shabbos|Acharei|Omer(11)|afternoon	ALL	haftarah	-
2024-05-04	chul|shabbos|Acharei|Omer(11)|afternoon	ALL	maftir	-
2024-05-04	chul|shabbos|Acharei|Omer(11)|afternoon	ALL	torah	1:Leviticus:19:1:19:4 2:Leviticus:19:5:19:10 3:Leviticus:19:11:19:14
2024-05-04	chul|shabbos|Acharei|Omer(11)|morning	ALL	maftir	Leviticus:18:28:18:30
2024-05-04	chul|shabbos|Acharei|Omer(11)|morning	ALL	torah	1:Leviticus:16:1:16:17 2:Leviticus:16:18:16:24 3:Leviticus:16:25:16:34 4:Leviticus:17:1:17:7 5:Leviticus:17:8:18:5 6:Leviticus:18:6:18:21 7:Leviticus:18:22:18:30
2024-05-04	chul|shabbos|Acharei|Omer(11)|morning	Agadir+Algeria+Algiers+Ashkenaz+Baladi+Bavlim+ChayeyOdom+Djerba+Fes+Frankfurt+Hagra+Italki+Libya+Lita+Magreb+Marrakesh+Morocco+Persia+PureSephardim+Romania+Sefard+Shami+Teiman+Toshbim	haftarah	Ezekiel:22:1:22:16
2024-05-04	chul|shabbos|Acharei|Omer(11)|morning	Chabad	haftarah	Amos:9:7:9:15
2024-05-04	chul|shabbos|Acharei|Omer(11)|morning	Poznan	haftarah	Ezekiel:22:2:22:16
2024-05-06	EY|Monday|Kedoshim|Omer(13)|morning	ALL	haftarah	-
2024-05-06	EY|Monday|Kedoshim|Omer(13)|morning	ALL	maftir	-
2024-05-06	EY|Monday|Kedoshim|Omer(13)|morning	ALL	torah	1:Leviticus:19:1:19:4 2:Leviticus:19:5:19:10 3:Leviticus:19:11:19:14
2024-05-06	chul|Monday|Kedoshim|Omer(13)|morning	ALL	haftarah	-
2024-05-06	chul|Monday|Kedoshim|Omer(13)|morning	ALL	maftir	-
2024-05-06	chul|Monday|Kedoshim|Omer(13)|morning	ALL	torah	1:Leviticus:19:1:19:4 2:Leviticus:19:5:19:10 3:Leviticus:19:11:19:14
2024-05-08	EY|Wednesday|Kedoshim|ErevRoshChodesh+Omer(15)+RoshChodesh|morning	ALL	haftarah	-
2024-05-08	EY|Wednesday|Kedoshim|ErevRoshChodesh+Omer(15)+RoshChodesh|morning	ALL	maftir	-
2024-05-08	EY|Wednesday|Kedoshim|ErevRoshChodesh+Omer(15)+RoshChodesh|morning	Agadir+Algeria+Algiers+Ashkenaz+Baladi+Bavlim+Chabad+ChayeyOdom+Djerba+Fes+Frankfurt+Italki+Libya+Lita+Magreb+Marrakesh+Morocco+Persia+Poznan+PureSephardim+Romania+Sefard+Shami+Teiman+Toshbim	torah	1:Numbers:28:1:28:3 2:Numbers:28:3:28:5 3:Numbers:28:6:28:10 4:Numbers:28:11:28:15
2024-05-08	EY|Wednesday|Kedoshim|ErevRoshChodesh+Omer(15)+RoshChodesh|morning	Hagra	torah	1:Numbers:28:1:28:3 2:Numbers:28:4:28:8 3:Numbers:28:6:28:10 4:Numbers:28:11:28:15
2024-05-08	chul|Wednesday|Kedoshim|ErevRoshChodesh+Omer(15)+RoshChodesh|morning	ALL	haftarah	-
2024-05-08	chul|Wednesday|Kedoshim|ErevRoshChodesh+Omer(15)+RoshChodesh|morning	ALL	maftir	-
2024-05-08	chul|Wednesday|Kedoshim|ErevRoshChodesh+Omer(15)+RoshChodesh|morning	Agadir+Algeria+Algiers+Ashkenaz+Baladi+Bavlim+Chabad+ChayeyOdom+Djerba+Fes+Frankfurt+Italki+Libya+Lita+Magreb+Marrakesh+Morocco+Persia+Poznan+PureSephardim+Romania+Sefard+Shami+Teiman+Toshbim	torah	1:Numbers:28:1:28:3 2:Numbers:28:3:28:5 3:Numbers:28:6:28:10 4:Numbers:28:11:28:15
2024-05-08	chul|Wednesday|Kedoshim|ErevRoshChodesh+Omer(15)+RoshChodesh|morning	Hagra	torah	1:Numbers:28:1:28:3 2:Numbers:28:4:28:8 3:Numbers:28:6:28:10 4:Numbers:28:11:28:15
2024-05-09	EY|Thursday|Kedoshim|Omer(16)+RoshChodesh|morning	ALL	haftarah	-
2024-05-09	EY|Thursday|Kedoshim|Omer(16)+RoshChodesh|morning	ALL	maftir	-
2024-05-09	EY|Thursday|Kedoshim|Omer(16)+RoshChodesh|morning	Agadir+Algeria+Algiers+Ashkenaz+Baladi+Bavlim+Chabad+ChayeyOdom+Djerba+Fes+Frankfurt+Italki+Libya+Lita+Magreb+Marrakesh+Morocco+Persia+Poznan+PureSephardim+Romania+Sefard+Shami+Teiman+Toshbim	torah	1:Numbers:28:1:28:3 2:Numbers:28:3:28:5 3:Numbers:28:6:28:10 4:Numbers:28:11:28:15
2024-05-09	EY|Thursday|Kedoshim|Omer(16)+RoshChodesh|morning	Hagra	torah	1:Numbers:28:1:28:3 2:Numbers:28:4:28:8 3:Numbers:28:6:28:10 4:Numbers:28:11:28:15
2024-05-09	chul|Thursday|Kedoshim|Omer(16)+RoshChodesh|morning	ALL	haftarah	-
2024-05-09	chul|Thursday|Kedoshim|Omer(16)+RoshChodesh|morning	ALL	maftir	-
2024-05-09	chul|Thursday|Kedoshim|Omer(16)+RoshChodesh|morning	Agadir+Algeria+Algiers+Ashkenaz+Baladi+Bavlim+Chabad+ChayeyOdom+Djerba+Fes+Frankfurt+Italki+Libya+Lita+Magreb+Marrakesh+Morocco+Persia+Poznan+PureSephardim+Romania+Sefard+Shami+Teiman+Toshbim	torah	1:Numbers:28:1:28:3 2:Numbers:28:3:28:5 3:Numbers:28:6:28:10 4:Numbers:28:11:28:15
2024-05-09	chul|Thursday|Kedoshim|Omer(16)+RoshChodesh|morning	Hagra	torah	1:Numbers:28:1:28:3 2:Numbers:28:4:28:8 3:Numbers:28:6:28:10 4:Numbers:28:11:28:15
2024-05-11	EY|shabbos|Kedoshim|Omer(18)|afternoon	ALL	haftarah	-
2024-05-11	EY|shabbos|Kedoshim|Omer(18)|afternoon	ALL	maftir	-
2024-05-11	EY|shabbos|Kedoshim|Omer(18)|afternoon	ALL	torah	1:Leviticus:21:1:21:6 2:Leviticus:21:7:21:12 3:Leviticus:21:13:21:15
2024-05-11	EY|shabbos|Kedoshim|Omer(18)|morning	ALL	maftir	Leviticus:20:25:20:27
2024-05-11	EY|shabbos|Kedoshim|Omer(18)|morning	ALL	torah	1:Leviticus:19:1:19:14 2:Leviticus:19:15:19:22 3:Leviticus:19:23:19:32 4:Leviticus:19:33:19:37 5:Leviticus:20:1:20:7 6:Leviticus:20:8:20:22 7:Leviticus:20:23:20:27
2024-05-11	EY|shabbos|Kedoshim|Omer(18)|morning	Agadir+Algeria+Algiers+Bavlim+Chabad+Djerba+Fes+Libya+Magreb+Marrakesh+Morocco+Persia+PureSephardim+Sefard+Toshbim	haftarah	Ezekiel:20:2:20:20
2024-05-11	EY|shabbos|Kedoshim|Omer(18)|morning	Ashkenaz+Frankfurt+Hagra+Poznan	haftarah	Amos:9:7:9:15
2024-05-11	EY|shabbos|Kedoshim|Omer(18)|morning	Baladi	haftarah	Ezekiel:20:1:20:15
2024-05-11	EY|shabbos|Kedoshim|Omer(18)|morning	ChayeyOdom+Lita	haftarah	Ezekiel:22:1:22:16
2024-05-11	EY|shabbos|Kedoshim|Omer(18)|morning	Italki+Shami+Teiman	haftarah	Ezekiel:20:1:20:20
2024-05-11	EY|shabbos|Kedoshim|Omer(18)|morning	Romania	haftarah	Isaiah:3:4:5:17
2024-05-11	chul|shabbos|Kedoshim|Omer(18)|afternoon	ALL	haftarah	-
2024-05-11	chul|shabbos|Kedoshim|Omer(18)|afternoon	ALL	maftir	-
2024-05-11	chul|shabbos|Kedoshim|Omer(18)|afternoon	ALL	torah	1:Leviticus:21:1:21:6 2:Leviticus:21:7:21:12 3:Leviticus:21:13:21:15
2024-05-11	chul|shabbos|Kedoshim|Omer(18)|morning	ALL	maftir	Leviticus:20:25:20:27
2024-05-11	chul|shabbos|Kedoshim|Omer(18)|morning	ALL	torah	1:Leviticus:19:1:19:14 2:Leviticus:19:15:19:22 3:Leviticus:19:23:19:32 4:Leviticus:19:33:19:37 5:Leviticus:20:1:20:7 6:Leviticus:20:8:20:22 7:Leviticus:20:23:20:27
2024-05-11	chul|shabbos|Kedoshim|Omer(18)|morning	Agadir+Algeria+Algiers+Bavlim+Chabad+Djerba+Fes+Libya+Magreb+Marrakesh+Morocco+Persia+PureSephardim+Sefard+Toshbim	haftarah	Ezekiel:20:2:20:20
2024-05-11	chul|shabbos|Kedoshim|Omer(18)|morning	Ashkenaz+Frankfurt+Hagra+Poznan	haftarah	Amos:9:7:9:15
2024-05-11	chul|shabbos|Kedoshim|Omer(18)|morning	Baladi	haftarah	Ezekiel:20:1:20:15
2024-05-11	chul|shabbos|Kedoshim|Omer(18)|morning	ChayeyOdom+Lita	haftarah	Ezekiel:22:1:22:16
2024-05-11	chul|shabbos|Kedoshim|Omer(18)|morning	Italki+Shami+Teiman	haftarah	Ezekiel:20:1:20:20
2024-05-11	chul|shabbos|Kedoshim|Omer(18)|morning	Romania	haftarah	Isaiah:3:4:5:17
2024-05-13	EY|Monday|Emor|Omer(20)|morning	ALL	haftarah	-
2024-05-13	EY|Monday|Emor|Omer(20)|morning	ALL	maftir	-
2024-05-13	EY|Monday|Emor|Omer(20)|morning	ALL	torah	1:Leviticus:21:1:21:6 2:Leviticus:21:7:21:12 3:Leviticus:21:13:21:15
2024-05-13	chul|Monday|Emor|Omer(20)|morning	ALL	haftarah	-
2024-05-13	chul|Monday|Emor|Omer(20)|morning	ALL	maftir	-
2024-05-13	chul|Monday|Emor|Omer(20)|morning	ALL	torah	1:Leviticus:21:1:21:6 2:Leviticus:21:7:21:12 3:Leviticus:21:13:21:15
2024-05-16	EY|Thursday|Emor|Omer(23)|morning	ALL	haftarah	-
2024-05-16	EY|Thursday|Emor|Omer(23)|morning	ALL	maftir	-
2024-05-16	EY|Thursday|Emor|Omer(23)|morning	ALL	torah	1:Leviticus:21:1:21:6 2:Leviticus:21:7:21:12 3:Leviticus:21:13:21:15
2024-05-16	chul|Thursday|Emor|Omer(23)|morning	ALL	haftarah	-
2024-05-16	chul|Thursday|Emor|Omer(23)|morning	ALL	maftir	-
2024-05-16	chul|Thursday|Emor|Omer(23)|morning	ALL	torah	1:Leviticus:21:1:21:6 2:Leviticus:21:7:21:12 3:Leviticus:21:13:21:15
2024-05-18	EY|shabbos|Emor|Omer(25)|afternoon	ALL	haftarah	-
2024-05-18	EY|shabbos|Emor|Omer(25)|afternoon	ALL	maftir	-
2024-05-18	EY|shabbos|Emor|Omer(25)|afternoon	ALL	torah	1:Leviticus:25:1:25:3 2:Leviticus:25:4:25:7 3:Leviticus:25:8:25:13
2024-05-18	EY|shabbos|Emor|Omer(25)|morning	ALL	haftarah	Ezekiel:44:15:44:31
2024-05-18	EY|shabbos|Emor|Omer(25)|morning	ALL	maftir	Leviticus:24:21:24:23
2024-05-18	EY|shabbos|Emor|Omer(25)|morning	ALL	torah	1:Leviticus:21:1:21:15 2:Leviticus:21:16:22:16 3:Leviticus:22:17:22:33 4:Leviticus:23:1:23:22 5:Leviticus:23:23:23:32 6:Leviticus:23:33:23:44 7:Leviticus:24:1:24:23
2024-05-18	chul|shabbos|Emor|Omer(25)|afternoon	ALL	haftarah	-
2024-05-18	chul|shabbos|Emor|Omer(25)|afternoon	ALL	maftir	-
2024-05-18	chul|shabbos|Emor|Omer(25)|afternoon	ALL	torah	1:Leviticus:25:1:25:3 2:Leviticus:25:4:25:7 3:Leviticus:25:8:25:13
2024-05-18	chul|shabbos|Emor|Omer(25)|morning	ALL	haftarah	Ezekiel:44:15:44:31
2024-05-18	chul|shabbos|Emor|Omer(25)|morning	ALL	maftir	Leviticus:24:21:24:23
2024-05-18	chul|shabbos|Emor|Omer(25)|morning	ALL	torah	1:Leviticus:21:1:21:15 2:Leviticus:21:16:22:16 3:Leviticus:22:17:22:33 4:Leviticus:23:1:23:22 5:Leviticus:23:23:23:32 6:Leviticus:23:33:23:44 7:Leviticus:24:1:24:23
2024-05-20	EY|Monday|Behar|Omer(27)|morning	ALL	haftarah	-
2024-05-20	EY|Monday|Behar|Omer(27)|morning	ALL	maftir	-
2024-05-20	EY|Monday|Behar|Omer(27)|morning	ALL	torah	1:Leviticus:25:1:25:3 2:Leviticus:25:4:25:7 3:Leviticus:25:8:25:13
2024-05-20	chul|Monday|Behar|Omer(27)|morning	ALL	haftarah	-
2024-05-20	chul|Monday|Behar|Omer(27)|morning	ALL	maftir	-
2024-05-20	chul|Monday|Behar|Omer(27)|morning	ALL	torah	1:Leviticus:25:1:25:3 2:Leviticus:25:4:25:7 3:Leviticus:25:8:25:13
2024-05-23	EY|Thursday|Behar|Omer(30)|morning	ALL	haftarah	-
2024-05-23	EY|Thursday|Behar|Omer(30)|morning	ALL	maftir	-
2024-05-23	EY|Thursday|Behar|Omer(30)|morning	ALL	torah	1:Leviticus:25:1:25:3 2:Leviticus:25:4:25:7 3:Leviticus:25:8:25:13
2024-05-23	chul|Thursday|Behar|Omer(30)|morning	ALL	haftarah	-
2024-05-23	chul|Thursday|Behar|Omer(30)|morning	ALL	maftir	-
2024-05-23	chul|Thursday|Behar|Omer(30)|morning	ALL	torah	1:Leviticus:25:1:25:3 2:Leviticus:25:4:25:7 3:Leviticus:25:8:25:13
2024-05-25	EY|shabbos|Behar|Omer(32)|afternoon	ALL	haftarah	-
2024-05-25	EY|shabbos|Behar|Omer(32)|afternoon	ALL	maftir	-
2024-05-25	EY|shabbos|Behar|Omer(32)|afternoon	ALL	torah	1:Leviticus:26:3:26:5 2:Leviticus:26:6:26:9 3:Leviticus:26:10:26:13
2024-05-25	EY|shabbos|Behar|Omer(32)|morning	ALL	maftir	Leviticus:25:55:26:2
2024-05-25	EY|shabbos|Behar|Omer(32)|morning	ALL	torah	1:Leviticus:25:1:25:13 2:Leviticus:25:14:25:18 3:Leviticus:25:19:25:24 4:Leviticus:25:25:25:28 5:Leviticus:25:29:25:38 6:Leviticus:25:39:25:46 7:Leviticus:25:47:26:2
2024-05-25	EY|shabbos|Behar|Omer(32)|morning	Agadir+Algeria+Algiers+Ashkenaz+Bavlim+ChayeyOdom+Djerba+Fes+Frankfurt+Hagra+Libya+Lita+Magreb+Marrakesh+Morocco+Persia+PureSephardim+Romania+Sefard+Toshbim	haftarah	Jeremiah:32:6:32:27
2024-05-25	EY|shabbos|Behar|Omer(32)|morning	Baladi+Italki+Shami+Teiman	haftarah	Jeremiah:16:19:17:14
2024-05-25	EY|shabbos|Behar|Omer(32)|morning	Chabad+Poznan	haftarah	Jeremiah:32:6:32:22
2024-05-25	chul|shabbos|Behar|Omer(32)|afternoon	ALL	haftarah	-
2024-05-25	chul|shabbos|Behar|Omer(32)|afternoon	ALL	maftir	-
2024-05-25	chul|shabbos|Behar|Omer(32)|afternoon	ALL	torah	1:Leviticus:26:3:26:5 2:Leviticus:26:6:26:9 3:Leviticus:26:10:26:13
2024-05-25	chul|shabbos|Behar|Omer(32)|morning	ALL	maftir	Leviticus:25:55:26:2
2024-05-25	chul|shabbos|Behar|Omer(32)|morning	ALL	torah	1:Leviticus:25:1:25:13 2:Leviticus:25:14:25:18 3:Leviticus:25:19:25:24 4:Leviticus:25:25:25:28 5:Leviticus:25:29:25:38 6:Leviticus:25:39:25:46 7:Leviticus:25:47:26:2
2024-05-25	chul|shabbos|Behar|Omer(32)|morning	Agadir+Algeria+Algiers+Ashkenaz+Bavlim+ChayeyOdom+Djerba+Fes+Frankfurt+Hagra+Libya+Lita+Magreb+Marrakesh+Morocco+Persia+PureSephardim+Romania+Sefard+Toshbim	haftarah	Jeremiah:32:6:32:27
2024-05-25	chul|shabbos|Behar|Omer(32)|morning	Baladi+Italki+Shami+Teiman	haftarah	Jeremiah:16:19:17:14
2024-05-25	chul|shabbos|Behar|Omer(32)|morning	Chabad+Poznan	haftarah	Jeremiah:32:6:32:22
2024-05-27	EY|Monday|Bechukosai|Omer(34)|morning	ALL	haftarah	-
2024-05-27	EY|Monday|Bechukosai|Omer(34)|morning	ALL	maftir	-
2024-05-27	EY|Monday|Bechukosai|Omer(34)|morning	ALL	torah	1:Leviticus:26:3:26:5 2:Leviticus:26:6:26:9 3:Leviticus:26:10:26:13
2024-05-27	chul|Monday|Bechukosai|Omer(34)|morning	ALL	haftarah	-
2024-05-27	chul|Monday|Bechukosai|Omer(34)|morning	ALL	maftir	-
2024-05-27	chul|Monday|Bechukosai|Omer(34)|morning	ALL	torah	1:Leviticus:26:3:26:5 2:Leviticus:26:6:26:9 3:Leviticus:26:10:26:13
2024-05-30	EY|Thursday|Bechukosai|Omer(37)|morning	ALL	haftarah	-
2024-05-30	EY|Thursday|Bechukosai|Omer(37)|morning	ALL	maftir	-
2024-05-30	EY|Thursday|Bechukosai|Omer(37)|morning	ALL	torah	1:Leviticus:26:3:26:5 2:Leviticus:26:6:26:9 3:Leviticus:26:10:26:13
2024-05-30	chul|Thursday|Bechukosai|Omer(37)|morning	ALL	haftarah	-
2024-05-30	chul|Thursday|Bechukosai|Omer(37)|morning	ALL	maftir	-
2024-05-30	chul|Thursday|Bechukosai|Omer(37)|morning	ALL	torah	1:Leviticus:26:3:26:5 2:Leviticus:26:6:26:9 3:Leviticus:26:10:26:13
2024-06-01	EY|shabbos|Bechukosai|Omer(39)|afternoon	ALL	haftarah	-
2024-06-01	EY|shabbos|Bechukosai|Omer(39)|afternoon	ALL	maftir	-
2024-06-01	EY|shabbos|Bechukosai|Omer(39)|afternoon	ALL	torah	1:Numbers:1:1:1:4 2:Numbers:1:5:1:16 3:Numbers:1:17:1:19
2024-06-01	EY|shabbos|Bechukosai|Omer(39)|morning	ALL	maftir	Leviticus:27:32:27:34
2024-06-01	EY|shabbos|Bechukosai|Omer(39)|morning	ALL	torah	1:Leviticus:26:3:26:5 2:Leviticus:26:6:26:9 3:Leviticus:26:10:26:46 4:Leviticus:27:1:27:15 5:Leviticus:27:16:27:21 6:Leviticus:27:22:27:28 7:Leviticus:27:29:27:34
2024-06-01	EY|shabbos|Bechukosai|Omer(39)|morning	Agadir+Algeria+Algiers+Ashkenaz+Bavlim+Chabad+ChayeyOdom+Djerba+Fes+Frankfurt+Hagra+Libya+Lita+Magreb+Marrakesh+Morocco+Persia+PureSephardim+Romania+Sefard+Toshbim	haftarah	Jeremiah:16:19:17:14
2024-06-01	EY|shabbos|Bechukosai|Omer(39)|morning	Baladi+Shami+Teiman	haftarah	Ezekiel:34:1:34:27
2024-06-01	EY|shabbos|Bechukosai|Omer(39)|morning	Italki+Poznan	haftarah	Ezekiel:34:1:34:15
2024-06-01	chul|shabbos|Bechukosai|Omer(39)|afternoon	ALL	haftarah	-
2024-06-01	chul|shabbos|Bechukosai|Omer(39)|afternoon	ALL	maftir	-
2024-06-01	chul|shabbos|Bechukosai|Omer(39)|afternoon	ALL	torah	1:Numbers:1:1:1:4 2:Numbers:1:5:1:16 3:Numbers:1:17:1:19
2024-06-01	chul|shabbos|Bechukosai|Omer(39)|morning	ALL	maftir	Leviticus:27:32:27:34
2024-06-01	chul|shabbos|Bechukosai|Omer(39)|morning	ALL	torah	1:Leviticus:26:3:26:5 2:Leviticus:26:6:26:9 3:Leviticus:26:10:26:46 4:Leviticus:27:1:27:15 5:Leviticus:27:16:27:21 6:Leviticus:27:22:27:28 7:Leviticus:27:29:27:34
2024-06-01	chul|shabbos|Bechukosai|Omer(39)|morning	Agadir+Algeria+Algiers+Ashkenaz+Bavlim+Chabad+ChayeyOdom+Djerba+Fes+Frankfurt+Hagra+Libya+Lita+Magreb+Marrakesh+Morocco+Persia+PureSephardim+Romania+Sefard+Toshbim	haftarah	Jeremiah:16:19:17:14
2024-06-01	chul|shabbos|Bechukosai|Omer(39)|morning	Baladi+Shami+Teiman	haftarah	Ezekiel:34:1:34:27
2024-06-01	chul|shabbos|Bechukosai|Omer(39)|morning	Italki+Poznan	haftarah	Ezekiel:34:1:34:15
2024-06-03	EY|Monday|Bemidbar|Omer(41)|morning	ALL	haftarah	-
2024-06-03	EY|Monday|Bemidbar|Omer(41)|morning	ALL	maftir	-
2024-06-03	EY|Monday|Bemidbar|Omer(41)|morning	ALL	torah	1:Numbers:1:1:1:4 2:Numbers:1:5:1:16 3:Numbers:1:17:1:19
2024-06-03	chul|Monday|Bemidbar|Omer(41)|morning	ALL	haftarah	-
2024-06-03	chul|Monday|Bemidbar|Omer(41)|morning	ALL	maftir	-
2024-06-03	chul|Monday|Bemidbar|Omer(41)|morning	ALL	torah	1:Numbers:1:1:1:4 2:Numbers:1:5:1:16 3:Numbers:1:17:1:19
2024-06-06	EY|Thursday|Bemidbar|ErevRoshChodesh+Omer(44)|morning	ALL	haftarah	-
2024-06-06	EY|Thursday|Bemidbar|ErevRoshChodesh+Omer(44)|morning	ALL	maftir	-
2024-06-06	EY|Thursday|Bemidbar|ErevRoshChodesh+Omer(44)|morning	ALL	torah	1:Numbers:1:1:1:4 2:Numbers:1:5:1:16 3:Numbers:1:17:1:19
2024-06-06	chul|Thursday|Bemidbar|ErevRoshChodesh+Omer(44)|morning	ALL	haftarah	-
2024-06-06	chul|Thursday|Bemidbar|ErevRoshChodesh+Omer(44)|morning	ALL	maftir	-
2024-06-06	chul|Thursday|Bemidbar|ErevRoshChodesh+Omer(44)|morning	ALL	torah	1:Numbers:1:1:1:4 2:Numbers:1:5:1:16 3:Numbers:1:17:1:19
2024-06-07	EY|Friday|Bemidbar|Omer(45)+RoshChodesh|morning	ALL	haftarah	-
2024-06-07	EY|Friday|Bemidbar|Omer(45)+RoshChodesh|morning	ALL	maftir	-
2024-06-07	EY|Friday|Bemidbar|Omer(45)+RoshChodesh|morning	Agadir+Algeria+Algiers+Ashkenaz+Baladi+Bavlim+Chabad+ChayeyOdom+Djerba+Fes+Frankfurt+Italki+Libya+Lita+Magreb+Marrakesh+Morocco+Persia+Poznan+PureSephardim+Romania+Sefard+Shami+Teiman+Toshbim	torah	1:Numbers:28:1:28:3 2:Numbers:28:3:28:5 3:Numbers:28:6:28:10 4:Numbers:28:11:28:15
2024-06-07	EY|Friday|Bemidbar|Omer(45)+RoshChodesh|morning	Hagra	torah	1:Numbers:28:1:28:3 2:Numbers:28:4:28:8 3:Numbers:28:6:28:10 4:Numbers:28:11:28:15
2024-06-07	chul|Friday|Bemidbar|Omer(45)+RoshChodesh|morning	ALL	haftarah	-
2024-06-07	chul|Friday|Bemidbar|Omer(45)+RoshChodesh|morning	ALL	maftir	-
2024-06-07	chul|Friday|Bemidbar|Omer(45)+RoshChodesh|morning	Agadir+Algeria+Algiers+Ashkenaz+Baladi+Bavlim+Chabad+ChayeyOdom+Djerba+Fes+Frankfurt+Italki+Libya+Lita+Magreb+Marrakesh+Morocco+Persia+Poznan+PureSephardim+Romania+Sefard+Shami+Teiman+Toshbim	torah	1:Numbers:28:1:28:3 2:Numbers:28:3:28:5 3:Numbers:28:6:28:10 4:Numbers:28:11:28:15
2024-06-07	chul|Friday|Bemidbar|Omer(45)+RoshChodesh|morning	Hagra	torah	1:Numbers:28:1:28:3 2:Numbers:28:4:28:8 3:Numbers:28:6:28:10 4:Numbers:28:11:28:15
2024-06-08	EY|shabbos|Bemidbar|Omer(46)|afternoon	ALL	haftarah	-
2024-06-08	EY|shabbos|Bemidbar|Omer(46)|afternoon	ALL	maftir	-
2024-06-08	EY|shabbos|Bemidbar|Omer(46)|afternoon	ALL	torah	1:Numbers:4:21:4:24 2:Numbers:4:25:4:28 3:Numbers:4:29:4:37
2024-06-08	EY|shabbos|Bemidbar|Omer(46)|morning	ALL	haftarah	Hosea:2:1:2:22
2024-06-08	EY|shabbos|Bemidbar|Omer(46)|morning	ALL	maftir	Numbers:4:17:4:20
2024-06-08	EY|shabbos|Bemidbar|Omer(46)|morning	ALL	torah	1:Numbers:1:1:1:19 2:Numbers:1:20:1:54 3:Numbers:2:1:2:34 4:Numbers:3:1:3:13 5:Numbers:3:14:3:39 6:Numbers:3:40:3:51 7:Numbers:4:1:4:20
2024-06-08	chul|shabbos|Bemidbar|Omer(46)|afternoon	ALL	haftarah	-
2024-06-08	chul|shabbos|Bemidbar|Omer(46)|afternoon	ALL	maftir	-
2024-06-08	chul|shabbos|Bemidbar|Omer(46)|afternoon	ALL	torah	1:Numbers:4:21:4:24 2:Numbers:4:25:4:28 3:Numbers:4:29:4:37
2024-06-08	chul|shabbos|Bemidbar|Omer(46)|morning	ALL	haftarah	Hosea:2:1:2:22
2024-06-08	chul|shabbos|Bemidbar|Omer(46)|morning	ALL	maftir	Numbers:4:17:4:20
2024-06-08	chul|shabbos|Bemidbar|Omer(46)|morning	ALL	torah	1:Numbers:1:1:1:19 2:Numbers:1:20:1:54 3:Numbers:2:1:2:34 4:Numbers:3:1:3:13 5:Numbers:3:14:3:39 6:Numbers:3:40:3:51 7:Numbers:4:1:4:20
2024-06-10	EY|Monday|Nasso|Omer(48)|morning	ALL	haftarah	-
2024-06-10	EY|Monday|Nasso|Omer(48)|morning	ALL	maftir	-
2024-06-10	EY|Monday|Nasso|Omer(48)|morning	ALL	torah	1:Numbers:4:21:4:24 2:Numbers:4:25:4:28 3:Numbers:4:29:4:37
2024-06-10	chul|Monday|Nasso|Omer(48)|morning	ALL	haftarah	-
2024-06-10	chul|Monday|Nasso|Omer(48)|morning	ALL	maftir	-
2024-06-10	chul|Monday|Nasso|Omer(48)|morning	ALL	torah	1:Numbers:4:21:4:24 2:Numbers:4:25:4:28 3:Numbers:4:29:4:37
2024-06-12	EY|Wednesday|Nasso|Shavuos1|morning	ALL	maftir	Numbers:28:26:28:31
2024-06-12	EY|Wednesday|Nasso|Shavuos1|morning	ALL	torah	1:Exodus:19:1:19:6 2:Exodus:19:7:19:13 3:Exodus:19:14:19:19 4:Exodus:19:20:20:14 5:Exodus:20:15:20:22
2024-06-12	EY|Wednesday|Nasso|Shavuos1|morning	Agadir+Algeria+Algiers+Ashkenaz+Bavlim+Chabad+ChayeyOdom+Djerba+Fes+Frankfurt+Hagra+Italki+Libya+Lita+Magreb+Marrakesh+Morocco+Persia+Poznan+PureSephardim+Romania+Sefard+Toshbim	haftarah	Ezekiel:1:1:1:28 Ezekiel:3:12:3:12
2024-06-12	EY|Wednesday|Nasso|Shavuos1|morning	Baladi+Shami+Teiman	haftarah	Ezekiel:1:1:2:2 Ezekiel:3:12:3:12
2024-06-12	chul|Wednesday|Nasso|Shavuos1|morning	ALL	maftir	Numbers:28:26:28:31
2024-06-12	chul|Wednesday|Nasso|Shavuos1|morning	ALL	torah	1:Exodus:19:1:19:6 2:Exodus:19:7:19:13 3:Exodus:19:14:19:19 4:Exodus:19:20:20:14 5:Exodus:20:15:20:22
2024-06-12	chul|Wednesday|Nasso|Shavuos1|morning	Agadir+Algeria+Algiers+Ashkenaz+Bavlim+Chabad+ChayeyOdom+Djerba+Fes+Frankfurt+Hagra+Italki+Libya+Lita+Magreb+Marrakesh+Morocco+Persia+Poznan+PureSephardim+Romania+Sefard+Toshbim	haftarah	Ezekiel:1:1:1:28 Ezekiel:3:12:3:12
2024-06-12	chul|Wednesday|Nasso|Shavuos1|morning	Baladi+Shami+Teiman	haftarah	Ezekiel:1:1:2:2 Ezekiel:3:12:3:12
2024-06-13	chul|Thursday|Nasso|Shavuos2|morning	ALL	maftir	Numbers:28:26:28:31
2024-06-13	chul|Thursday|Nasso|Shavuos2|morning	ALL	torah	1:Deuteronomy:15:19:15:23 2:Deuteronomy:16:1:16:3 3:Deuteronomy:16:4:16:8 4:Deuteronomy:16:9:16:12 5:Deuteronomy:16:13:16:17
2024-06-13	chul|Thursday|Nasso|Shavuos2|morning	Agadir+Algeria+Algiers+Baladi+Bavlim+Chabad+Djerba+Fes+Italki+Libya+Magreb+Marrakesh+Morocco+Persia+PureSephardim+Sefard+Shami+Teiman+Toshbim	haftarah	Habakkuk:2:20:3:19
2024-06-13	chul|Thursday|Nasso|Shavuos2|morning	Ashkenaz+ChayeyOdom+Frankfurt+Hagra+Lita+Poznan+Romania	haftarah	Habakkuk:3:1:3:19
2024-07-06	EY|shabbos|Korach|ErevRoshChodesh+RoshChodesh|afternoon	ALL	haftarah	-
2024-07-06	EY|shabbos|Korach|ErevRoshChodesh+RoshChodesh|afternoon	ALL	maftir	-
2024-07-06	EY|shabbos|Korach|ErevRoshChodesh+RoshChodesh|afternoon	ALL	torah	1:Numbers:19:1:19:6 2:Numbers:19:7:19:9 3:Numbers:19:10:19:17
2024-07-06	EY|shabbos|Korach|ErevRoshChodesh+RoshChodesh|morning	ALL	maftir	Numbers:28:9:28:15
2024-07-06	EY|shabbos|Korach|ErevRoshChodesh+RoshChodesh|morning	ALL	torah	1:Numbers:16:1:16:13 2:Numbers:16:14:16:19 3:Numbers:16:20:17:8 4:Numbers:17:9:17:15 5:Numbers:17:16:17:24 6:Numbers:17:25:18:20 7:Numbers:18:21:18:32
2024-07-06	EY|shabbos|Korach|ErevRoshChodesh+RoshChodesh|morning	Agadir+Algeria+Algiers+Ashkenaz+Baladi+Bavlim+ChayeyOdom+Djerba+Frankfurt+Hagra+Italki+Libya+Lita+Magreb+Marrakesh+Morocco+Persia+Poznan+PureSephardim+Romania+Sefard+Shami+Teiman+Toshbim	haftarah	Isaiah:66:1:66:24 Isaiah:66:23:66:23
2024-07-06	EY|shabbos|Korach|ErevRoshChodesh+RoshChodesh|morning	Chabad+Fes	haftarah	Isaiah:66:1:66:24 Isaiah:66:23:66:23 SamuelI:20:18:20:18 SamuelI:20:42:20:42
2024-07-06	chul|shabbos|Korach|ErevRoshChodesh+RoshChodesh|afternoon	ALL	haftarah	-
2024-07-06	chul|shabbos|Korach|ErevRoshChodesh+RoshChodesh|afternoon	ALL	maftir	-
2024-07-06	chul|shabbos|Korach|ErevRoshChodesh+RoshChodesh|afternoon	ALL	torah	1:Numbers:19:1:19:6 2:Numbers:19:7:19:9 3:Numbers:19:10:19:17
2024-07-06	chul|shabbos|Korach|ErevRoshChodesh+RoshChodesh|morning	ALL	maftir	Numbers:28:9:28:15
2024-07-06	chul|shabbos|Korach|ErevRoshChodesh+RoshChodesh|morning	ALL	torah	1:Numbers:16:1:16:13 2:Numbers:16:14:16:19 3:Numbers:16:20:17:8 4:Numbers:17:9:17:15 5:Numbers:17:16:17:24 6:Numbers:17:25:18:20 7:Numbers:18:21:18:32
2024-07-06	chul|shabbos|Korach|ErevRoshChodesh+RoshChodesh|morning	Agadir+Algeria+Algiers+Ashkenaz+Baladi+Bavlim+ChayeyOdom+Djerba+Frankfurt+Hagra+Italki+Libya+Lita+Magreb+Marrakesh+Morocco+Persia+Poznan+PureSephardim+Romania+Sefard+Shami+Teiman+Toshbim	haftarah	Isaiah:66:1:66:24 Isaiah:66:23:66:23
2024-07-06	chul|shabbos|Korach|ErevRoshChodesh+RoshChodesh|morning	Chabad+Fes	haftarah	Isaiah:66:1:66:24 Isaiah:66:23:66:23 SamuelI:20:18:20:18 SamuelI:20:42:20:42
2024-07-07	EY|Sunday|Chukas|RoshChodesh|morning	ALL	haftarah	-
2024-07-07	EY|Sunday|Chukas|RoshChodesh|morning	ALL	maftir	-
2024-07-07	EY|Sunday|Chukas|RoshChodesh|morning	Agadir+Algeria+Algiers+Ashkenaz+Baladi+Bavlim+Chabad+ChayeyOdom+Djerba+Fes+Frankfurt+Italki+Libya+Lita+Magreb+Marrakesh+Morocco+Persia+Poznan+PureSephardim+Romania+Sefard+Shami+Teiman+Toshbim	torah	1:Numbers:28:1:28:3 2:Numbers:28:3:28:5 3:Numbers:28:6:28:10 4:Numbers:28:11:28:15
2024-07-07	EY|Sunday|Chukas|RoshChodesh|morning	Hagra	torah	1:Numbers:28:1:28:3 2:Numbers:28:4:28:8 3:Numbers:28:6:28:10 4:Numbers:28:11:28:15
2024-07-07	chul|Sunday|Chukas|RoshChodesh|morning	ALL	haftarah	-
2024-07-07	chul|Sunday|Chukas|RoshChodesh|morning	ALL	maftir	-
2024-07-07	chul|Sunday|Chukas|RoshChodesh|morning	Agadir+Algeria+Algiers+Ashkenaz+Baladi+Bavlim+Chabad+ChayeyOdom+Djerba+Fes+Frankfurt+Italki+Libya+Lita+Magreb+Marrakesh+Morocco+Persia+Poznan+PureSephardim+Romania+Sefard+Shami+Teiman+Toshbim	torah	1:Numbers:28:1:28:3 2:Numbers:28:3:28:5 3:Numbers:28:6:28:10 4:Numbers:28:11:28:15
2024-07-07	chul|Sunday|Chukas|RoshChodesh|morning	Hagra	torah	1:Numbers:28:1:28:3 2:Numbers:28:4:28:8 3:Numbers:28:6:28:10 4:Numbers:28:11:28:15
2024-07-23	EY|Tuesday|Pinchas|FastOfTammuz|afternoon	ALL	maftir	-
2024-07-23	EY|Tuesday|Pinchas|FastOfTammuz|afternoon	ALL	torah	1:Exodus:32:11:32:14 2:Exodus:34:1:34:3 3:Exodus:34:4:34:10
2024-07-23	EY|Tuesday|Pinchas|FastOfTammuz|afternoon	Agadir+Baladi+Bavlim+Djerba+Fes+Libya+Magreb+Morocco+Persia+PureSephardim+Sefard+Shami+Teiman+Toshbim	haftarah	-
2024-07-23	EY|Tuesday|Pinchas|FastOfTammuz|afternoon	Algeria+Marrakesh	haftarah	Hosea:14:2:14:10 Micah:7:18:7:20
2024-07-23	EY|Tuesday|Pinchas|FastOfTammuz|afternoon	Algiers+Ashkenaz+Chabad+ChayeyOdom+Frankfurt+Hagra+Italki+Lita+Poznan+Romania	haftarah	Isaiah:55:6:56:8
2024-07-23	EY|Tuesday|Pinchas|FastOfTammuz|morning	ALL	haftarah	-
2024-07-23	EY|Tuesday|Pinchas|FastOfTammuz|morning	ALL	maftir	-
2024-07-23	EY|Tuesday|Pinchas|FastOfTammuz|morning	ALL	torah	1:Exodus:32:11:32:14 2:Exodus:34:1:34:3 3:Exodus:34:4:34:10
2024-07-23	chul|Tuesday|Pinchas|FastOfTammuz|afternoon	ALL	maftir	-
2024-07-23	chul|Tuesday|Pinchas|FastOfTammuz|afternoon	ALL	torah	1:Exodus:32:11:32:14 2:Exodus:34:1:34:3 3:Exodus:34:4:34:10
2024-07-23	chul|Tuesday|Pinchas|FastOfTammuz|afternoon	Agadir+Baladi+Bavlim+Djerba+Fes+Libya+Magreb+Morocco+Persia+PureSephardim+Sefard+Shami+Teiman+Toshbim	haftarah	-
2024-07-23	chul|Tuesday|Pinchas|FastOfTammuz|afternoon	Algeria+Marrakesh	haftarah	Hosea:14:2:14:10 Micah:7:18:7:20
2024-07-23	chul|Tuesday|Pinchas|FastOfTammuz|afternoon	Algiers+Ashkenaz+Chabad+ChayeyOdom+Frankfurt+Hagra+Italki+Lita+Poznan+Romania	haftarah	Isaiah:55:6:56:8
2024-07-23	chul|Tuesday|Pinchas|FastOfTammuz|morning	ALL	haftarah	-
2024-07-23	chul|Tuesday|Pinchas|FastOfTammuz|morning	ALL	maftir	-
2024-07-23	chul|Tuesday|Pinchas|FastOfTammuz|morning	ALL	torah	1:Exodus:32:11:32:14 2:Exodus:34:1:34:3 3:Exodus:34:4:34:10
2024-08-05	EY|Monday|Devarim|RoshChodesh|morning	ALL	haftarah	-
2024-08-05	EY|Monday|Devarim|RoshChodesh|morning	ALL	maftir	-
2024-08-05	EY|Monday|Devarim|RoshChodesh|morning	Agadir+Algeria+Algiers+Ashkenaz+Baladi+Bavlim+Chabad+ChayeyOdom+Djerba+Fes+Frankfurt+Italki+Libya+Lita+Magreb+Marrakesh+Morocco+Persia+Poznan+PureSephardim+Romania+Sefard+Shami+Teiman+Toshbim	torah	1:Numbers:28:1:28:3 2:Numbers:28:3:28:5 3:Numbers:28:6:28:10 4:Numbers:28:11:28:15
2024-08-05	EY|Monday|Devarim|RoshChodesh|morning	Hagra	torah	1:Numbers:28:1:28:3 2:Numbers:28:4:28:8 3:Numbers:28:6:28:10 4:Numbers:28:11:28:15
2024-08-05	chul|Monday|Devarim|RoshChodesh|morning	ALL	haftarah	-
2024-08-05	chul|Monday|Devarim|RoshChodesh|morning	ALL	maftir	-
2024-08-05	chul|Monday|Devarim|RoshChodesh|morning	Agadir+Algeria+Algiers+Ashkenaz+Baladi+Bavlim+Chabad+ChayeyOdom+Djerba+Fes+Frankfurt+Italki+Libya+Lita+Magreb+Marrakesh+Morocco+Persia+Poznan+PureSephardim+Romania+Sefard+Shami+Teiman+Toshbim	torah	1:Numbers:28:1:28:3 2:Numbers:28:3:28:5 3:Numbers:28:6:28:10 4:Numbers:28:11:28:15
2024-08-05	chul|Monday|Devarim|RoshChodesh|morning	Hagra	torah	1:Numbers:28:1:28:3 2:Numbers:28:4:28:8 3:Numbers:28:6:28:10 4:Numbers:28:11:28:15
2024-08-13	EY|Tuesday|Va_eschanan|TishaBeAv|afternoon	ALL	maftir	-
2024-08-13	EY|Tuesday|Va_eschanan|TishaBeAv|afternoon	ALL	torah	1:Exodus:32:11:32:14 2:Exodus:34:1:34:3 3:Exodus:34:4:34:10
2024-08-13	EY|Tuesday|Va_eschanan|TishaBeAv|afternoon	Agadir+Baladi+Italki+Shami+Teiman	haftarah	Hosea:14:2:14:10
2024-08-13	EY|Tuesday|Va_eschanan|TishaBeAv|afternoon	Algeria+Algiers+Bavlim+Djerba+Fes+Libya+Magreb+Marrakesh+Morocco+Persia+PureSephardim+Sefard+Toshbim	haftarah	Hosea:14:2:14:10 Micah:7:18:7:20
2024-08-13	EY|Tuesday|Va_eschanan|TishaBeAv|afternoon	Ashkenaz+Chabad+ChayeyOdom+Frankfurt+Hagra+Lita+Poznan+Romania	haftarah	Isaiah:55:6:56:8
2024-08-13	EY|Tuesday|Va_eschanan|TishaBeAv|morning	ALL	maftir	-
2024-08-13	EY|Tuesday|Va_eschanan|TishaBeAv|morning	ALL	torah	1:Deuteronomy:4:25:4:29 2:Deuteronomy:4:30:4:35 3:Deuteronomy:4:36:4:40
2024-08-13	EY|Tuesday|Va_eschanan|TishaBeAv|morning	Agadir+Algeria+Algiers+Ashkenaz+Bavlim+Chabad+ChayeyOdom+Djerba+Fes+Frankfurt+Hagra+Italki+Libya+Lita+Magreb+Marrakesh+Morocco+Persia+Poznan+PureSephardim+Romania+Sefard+Toshbim	haftarah	Jeremiah:8:13:9:23
2024-08-13	EY|Tuesday|Va_eschanan|TishaBeAv|morning	Baladi+Shami+Teiman	haftarah	Jeremiah:6:16:6:17 Jeremiah:8:13:9:23
2024-08-13	chul|Tuesday|Va_eschanan|TishaBeAv|afternoon	ALL	maftir	-
2024-08-13	chul|Tuesday|Va_eschanan|TishaBeAv|afternoon	ALL	torah	1:Exodus:32:11:32:14 2:Exodus:34:1:34:3 3:Exodus:34:4:34:10
2024-08-13	chul|Tuesday|Va_eschanan|TishaBeAv|afternoon	Agadir+Baladi+Italki+Shami+Teiman	haftarah	Hosea:14:2:14:10
2024-08-13	chul|Tuesday|Va_eschanan|TishaBeAv|afternoon	Algeria+Algiers+Bavlim+Djerba+Fes+Libya+Magreb+Marrakesh+Morocco+Persia+PureSephardim+Sefard+Toshbim	haftarah	Hosea:14:2:14:10 Micah:7:18:7:20
2024-08-13	chul|Tuesday|Va_eschanan|TishaBeAv|afternoon	Ashkenaz+Chabad+ChayeyOdom+Frankfurt+Hagra+Lita+Poznan+Romania	haftarah	Isaiah:55:6:56:8
2024-08-13	chul|Tuesday|Va_eschanan|TishaBeAv|morning	ALL	maftir	-
2024-08-13	chul|Tuesday|Va_eschanan|TishaBeAv|morning	ALL	torah	1:Deuteronomy:4:25:4:29 2:Deuteronomy:4:30:4:35 3:Deuteronomy:4:36:4:40
2024-08-13	chul|Tuesday|Va_eschanan|TishaBeAv|morning	Agadir+Algeria+Algiers+Ashkenaz+Bavlim+Chabad+ChayeyOdom+Djerba+Fes+Frankfurt+Hagra+Italki+Libya+Lita+Magreb+Marrakesh+Morocco+Persia+Poznan+PureSephardim+Romania+Sefard+Toshbim	haftarah	Jeremiah:8:13:9:23
2024-08-13	chul|Tuesday|Va_eschanan|TishaBeAv|morning	Baladi+Shami+Teiman	haftarah	Jeremiah:6:16:6:17 Jeremiah:8:13:9:23
2024-09-02	EY|Monday|Shoftim|ErevRoshChodesh|morning	ALL	haftarah	-
2024-09-02	EY|Monday|Shoftim|ErevRoshChodesh|morning	ALL	maftir	-
2024-09-02	EY|Monday|Shoftim|ErevRoshChodesh|morning	ALL	torah	1:Deuteronomy:16:18:16:20 2:Deuteronomy:16:21:17:10 3:Deuteronomy:17:11:17:13
2024-09-02	chul|Monday|Shoftim|ErevRoshChodesh|morning	ALL	haftarah	-
2024-09-02	chul|Monday|Shoftim|ErevRoshChodesh|morning	ALL	maftir	-
2024-09-02	chul|Monday|Shoftim|ErevRoshChodesh|morning	ALL	torah	1:Deuteronomy:16:18:16:20 2:Deuteronomy:16:21:17:10 3:Deuteronomy:17:11:17:13
2024-09-03	EY|Tuesday|Shoftim|ErevRoshChodesh+RoshChodesh|morning	ALL	haftarah	-
2024-09-03	EY|Tuesday|Shoftim|ErevRoshChodesh+RoshChodesh|morning	ALL	maftir	-
2024-09-03	EY|Tuesday|Shoftim|ErevRoshChodesh+RoshChodesh|morning	Agadir+Algeria+Algiers+Ashkenaz+Baladi+Bavlim+Chabad+ChayeyOdom+Djerba+Fes+Frankfurt+Italki+Libya+Lita+Magreb+Marrakesh+Morocco+Persia+Poznan+PureSephardim+Romania+Sefard+Shami+Teiman+Toshbim	torah	1:Numbers:28:1:28:3 2:Numbers:28:3:28:5 3:Numbers:28:6:28:10 4:Numbers:28:11:28:15
2024-09-03	EY|Tuesday|Shoftim|ErevRoshChodesh+RoshChodesh|morning	Hagra	torah	1:Numbers:28:1:28:3 2:Numbers:28:4:28:8 3:Numbers:28:6:28:10 4:Numbers:28:11:28:15
2024-09-03	chul|Tuesday|Shoftim|ErevRoshChodesh+RoshChodesh|morning	ALL	haftarah	-
2024-09-03	chul|Tuesday|Shoftim|ErevRoshChodesh+RoshChodesh|morning	ALL	maftir	-
2024-09-03	chul|Tuesday|Shoftim|ErevRoshChodesh+RoshChodesh|morning	Agadir+Algeria+Algiers+Ashkenaz+Baladi+Bavlim+Chabad+ChayeyOdom+Djerba+Fes+Frankfurt+Italki+Libya+Lita+Magreb+Marrakesh+Morocco+Persia+Poznan+PureSephardim+Romania+Sefard+Shami+Teiman+Toshbim	torah	1:Numbers:28:1:28:3 2:Numbers:28:3:28:5 3:Numbers:28:6:28:10 4:Numbers:28:11:28:15
2024-09-03	chul|Tuesday|Shoftim|ErevRoshChodesh+RoshChodesh|morning	Hagra	torah	1:Numbers:28:1:28:3 2:Numbers:28:4:28:8 3:Numbers:28:6:28:10 4:Numbers:28:11:28:15
2024-09-04	EY|Wednesday|Shoftim|RoshChodesh|morning	ALL	haftarah	-
2024-09-04	EY|Wednesday|Shoftim|RoshChodesh|morning	ALL	maftir	-
2024-09-04	EY|Wednesday|Shoftim|RoshChodesh|morning	Agadir+Algeria+Algiers+Ashkenaz+Baladi+Bavlim+Chabad+ChayeyOdom+Djerba+Fes+Frankfurt+Italki+Libya+Lita+Magreb+Marrakesh+Morocco+Persia+Poznan+PureSephardim+Romania+Sefard+Shami+Teiman+Toshbim	torah	1:Numbers:28:1:28:3 2:Numbers:28:3:28:5 3:Numbers:28:6:28:10 4:Numbers:28:11:28:15
2024-09-04	EY|Wednesday|Shoftim|RoshChodesh|morning	Hagra	torah	1:Numbers:28:1:28:3 2:Numbers:28:4:28:8 3:Numbers:28:6:28:10 4:Numbers:28:11:28:15
2024-09-04	chul|Wednesday|Shoftim|RoshChodesh|morning	ALL	haftarah	-
2024-09-04	chul|Wednesday|Shoftim|RoshChodesh|morning	ALL	maftir	-
2024-09-04	chul|Wednesday|Shoftim|RoshChodesh|morning	Agadir+Algeria+Algiers+Ashkenaz+Baladi+Bavlim+Chabad+ChayeyOdom+Djerba+Fes+Frankfurt+Italki+Libya+Lita+Magreb+Marrakesh+Morocco+Persia+Poznan+PureSephardim+Romania+Sefard+Shami+Teiman+Toshbim	torah	1:Numbers:28:1:28:3 2:Numbers:28:3:28:5 3:Numbers:28:6:28:10 4:Numbers:28:11:28:15
2024-09-04	chul|Wednesday|Shoftim|RoshChodesh|morning	Hagra	torah	1:Numbers:28:1:28:3 2:Numbers:28:4:28:8 3:Numbers:28:6:28:10 4:Numbers:28:11:28:15
2024-10-03	EY|Thursday|Haazinu|RoshChodesh+RoshHashanah1|morning	ALL	haftarah	SamuelI:1:1:2:10
2024-10-03	EY|Thursday|Haazinu|RoshChodesh+RoshHashanah1|morning	ALL	maftir	Numbers:29:1:29:6
2024-10-03	EY|Thursday|Haazinu|RoshChodesh+RoshHashanah1|morning	ALL	torah	1:Genesis:21:1:21:4 2:Genesis:21:5:21:12 3:Genesis:21:13:21:21 4:Genesis:21:22:21:27 5:Genesis:21:28:21:34
2024-10-03	chul|Thursday|Haazinu|RoshChodesh+RoshHashanah1|morning	ALL	haftarah	SamuelI:1:1:2:10
2024-10-03	chul|Thursday|Haazinu|RoshChodesh+RoshHashanah1|morning	ALL	maftir	Numbers:29:1:29:6
2024-10-03	chul|Thursday|Haazinu|RoshChodesh+RoshHashanah1|morning	ALL	torah	1:Genesis:21:1:21:4 2:Genesis:21:5:21:12 3:Genesis:21:13:21:21 4:Genesis:21:22:21:27 5:Genesis:21:28:21:34
2024-10-04	EY|Friday|Haazinu|RoshHashanah2|morning	ALL	haftarah	Jeremiah:31:1:31:19
2024-10-04	EY|Friday|Haazinu|RoshHashanah2|morning	ALL	maftir	Numbers:29:1:29:6
2024-10-04	EY|Friday|Haazinu|RoshHashanah2|morning	ALL	torah	1:Genesis:22:1:22:3 2:Genesis:22:4:22:8 3:Genesis:22:9:22:14 4:Genesis:22:15:22:19 5:Genesis:22:20:22:24
2024-10-04	chul|Friday|Haazinu|RoshHashanah2|morning	ALL	haftarah	Jeremiah:31:1:31:19
2024-10-04	chul|Friday|Haazinu|RoshHashanah2|morning	ALL	maftir	Numbers:29:1:29:6
2024-10-04	chul|Friday|Haazinu|RoshHashanah2|morning	ALL	torah	1:Genesis:22:1:22:3 2:Genesis:22:4:22:8 3:Genesis:22:9:22:14 4:Genesis:22:15:22:19 5:Genesis:22:20:22:24
2024-10-06	EY|Sunday|-|FastOfGedalia|afternoon	ALL	maftir	-
2024-10-06	EY|Sunday|-|FastOfGedalia|afternoon	ALL	torah	1:Exodus:32:11:32:14 2:Exodus:34:1:34:3 3:Exodus:34:4:34:10
2024-10-06	EY|Sunday|-|FastOfGedalia|afternoon	Agadir+Baladi+Bavlim+Djerba+Libya+Magreb+Persia+PureSephardim+Sefard+Shami+Teiman+Toshbim	haftarah	-
2024-10-06	EY|Sunday|-|FastOfGedalia|afternoon	Algeria+Algiers+Ashkenaz+Chabad+ChayeyOdom+Fes+Frankfurt+Hagra+Italki+Lita+Morocco+Poznan+Romania	haftarah	Isaiah:55:6:56:8
2024-10-06	EY|Sunday|-|FastOfGedalia|afternoon	Marrakesh	haftarah	Hosea:14:2:14:10
2024-10-06	EY|Sunday|-|FastOfGedalia|morning	ALL	haftarah	-
2024-10-06	EY|Sunday|-|FastOfGedalia|morning	ALL	maftir	-
2024-10-06	EY|Sunday|-|FastOfGedalia|morning	ALL	torah	1:Exodus:32:11:32:14 2:Exodus:34:1:34:3 3:Exodus:34:4:34:10
2024-10-06	chul|Sunday|-|FastOfGedalia|afternoon	ALL	maftir	-
2024-10-06	chul|Sunday|-|FastOfGedalia|afternoon	ALL	torah	1:Exodus:32:11:32:14 2:Exodus:34:1:34:3 3:Exodus:34:4:34:10
2024-10-06	chul|Sunday|-|FastOfGedalia|afternoon	Agadir+Baladi+Bavlim+Djerba+Libya+Magreb+Persia+PureSephardim+Sefard+Shami+Teiman+Toshbim	haftarah	-
2024-10-06	chul|Sunday|-|FastOfGedalia|afternoon	Algeria+Algiers+Ashkenaz+Chabad+ChayeyOdom+Fes+Frankfurt+Hagra+Italki+Lita+Morocco+Poznan+Romania	haftarah	Isaiah:55:6:56:8
2024-10-06	chul|Sunday|-|FastOfGedalia|afternoon	Marrakesh	haftarah	Hosea:14:2:14:10
2024-10-06	chul|Sunday|-|FastOfGedalia|morning	ALL	haftarah	-
2024-10-06	chul|Sunday|-|FastOfGedalia|morning	ALL	maftir	-
2024-10-06	chul|Sunday|-|FastOfGedalia|morning	ALL	torah	1:Exodus:32:11:32:14 2:Exodus:34:1:34:3 3:Exodus:34:4:34:10
2024-10-12	EY|shabbos|-|YomKippur|afternoon	ALL	maftir	-
2024-10-12	EY|shabbos|-|YomKippur|afternoon	ALL	torah	1:Leviticus:18:1:18:5 2:Leviticus:18:6:18:21 3:Leviticus:18:22:18:30
2024-10-12	EY|shabbos|-|YomKippur|afternoon	Agadir+Algeria+Algiers+Ashkenaz+Baladi+Bavlim+Chabad+ChayeyOdom+Djerba+Fes+Frankfurt+Hagra+Libya+Lita+Magreb+Marrakesh+Morocco+Persia+Poznan+PureSephardim+Romania+Sefard+Shami+Teiman+Toshbim	haftarah	Jonah:1:1:4:11 Micah:7:18:7:20
2024-10-12	EY|shabbos|-|YomKippur|afternoon	Italki	haftarah	Obadiah:1:21:1:21 Jonah:1:1:4:11 Micah:7:18:7:20
2024-10-12	EY|shabbos|-|YomKippur|morning	ALL	maftir	Numbers:29:7:29:11
2024-10-12	EY|shabbos|-|YomKippur|morning	ALL	torah	1:Leviticus:16:1:16:3 2:Leviticus:16:4:16:6 3:Leviticus:16:7:16:11 4:Leviticus:16:12:16:17 5:Leviticus:16:18:16:24 6:Leviticus:16:25:16:30 7:Leviticus:16:31:16:34
2024-10-12	EY|shabbos|-|YomKippur|morning	Agadir+Algeria+Algiers+Ashkenaz+Bavlim+Chabad+ChayeyOdom+Djerba+Fes+Frankfurt+Hagra+Libya+Lita+Magreb+Marrakesh+Morocco+Persia+Poznan+PureSephardim+Romania+Sefard+Toshbim	haftarah	Isaiah:57:14:58:14
2024-10-12	EY|shabbos|-|YomKippur|morning	Baladi+Italki+Shami+Teiman	haftarah	Isaiah:57:14:58:14 Isaiah:59:20:59:21
2024-10-12	chul|shabbos|-|YomKippur|afternoon	ALL	maftir	-
2024-10-12	chul|shabbos|-|YomKippur|afternoon	ALL	torah	1:Leviticus:18:1:18:5 2:Leviticus:18:6:18:21 3:Leviticus:18:22:18:30
2024-10-12	chul|shabbos|-|YomKippur|afternoon	Agadir+Algeria+Algiers+Ashkenaz+Baladi+Bavlim+Chabad+ChayeyOdom+Djerba+Fes+Frankfurt+Hagra+Libya+Lita+Magreb+Marrakesh+Morocco+Persia+Poznan+PureSephardim+Romania+Sefard+Shami+Teiman+Toshbim	haftarah	Jonah:1:1:4:11 Micah:7:18:7:20
2024-10-12	chul|shabbos|-|YomKippur|afternoon	Italki	haftarah	Obadiah:1:21:1:21 Jonah:1:1:4:11 Micah:7:18:7:20
2024-10-12	chul|shabbos|-|YomKippur|morning	ALL	maftir	Numbers:29:7:29:11
2024-10-12	chul|shabbos|-|YomKippur|morning	ALL	torah	1:Leviticus:16:1:16:3 2:Leviticus:16:4:16:6 3:Leviticus:16:7:16:11 4:Leviticus:16:12:16:17 5:Leviticus:16:18:16:24 6:Leviticus:16:25:16:30 7:Leviticus:16:31:16:34
2024-10-12	chul|shabbos|-|YomKippur|morning	Agadir+Algeria+Algiers+Ashkenaz+Bavlim+Chabad+ChayeyOdom+Djerba+Fes+Frankfurt+Hagra+Libya+Lita+Magreb+Marrakesh+Morocco+Persia+Poznan+PureSephardim+Romania+Sefard+Toshbim	haftarah	Isaiah:57:14:58:14
2024-10-12	chul|shabbos|-|YomKippur|morning	Baladi+Italki+Shami+Teiman	haftarah	Isaiah:57:14:58:14 Isaiah:59:20:59:21
2024-10-17	EY|Thursday|-|Succos1|morning	ALL	maftir	Numbers:29:12:29:16
2024-10-17	EY|Thursday|-|Succos1|morning	ALL	torah	1:Leviticus:22:26:23:3 2:Leviticus:23:4:23:14 3:Leviticus:23:15:23:22 4:Leviticus:23:23:23:32 5:Leviticus:23:33:23:44
2024-10-17	EY|Thursday|-|Succos1|morning	Agadir+Algeria+Algiers+Ashkenaz+Bavlim+Chabad+ChayeyOdom+Djerba+Fes+Frankfurt+Hagra+Italki+Libya+Lita+Magreb+Marrakesh+Morocco+Persia+Poznan+PureSephardim+Romania+Sefard+Toshbim	haftarah	Zechariah:14:1:14:21
2024-10-17	EY|Thursday|-|Succos1|morning	Baladi+Shami+Teiman	haftarah	Zechariah:13:9:14:21
2024-10-17	chul|Thursday|-|Succos1|morning	ALL	maftir	Numbers:29:12:29:16
2024-10-17	chul|Thursday|-|Succos1|morning	ALL	torah	1:Leviticus:22:26:23:3 2:Leviticus:23:4:23:14 3:Leviticus:23:15:23:22 4:Leviticus:23:23:23:32 5:Leviticus:23:33:23:44
2024-10-17	chul|Thursday|-|Succos1|morning	Agadir+Algeria+Algiers+Ashkenaz+Bavlim+Chabad+ChayeyOdom+Djerba+Fes+Frankfurt+Hagra+Italki+Libya+Lita+Magreb+Marrakesh+Morocco+Persia+Poznan+PureSephardim+Romania+Sefard+Toshbim	haftarah	Zechariah:14:1:14:21
2024-10-17	chul|Thursday|-|Succos1|morning	Baladi+Shami+Teiman	haftarah	Zechariah:13:9:14:21
2024-10-18	EY|Friday|-|SuccosIntermediate1InHolyLand|morning	ALL	haftarah	-
2024-10-18	EY|Friday|-|SuccosIntermediate1InHolyLand|morning	ALL	maftir	-
2024-10-18	EY|Friday|-|SuccosIntermediate1InHolyLand|morning	Agadir+Algeria+Algiers+Baladi+Bavlim+Djerba+Fes+Libya+Magreb+Marrakesh+Morocco+Persia+PureSephardim+Sefard+Shami+Teiman+Toshbim	torah	1:Numbers:29:17:29:19 2:Numbers:29:17:29:19 3:Numbers:29:17:29:19 4:Numbers:29:17:29:19
2024-10-18	EY|Friday|-|SuccosIntermediate1InHolyLand|morning	Ashkenaz+Chabad+ChayeyOdom+Frankfurt+Hagra+Italki+Lita+Poznan+Romania	torah	1:Numbers:29:17:29:19 2:Numbers:29:20:29:22 3:Numbers:29:23:29:25 4:Numbers:29:17:29:19
2024-10-18	chul|Friday|-|Succos2|morning	ALL	maftir	Numbers:29:12:29:16
2024-10-18	chul|Friday|-|Succos2|morning	ALL	torah	1:Leviticus:22:26:23:3 2:Leviticus:23:4:23:14 3:Leviticus:23:15:23:22 4:Leviticus:23:23:23:32 5:Leviticus:23:33:23:44
2024-10-18	chul|Friday|-|Succos2|morning	Agadir+Algeria+Algiers+Ashkenaz+Bavlim+Chabad+ChayeyOdom+Djerba+Fes+Frankfurt+Hagra+Libya+Lita+Magreb+Marrakesh+Morocco+Persia+Poznan+PureSephardim+Romania+Sefard+Toshbim	haftarah	KingsI:8:2:8:21
2024-10-18	chul|Friday|-|Succos2|morning	Baladi+Shami+Teiman	haftarah	KingsI:7:51:8:21
2024-10-18	chul|Friday|-|Succos2|morning	Italki	haftarah	KingsI:7:51:8:15
2024-10-19	EY|shabbos|-|SuccosIntermediate2InHolyLand|afternoon	ALL	haftarah	-
2024-10-19	EY|shabbos|-|SuccosIntermediate2InHolyLand|afternoon	ALL	maftir	-
2024-10-19	EY|shabbos|-|SuccosIntermediate2InHolyLand|afternoon	ALL	torah	1:Genesis:1:1:1:5 2:Genesis:1:6:1:8 3:Genesis:1:9:1:13
2024-10-19	EY|shabbos|-|SuccosIntermediate2InHolyLand|morning	ALL	maftir	Numbers:29:20:29:22
2024-10-19	EY|shabbos|-|SuccosIntermediate2InHolyLand|morning	ALL	torah	1:Exodus:33:12:33:16 2:Exodus:33:17:33:19 3:Exodus:33:20:33:23 4:Exodus:34:1:34:3 5:Exodus:34:4:34:10 6:Exodus:34:11:34:17 7:Exodus:34:18:34:26
2024-10-19	EY|shabbos|-|SuccosIntermediate2InHolyLand|morning	Agadir+Algeria+Algiers+Ashkenaz+Bavlim+Chabad+ChayeyOdom+Djerba+Fes+Frankfurt+Hagra+Libya+Lita+Magreb+Marrakesh+Morocco+Persia+Poznan+PureSephardim+Romania+Sefard+Toshbim	haftarah	Ezekiel:38:18:39:16
2024-10-19	EY|shabbos|-|SuccosIntermediate2InHolyLand|morning	Baladi+Italki+Shami+Teiman	haftarah	Ezekiel:38:1:38:23
2024-10-19	chul|shabbos|-|SuccosIntermediate1|afternoon	ALL	haftarah	-
2024-10-19	chul|shabbos|-|SuccosIntermediate1|afternoon	ALL	maftir	-
2024-10-19	chul|shabbos|-|SuccosIntermediate1|afternoon	ALL	torah	1:Genesis:1:1:1:5 2:Genesis:1:6:1:8 3:Genesis:1:9:1:13
2024-10-19	chul|shabbos|-|SuccosIntermediate1|morning	ALL	maftir	Numbers:29:17:29:22
2024-10-19	chul|shabbos|-|SuccosIntermediate1|morning	ALL	torah	1:Exodus:33:12:33:16 2:Exodus:33:17:33:19 3:Exodus:33:20:33:23 4:Exodus:34:1:34:3 5:Exodus:34:4:34:10 6:Exodus:34:11:34:17 7:Exodus:34:18:34:26
2024-10-19	chul|shabbos|-|SuccosIntermediate1|morning	Agadir+Algeria+Algiers+Ashkenaz+Bavlim+Chabad+ChayeyOdom+Djerba+Fes+Frankfurt+Hagra+Libya+Lita+Magreb+Marrakesh+Morocco+Persia+Poznan+PureSephardim+Romania+Sefard+Toshbim	haftarah	Ezekiel:38:18:39:16
2024-10-19	chul|shabbos|-|SuccosIntermediate1|morning	Baladi+Italki+Shami+Teiman	haftarah	Ezekiel:38:1:38:23
2024-10-20	EY|Sunday|Bereishis|SuccosIntermediate3InHolyLand|morning	ALL	haftarah	-
2024-10-20	EY|Sunday|Bereishis|SuccosIntermediate3InHolyLand|morning	ALL	maftir	-
2024-10-20	EY|Sunday|Bereishis|SuccosIntermediate3InHolyLand|morning	Agadir+Algeria+Algiers+Baladi+Bavlim+Djerba+Fes+Libya+Magreb+Marrakesh+Morocco+Persia+PureSephardim+Sefard+Shami+Teiman+Toshbim	torah	1:Numbers:29:23:29:25 2:Numbers:29:23:29:25 3:Numbers:29:23:29:25 4:Numbers:29:23:29:25
2024-10-20	EY|Sunday|Bereishis|SuccosIntermediate3InHolyLand|morning	Ashkenaz+Chabad+ChayeyOdom+Frankfurt+Hagra+Italki+Lita+Poznan+Romania	torah	1:Numbers:29:23:29:25 2:Numbers:29:26:29:28 3:Numbers:29:29:29:31 4:Numbers:29:23:29:25
2024-10-20	chul|Sunday|Bereishis|SuccosIntermediate2|morning	ALL	haftarah	-
2024-10-20	chul|Sunday|Bereishis|SuccosIntermediate2|morning	ALL	maftir	-
2024-10-20	chul|Sunday|Bereishis|SuccosIntermediate2|morning	Agadir+Algeria+Algiers+Baladi+Bavlim+Djerba+Fes+Libya+Magreb+Marrakesh+Morocco+Persia+PureSephardim+Sefard+Shami+Teiman+Toshbim	torah	1:Numbers:29:20:29:25 2:Numbers:29:20:29:25 3:Numbers:29:20:29:25 4:Numbers:29:20:29:25
2024-10-20	chul|Sunday|Bereishis|SuccosIntermediate2|morning	Ashkenaz+Chabad+ChayeyOdom+Frankfurt+Hagra+Italki+Lita+Poznan+Romania	torah	1:Numbers:29:20:29:22 2:Numbers:29:23:29:25 3:Numbers:29:26:29:28 4:Numbers:29:20:29:25
2024-10-21	EY|Monday|Bereishis|SuccosIntermediate4InHolyLand|morning	ALL	haftarah	-
2024-10-21	EY|Monday|Bereishis|SuccosIntermediate4InHolyLand|morning	ALL	maftir	-
2024-10-21	EY|Monday|Bereishis|SuccosIntermediate4InHolyLand|morning	Agadir+Algeria+Algiers+Baladi+Bavlim+Djerba+Fes+Libya+Magreb+Marrakesh+Morocco+Persia+PureSephardim+Sefard+Shami+Teiman+Toshbim	torah	1:Numbers:29:26:29:28 2:Numbers:29:26:29:28 3:Numbers:29:26:29:28 4:Numbers:29:26:29:28
2024-10-21	EY|Monday|Bereishis|SuccosIntermediate4InHolyLand|morning	Ashkenaz+Chabad+ChayeyOdom+Frankfurt+Hagra+Italki+Lita+Poznan+Romania	torah	1:Numbers:29:26:29:28 2:Numbers:29:29:29:31 3:Numbers:29:32:29:34 4:Numbers:29:26:29:28
2024-10-21	chul|Monday|Bereishis|SuccosIntermediate3|morning	ALL	haftarah	-
2024-10-21	chul|Monday|Bereishis|SuccosIntermediate3|morning	ALL	maftir	-
2024-10-21	chul|Monday|Bereishis|SuccosIntermediate3|morning	Agadir+Algeria+Algiers+Baladi+Bavlim+Djerba+Fes+Libya+Magreb+Marrakesh+Morocco+Persia+PureSephardim+Sefard+Shami+Teiman+Toshbim	torah	1:Numbers:29:23:29:28 2:Numbers:29:23:29:28 3:Numbers:29:23:29:28 4:Numbers:29:23:29:28
2024-10-21	chul|Monday|Bereishis|SuccosIntermediate3|morning	Ashkenaz+Chabad+ChayeyOdom+Frankfurt+Hagra+Italki+Lita+Poznan+Romania	torah	1:Numbers:29:23:29:25 2:Numbers:29:26:29:28 3:Numbers:29:29:29:31 4:Numbers:29:23:29:28
2024-10-22	EY|Tuesday|Bereishis|SuccosIntermediate5InHolyLand|morning	ALL	haftarah	-
2024-10-22	EY|Tuesday|Bereishis|SuccosIntermediate5InHolyLand|morning	ALL	maftir	-
2024-10-22	EY|Tuesday|Bereishis|SuccosIntermediate5InHolyLand|morning	Agadir+Algeria+Algiers+Baladi+Bavlim+Djerba+Fes+Libya+Magreb+Marrakesh+Morocco+Persia+PureSephardim+Sefard+Shami+Teiman+Toshbim	torah	1:Numbers:29:29:29:31 2:Numbers:29:29:29:31 3:Numbers:29:29:29:31 4:Numbers:29:29:29:31
2024-10-22	EY|Tuesday|Bereishis|SuccosIntermediate5InHolyLand|morning	Ashkenaz+Chabad+ChayeyOdom+Frankfurt+Hagra+Italki+Lita+Poznan+Romania	torah	1:Numbers:29:26:29:28 2:Numbers:29:29:29:31 3:Numbers:29:32:29:34 4:Numbers:29:29:29:31
2024-10-22	chul|Tuesday|Bereishis|SuccosIntermediate4|morning	ALL	haftarah	-
2024-10-22	chul|Tuesday|Bereishis|SuccosIntermediate4|morning	ALL	maftir	-
2024-10-22	chul|Tuesday|Bereishis|SuccosIntermediate4|morning	Agadir+Algeria+Algiers+Baladi+Bavlim+Djerba+Fes+Libya+Magreb+Marrakesh+Morocco+Persia+PureSephardim+Sefard+Shami+Teiman+Toshbim	torah	1:Numbers:29:26:29:31 2:Numbers:29:26:29:31 3:Numbers:29:26:29:31 4:Numbers:29:26:29:31
2024-10-22	chul|Tuesday|Bereishis|SuccosIntermediate4|morning	Ashkenaz+Chabad+ChayeyOdom+Frankfurt+Hagra+Italki+Lita+Poznan+Romania	torah	1:Numbers:29:26:29:28 2:Numbers:29:29:29:31 3:Numbers:29:32:29:34 4:Numbers:29:26:29:31
2024-10-23	EY|Wednesday|Bereishis|HoshanahRabbahInHolyLand|morning	ALL	haftarah	-
2024-10-23	EY|Wednesday|Bereishis|HoshanahRabbahInHolyLand|morning	ALL	maftir	-
2024-10-23	EY|Wednesday|Bereishis|HoshanahRabbahInHolyLand|morning	Agadir+Algeria+Algiers+Baladi+Bavlim+Djerba+Fes+Libya+Magreb+Marrakesh+Morocco+Persia+PureSephardim+Sefard+Shami+Teiman+Toshbim	torah	1:Numbers:29:32:29:34 2:Numbers:29:32:29:34 3:Numbers:29:32:29:34 4:Numbers:29:32:29:34
2024-10-23	EY|Wednesday|Bereishis|HoshanahRabbahInHolyLand|morning	Ashkenaz+Chabad+ChayeyOdom+Frankfurt+Hagra+Italki+Lita+Poznan+Romania	torah	1:Numbers:29:26:29:28 2:Numbers:29:29:29:31 3:Numbers:29:32:29:34 4:Numbers:29:32:29:34
2024-10-23	chul|Wednesday|Bereishis|HoshanahRabbah|morning	ALL	haftarah	-
2024-10-23	chul|Wednesday|Bereishis|HoshanahRabbah|morning	ALL	maftir	-
2024-10-23	chul|Wednesday|Bereishis|HoshanahRabbah|morning	Agadir+Algeria+Algiers+Baladi+Bavlim+Djerba+Fes+Libya+Magreb+Marrakesh+Morocco+Persia+PureSephardim+Sefard+Shami+Teiman+Toshbim	torah	1:Numbers:29:29:29:34 2:Numbers:29:29:29:34 3:Numbers:29:29:29:34 4:Numbers:29:29:29:34
2024-10-23	chul|Wednesday|Bereishis|HoshanahRabbah|morning	Ashkenaz+Chabad+ChayeyOdom+Frankfurt+Hagra+Italki+Lita+Poznan+Romania	torah	1:Numbers:29:26:29:28 2:Numbers:29:29:29:31 3:Numbers:29:32:29:34 4:Numbers:29:29:29:34
2024-10-24	EY|Thursday|Bereishis|SheminiAtzeresAndSimchasTorahInHolyLand|morning	ALL	maftir	Numbers:29:35:30:1
2024-10-24	EY|Thursday|Bereishis|SheminiAtzeresAndSimchasTorahInHolyLand|morning	ALL	torah	1:Deuteronomy:33:1:33:7 2:Deuteronomy:33:8:33:12 3:Deuteronomy:33:13:33:17 4:Deuteronomy:33:18:33:21 5:Deuteronomy:33:22:33:26 6:Deuteronomy:33:27:34:12 7:Genesis:1:1:2:3
2024-10-24	EY|Thursday|Bereishis|SheminiAtzeresAndSimchasTorahInHolyLand|morning	Agadir+Algeria+Algiers+Bavlim+Djerba+Fes+Libya+Magreb+Marrakesh+Morocco+Persia+PureSephardim+Sefard+Toshbim	haftarah	Joshua:1:1:1:9
2024-10-24	EY|Thursday|Bereishis|SheminiAtzeresAndSimchasTorahInHolyLand|morning	Ashkenaz+Chabad+ChayeyOdom+Frankfurt+Hagra+Italki+Lita+Poznan	haftarah	Joshua:1:1:1:18
2024-10-24	EY|Thursday|Bereishis|SheminiAtzeresAndSimchasTorahInHolyLand|morning	Baladi+Shami+Teiman	haftarah	Joshua:1:1:1:9 Joshua:6:27:6:27
2024-10-24	EY|Thursday|Bereishis|SheminiAtzeresAndSimchasTorahInHolyLand|morning	Romania	haftarah	KingsI:8:22:8:34
2024-10-24	chul|Thursday|Bereishis|SheminiAtzeres|morning	ALL	maftir	Numbers:29:35:30:1
2024-10-24	chul|Thursday|Bereishis|SheminiAtzeres|morning	ALL	torah	1:Deuteronomy:14:22:15:23 2:Deuteronomy:16:1:16:3 3:Deuteronomy:16:4:16:8 4:Deuteronomy:16:9:16:12 5:Deuteronomy:16:13:16:17
2024-10-24	chul|Thursday|Bereishis|SheminiAtzeres|morning	Agadir+Algeria+Algiers+Ashkenaz+Baladi+Bavlim+ChayeyOdom+Djerba+Fes+Frankfurt+Hagra+Libya+Lita+Magreb+Marrakesh+Morocco+Persia+Poznan+PureSephardim+Romania+Sefard+Shami+Teiman+Toshbim	haftarah	KingsI:8:54:8:66
2024-10-24	chul|Thursday|Bereishis|SheminiAtzeres|morning	Chabad+Italki	haftarah	KingsI:8:54:9:1
2024-10-25	chul|Friday|Bereishis|SimchasTorah|evening	Agadir+Algeria+Algiers+Baladi+Bavlim+Chabad+Djerba+Fes+Libya+Magreb+Marrakesh+Morocco+Persia+PureSephardim+Romania+Sefard+Shami+Teiman+Toshbim	torah	-
2024-10-25	chul|Friday|Bereishis|SimchasTorah|evening	Ashkenaz+ChayeyOdom+Frankfurt+Hagra+Italki+Lita+Poznan	torah	1:Deuteronomy:33:1:33:7 2:Deuteronomy:33:8:33:12 3:Deuteronomy:33:13:33:17 4:Deuteronomy:33:18:33:21 5:Deuteronomy:33:22:33:26
2024-10-25	chul|Friday|Bereishis|SimchasTorah|morning	ALL	maftir	Numbers:29:35:30:1
2024-10-25	chul|Friday|Bereishis|SimchasTorah|morning	ALL	torah	1:Deuteronomy:33:1:33:7 2:Deuteronomy:33:8:33:12 3:Deuteronomy:33:13:33:17 4:Deuteronomy:33:18:33:21 5:Deuteronomy:33:22:33:26 6:Deuteronomy:33:27:34:12 7:Genesis:1:1:2:3
2024-10-25	chul|Friday|Bereishis|SimchasTorah|morning	Agadir+Algeria+Algiers+Bavlim+Djerba+Fes+Libya+Magreb+Marrakesh+Morocco+Persia+PureSephardim+Sefard+Toshbim	haftarah	Joshua:1:1:1:9
2024-10-25	chul|Friday|Bereishis|SimchasTorah|morning	Ashkenaz+Chabad+ChayeyOdom+Frankfurt+Hagra+Italki+Lita+Poznan	haftarah	Joshua:1:1:1:18
2024-10-25	chul|Friday|Bereishis|SimchasTorah|morning	Baladi+Shami+Teiman	haftarah	Joshua:1:1:1:9 Joshua:6:27:6:27
2024-10-25	chul|Friday|Bereishis|SimchasTorah|morning	Romania	haftarah	KingsI:8:22:8:34
2024-10-31	EY|Thursday|Noach|ErevRoshChodesh|morning	ALL	haftarah	-
2024-10-31	EY|Thursday|Noach|ErevRoshChodesh|morning	ALL	maftir	-
2024-10-31	EY|Thursday|Noach|ErevRoshChodesh|morning	ALL	torah	1:Genesis:6:9:6:16 2:Genesis:6:17:6:19 3:Genesis:6:20:6:22
2024-10-31	chul|Thursday|Noach|ErevRoshChodesh|morning	ALL	haftarah	-
2024-10-31	chul|Thursday|Noach|ErevRoshChodesh|morning	ALL	maftir	-
2024-10-31	chul|Thursday|Noach|ErevRoshChodesh|morning	ALL	torah	1:Genesis:6:9:6:16 2:Genesis:6:17:6:19 3:Genesis:6:20:6:22
2024-11-01	EY|Friday|Noach|ErevRoshChodesh+RoshChodesh|morning	ALL	haftarah	-
2024-11-01	EY|Friday|Noach|ErevRoshChodesh+RoshChodesh|morning	ALL	maftir	-
2024-11-01	EY|Friday|Noach|ErevRoshChodesh+RoshChodesh|morning	Agadir+Algeria+Algiers+Ashkenaz+Baladi+Bavlim+Chabad+ChayeyOdom+Djerba+Fes+Frankfurt+Italki+Libya+Lita+Magreb+Marrakesh+Morocco+Persia+Poznan+PureSephardim+Romania+Sefard+Shami+Teiman+Toshbim	torah	1:Numbers:28:1:28:3 2:Numbers:28:3:28:5 3:Numbers:28:6:28:10 4:Numbers:28:11:28:15
2024-11-01	EY|Friday|Noach|ErevRoshChodesh+RoshChodesh|morning	Hagra	torah	1:Numbers:28:1:28:3 2:Numbers:28:4:28:8 3:Numbers:28:6:28:10 4:Numbers:28:11:28:15
2024-11-01	chul|Friday|Noach|ErevRoshChodesh+RoshChodesh|morning	ALL	haftarah	-
2024-11-01	chul|Friday|Noach|ErevRoshChodesh+RoshChodesh|morning	ALL	maftir	-
2024-11-01	chul|Friday|Noach|ErevRoshChodesh+RoshChodesh|morning	Agadir+Algeria+Algiers+Ashkenaz+Baladi+Bavlim+Chabad+ChayeyOdom+Djerba+Fes+Frankfurt+Italki+Libya+Lita+Magreb+Marrakesh+Morocco+Persia+Poznan+PureSephardim+Romania+Sefard+Shami+Teiman+Toshbim	torah	1:Numbers:28:1:28:3 2:Numbers:28:3:28:5 3:Numbers:28:6:28:10 4:Numbers:28:11:28:15
2024-11-01	chul|Friday|Noach|ErevRoshChodesh+RoshChodesh|morning	Hagra	torah	1:Numbers:28:1:28:3 2:Numbers:28:4:28:8 3:Numbers:28:6:28:10 4:Numbers:28:11:28:15
2024-11-02	EY|shabbos|Noach|RoshChodesh|afternoon	ALL	haftarah	-
2024-11-02	EY|shabbos|Noach|RoshChodesh|afternoon	ALL	maftir	-
2024-11-02	EY|shabbos|Noach|RoshChodesh|afternoon	ALL	torah	1:Genesis:12:1:12:3 2:Genesis:12:4:12:6 3:Genesis:12:7:12:13
2024-11-02	EY|shabbos|Noach|RoshChodesh|morning	ALL	haftarah	Isaiah:66:1:66:24 Isaiah:66:23:66:23
2024-11-02	EY|shabbos|Noach|RoshChodesh|morning	ALL	maftir	Numbers:28:9:28:15
2024-11-02	EY|shabbos|Noach|RoshChodesh|morning	ALL	torah	1:Genesis:6:9:6:22 2:Genesis:7:1:7:16 3:Genesis:7:17:8:14 4:Genesis:8:15:9:7 5:Genesis:9:8:9:17 6:Genesis:9:18:10:32 7:Genesis:11:1:11:32
2024-11-02	chul|shabbos|Noach|RoshChodesh|afternoon	ALL	haftarah	-
2024-11-02	chul|shabbos|Noach|RoshChodesh|afternoon	ALL	maftir	-
2024-11-02	chul|shabbos|Noach|RoshChodesh|afternoon	ALL	torah	1:Genesis:12:1:12:3 2:Genesis:12:4:12:6 3:Genesis:12:7:12:13
2024-11-02	chul|shabbos|Noach|RoshChodesh|morning	ALL	haftarah	Isaiah:66:1:66:24 Isaiah:66:23:66:23
2024-11-02	chul|shabbos|Noach|RoshChodesh|morning	ALL	maftir	Numbers:28:9:28:15
2024-11-02	chul|shabbos|Noach|RoshChodesh|morning	ALL	torah	1:Genesis:6:9:6:22 2:Genesis:7:1:7:16 3:Genesis:7:17:8:14 4:Genesis:8:15:9:7 5:Genesis:9:8:9:17 6:Genesis:9:18:10:32 7:Genesis:11:1:11:32
2024-11-30	EY|shabbos|Toldos|ErevRoshChodesh|afternoon	ALL	haftarah	-
2024-11-30	EY|shabbos|Toldos|ErevRoshChodesh|afternoon	ALL	maftir	-
2024-11-30	EY|shabbos|Toldos|ErevRoshChodesh|afternoon	ALL	torah	1:Genesis:28:10:28:12 2:Genesis:28:13:28:17 3:Genesis:28:18:28:22
2024-11-30	EY|shabbos|Toldos|ErevRoshChodesh|morning	ALL	maftir	Genesis:28:7:28:9
2024-11-30	EY|shabbos|Toldos|ErevRoshChodesh|morning	ALL	torah	1:Genesis:25:19:26:5 2:Genesis:26:6:26:12 3:Genesis:26:13:26:22 4:Genesis:26:23:26:29 5:Genesis:26:30:27:27 6:Genesis:27:28:28:4 7:Genesis:28:5:28:9
2024-11-30	EY|shabbos|Toldos|ErevRoshChodesh|morning	Agadir+Algeria+Algiers+Ashkenaz+Baladi+Bavlim+Chabad+ChayeyOdom+Djerba+Frankfurt+Hagra+Italki+Libya+Lita+Magreb+Marrakesh+Morocco+Persia+Poznan+PureSephardim+Romania+Sefard+Shami+Teiman+Toshbim	haftarah	SamuelI:20:18:20:42
2024-11-30	EY|shabbos|Toldos|ErevRoshChodesh|morning	Fes	haftarah	Malachi:1:1:2:7 SamuelI:20:18:20:18 SamuelI:20:42:20:42
2024-11-30	chul|shabbos|Toldos|ErevRoshChodesh|afternoon	ALL	haftarah	-
2024-11-30	chul|shabbos|Toldos|ErevRoshChodesh|afternoon	ALL	maftir	-
2024-11-30	chul|shabbos|Toldos|ErevRoshChodesh|afternoon	ALL	torah	1:Genesis:28:10:28:12 2:Genesis:28:13:28:17 3:Genesis:28:18:28:22
2024-11-30	chul|shabbos|Toldos|ErevRoshChodesh|morning	ALL	maftir	Genesis:28:7:28:9
2024-11-30	chul|shabbos|Toldos|ErevRoshChodesh|morning	ALL	torah	1:Genesis:25:19:26:5 2:Genesis:26:6:26:12 3:Genesis:26:13:26:22 4:Genesis:26:23:26:29 5:Genesis:26:30:27:27 6:Genesis:27:28:28:4 7:Genesis:28:5:28:9
2024-11-30	chul|shabbos|Toldos|ErevRoshChodesh|morning	Agadir+Algeria+Algiers+Ashkenaz+Baladi+Bavlim+Chabad+ChayeyOdom+Djerba+Frankfurt+Hagra+Italki+Libya+Lita+Magreb+Marrakesh+Morocco+Persia+Poznan+PureSephardim+Romania+Sefard+Shami+Teiman+Toshbim	haftarah	SamuelI:20:18:20:42
2024-11-30	chul|shabbos|Toldos|ErevRoshChodesh|morning	Fes	haftarah	Malachi:1:1:2:7 SamuelI:20:18:20:18 SamuelI:20:42:20:42
2024-12-01	EY|Sunday|Vayeitzei|ErevRoshChodesh+RoshChodesh|morning	ALL	haftarah	-
2024-12-01	EY|Sunday|Vayeitzei|ErevRoshChodesh+RoshChodesh|morning	ALL	maftir	-
2024-12-01	EY|Sunday|Vayeitzei|ErevRoshChodesh+RoshChodesh|morning	Agadir+Algeria+Algiers+Ashkenaz+Baladi+Bavlim+Chabad+ChayeyOdom+Djerba+Fes+Frankfurt+Italki+Libya+Lita+Magreb+Marrakesh+Morocco+Persia+Poznan+PureSephardim+Romania+Sefard+Shami+Teiman+Toshbim	torah	1:Numbers:28:1:28:3 2:Numbers:28:3:28:5 3:Numbers:28:6:28:10 4:Numbers:28:11:28:15
2024-12-01	EY|Sunday|Vayeitzei|ErevRoshChodesh+RoshChodesh|morning	Hagra	torah	1:Numbers:28:1:28:3 2:Numbers:28:4:28:8 3:Numbers:28:6:28:10 4:Numbers:28:11:28:15
2024-12-01	chul|Sunday|Vayeitzei|ErevRoshChodesh+RoshChodesh|morning	ALL	haftarah	-
2024-12-01	chul|Sunday|Vayeitzei|ErevRoshChodesh+RoshChodesh|morning	ALL	maftir	-
2024-12-01	chul|Sunday|Vayeitzei|ErevRoshChodesh+RoshChodesh|morning	Agadir+Algeria+Algiers+Ashkenaz+Baladi+Bavlim+Chabad+ChayeyOdom+Djerba+Fes+Frankfurt+Italki+Libya+Lita+Magreb+Marrakesh+Morocco+Persia+Poznan+PureSephardim+Romania+Sefard+Shami+Teiman+Toshbim	torah	1:Numbers:28:1:28:3 2:Numbers:28:3:28:5 3:Numbers:28:6:28:10 4:Numbers:28:11:28:15
2024-12-01	chul|Sunday|Vayeitzei|ErevRoshChodesh+RoshChodesh|morning	Hagra	torah	1:Numbers:28:1:28:3 2:Numbers:28:4:28:8 3:Numbers:28:6:28:10 4:Numbers:28:11:28:15
2024-12-02	EY|Monday|Vayeitzei|RoshChodesh|morning	ALL	haftarah	-
2024-12-02	EY|Monday|Vayeitzei|RoshChodesh|morning	ALL	maftir	-
2024-12-02	EY|Monday|Vayeitzei|RoshChodesh|morning	Agadir+Algeria+Algiers+Ashkenaz+Baladi+Bavlim+Chabad+ChayeyOdom+Djerba+Fes+Frankfurt+Italki+Libya+Lita+Magreb+Marrakesh+Morocco+Persia+Poznan+PureSephardim+Romania+Sefard+Shami+Teiman+Toshbim	torah	1:Numbers:28:1:28:3 2:Numbers:28:3:28:5 3:Numbers:28:6:28:10 4:Numbers:28:11:28:15
2024-12-02	EY|Monday|Vayeitzei|RoshChodesh|morning	Hagra	torah	1:Numbers:28:1:28:3 2:Numbers:28:4:28:8 3:Numbers:28:6:28:10 4:Numbers:28:11:28:15
2024-12-02	chul|Monday|Vayeitzei|RoshChodesh|morning	ALL	haftarah	-
2024-12-02	chul|Monday|Vayeitzei|RoshChodesh|morning	ALL	maftir	-
2024-12-02	chul|Monday|Vayeitzei|RoshChodesh|morning	Agadir+Algeria+Algiers+Ashkenaz+Baladi+Bavlim+Chabad+ChayeyOdom+Djerba+Fes+Frankfurt+Italki+Libya+Lita+Magreb+Marrakesh+Morocco+Persia+Poznan+PureSephardim+Romania+Sefard+Shami+Teiman+Toshbim	torah	1:Numbers:28:1:28:3 2:Numbers:28:3:28:5 3:Numbers:28:6:28:10 4:Numbers:28:11:28:15
2024-12-02	chul|Monday|Vayeitzei|RoshChodesh|morning	Hagra	torah	1:Numbers:28:1:28:3 2:Numbers:28:4:28:8 3:Numbers:28:6:28:10 4:Numbers:28:11:28:15
2024-12-23	EY|Monday|Mikeitz|-|morning	ALL	haftarah	-
2024-12-23	EY|Monday|Mikeitz|-|morning	ALL	maftir	-
2024-12-23	EY|Monday|Mikeitz|-|morning	ALL	torah	1:Genesis:41:1:41:4 2:Genesis:41:5:41:7 3:Genesis:41:8:41:14
2024-12-23	chul|Monday|Mikeitz|-|morning	ALL	haftarah	-
2024-12-23	chul|Monday|Mikeitz|-|morning	ALL	maftir	-
2024-12-23	chul|Monday|Mikeitz|-|morning	ALL	torah	1:Genesis:41:1:41:4 2:Genesis:41:5:41:7 3:Genesis:41:8:41:14
2024-12-26	EY|Thursday|Mikeitz|Chanukah1|morning	ALL	haftarah	-
2024-12-26	EY|Thursday|Mikeitz|Chanukah1|morning	ALL	maftir	-
2024-12-26	EY|Thursday|Mikeitz|Chanukah1|morning	Agadir+Algeria+Algiers+Baladi+Bavlim+Djerba+Fes+Libya+Magreb+Marrakesh+Morocco+Persia+PureSephardim+Sefard+Shami+Teiman+Toshbim	torah	1:Numbers:6:22:7:11 2:Numbers:7:12:7:14 3:Numbers:7:15:7:17
2024-12-26	EY|Thursday|Mikeitz|Chanukah1|morning	Ashkenaz+Chabad+ChayeyOdom+Frankfurt+Hagra+Italki+Lita+Poznan+Romania	torah	1:Numbers:7:1:7:11 2:Numbers:7:12:7:14 3:Numbers:7:15:7:17
2024-12-26	chul|Thursday|Mikeitz|Chanukah1|morning	ALL	haftarah	-
2024-12-26	chul|Thursday|Mikeitz|Chanukah1|morning	ALL	maftir	-
2024-12-26	chul|Thursday|Mikeitz|Chanukah1|morning	Agadir+Algeria+Algiers+Baladi+Bavlim+Djerba+Fes+Libya+Magreb+Marrakesh+Morocco+Persia+PureSephardim+Sefard+Shami+Teiman+Toshbim	torah	1:Numbers:6:22:7:11 2:Numbers:7:12:7:14 3:Numbers:7:15:7:17
2024-12-26	chul|Thursday|Mikeitz|Chanukah1|morning	Ashkenaz+Chabad+ChayeyOdom+Frankfurt+Hagra+Italki+Lita+Poznan+Romania	torah	1:Numbers:7:1:7:11 2:Numbers:7:12:7:14 3:Numbers:7:15:7:17
2024-12-27	EY|Friday|Mikeitz|Chanukah2|morning	ALL	haftarah	-
2024-12-27	EY|Friday|Mikeitz|Chanukah2|morning	ALL	maftir	-
2024-12-27	EY|Friday|Mikeitz|Chanukah2|morning	Agadir+Algeria+Algiers+Baladi+Bavlim+Djerba+Fes+Libya+Magreb+Marrakesh+Morocco+Persia+PureSephardim+Sefard+Shami+Teiman+Toshbim	torah	1:Numbers:7:18:7:20 2:Numbers:7:21:7:23 3:Numbers:7:18:7:23
2024-12-27	EY|Friday|Mikeitz|Chanukah2|morning	Ashkenaz+Chabad+ChayeyOdom+Frankfurt+Hagra+Italki+Lita+Poznan+Romania	torah	1:Numbers:7:18:7:20 2:Numbers:7:21:7:23 3:Numbers:7:24:7:29
2024-12-27	chul|Friday|Mikeitz|Chanukah2|morning	ALL	haftarah	-
2024-12-27	chul|Friday|Mikeitz|Chanukah2|morning	ALL	maftir	-
2024-12-27	chul|Friday|Mikeitz|Chanukah2|morning	Agadir+Algeria+Algiers+Baladi+Bavlim+Djerba+Fes+Libya+Magreb+Marrakesh+Morocco+Persia+PureSephardim+Sefard+Shami+Teiman+Toshbim	torah	1:Numbers:7:18:7:20 2:Numbers:7:21:7:23 3:Numbers:7:18:7:23
2024-12-27	chul|Friday|Mikeitz|Chanukah2|morning	Ashkenaz+Chabad+ChayeyOdom+Frankfurt+Hagra+Italki+Lita+Poznan+Romania	torah	1:Numbers:7:18:7:20 2:Numbers:7:21:7:23 3:Numbers:7:24:7:29
2024-12-28	EY|shabbos|Mikeitz|Chanukah3|afternoon	ALL	haftarah	-
2024-12-28	EY|shabbos|Mikeitz|Chanukah3|afternoon	ALL	maftir	-
2024-12-28	EY|shabbos|Mikeitz|Chanukah3|afternoon	ALL	torah	1:Genesis:44:18:44:20 2:Genesis:44:21:44:24 3:Genesis:44:25:44:30
2024-12-28	EY|shabbos|Mikeitz|Chanukah3|morning	ALL	haftarah	Zechariah:2:14:4:7
2024-12-28	EY|shabbos|Mikeitz|Chanukah3|morning	ALL	maftir	Numbers:7:24:7:29
2024-12-28	EY|shabbos|Mikeitz|Chanukah3|morning	ALL	torah	1:Genesis:41:1:41:14 2:Genesis:41:15:41:38 3:Genesis:41:39:41:52 4:Genesis:41:53:42:18 5:Genesis:42:19:43:15 6:Genesis:43:16:43:29 7:Genesis:43:30:44:17
2024-12-28	chul|shabbos|Mikeitz|Chanukah3|afternoon	ALL	haftarah	-
2024-12-28	chul|shabbos|Mikeitz|Chanukah3|afternoon	ALL	maftir	-
2024-12-28	chul|shabbos|Mikeitz|Chanukah3|afternoon	ALL	torah	1:Genesis:44:18:44:20 2:Genesis:44:21:44:24 3:Genesis:44:25:44:30
2024-12-28	chul|shabbos|Mikeitz|Chanukah3|morning	ALL	haftarah	Zechariah:2:14:4:7
2024-12-28	chul|shabbos|Mikeitz|Chanukah3|morning	ALL	maftir	Numbers:7:24:7:29
2024-12-28	chul|shabbos|Mikeitz|Chanukah3|morning	ALL	torah	1:Genesis:41:1:41:14 2:Genesis:41:15:41:38 3:Genesis:41:39:41:52 4:Genesis:41:53:42:18 5:Genesis:42:19:43:15 6:Genesis:43:16:43:29 7:Genesis:43:30:44:17
2024-12-29	EY|Sunday|Vayigash|Chanukah4|morning	ALL	haftarah	-
2024-12-29	EY|Sunday|Vayigash|Chanukah4|morning	ALL	maftir	-
2024-12-29	EY|Sunday|Vayigash|Chanukah4|morning	Agadir+Algeria+Algiers+Baladi+Bavlim+Djerba+Fes+Libya+Magreb+Marrakesh+Morocco+Persia+PureSephardim+Sefard+Shami+Teiman+Toshbim	torah	1:Numbers:7:30:7:32 2:Numbers:7:33:7:35 3:Numbers:7:30:7:35
2024-12-29	EY|Sunday|Vayigash|Chanukah4|morning	Ashkenaz+Chabad+ChayeyOdom+Frankfurt+Hagra+Italki+Lita+Poznan+Romania	torah	1:Numbers:7:30:7:32 2:Numbers:7:33:7:35 3:Numbers:7:36:7:41
2024-12-29	chul|Sunday|Vayigash|Chanukah4|morning	ALL	haftarah	-
2024-12-29	chul|Sunday|Vayigash|Chanukah4|morning	ALL	maftir	-
2024-12-29	chul|Sunday|Vayigash|Chanukah4|morning	Agadir+Algeria+Algiers+Baladi+Bavlim+Djerba+Fes+Libya+Magreb+Marrakesh+Morocco+Persia+PureSephardim+Sefard+Shami+Teiman+Toshbim	torah	1:Numbers:7:30:7:32 2:Numbers:7:33:7:35 3:Numbers:7:30:7:35
2024-12-29	chul|Sunday|Vayigash|Chanukah4|morning	Ashkenaz+Chabad+ChayeyOdom+Frankfurt+Hagra+Italki+Lita+Poznan+Romania	torah	1:Numbers:7:30:7:32 2:Numbers:7:33:7:35 3:Numbers:7:36:7:41
2024-12-30	EY|Monday|Vayigash|Chanukah5+ErevRoshChodesh|morning	ALL	haftarah	-
2024-12-30	EY|Monday|Vayigash|Chanukah5+ErevRoshChodesh|morning	ALL	maftir	-
2024-12-30	EY|Monday|Vayigash|Chanukah5+ErevRoshChodesh|morning	Agadir+Algeria+Algiers+Baladi+Bavlim+Djerba+Fes+Libya+Magreb+Marrakesh+Morocco+Persia+PureSephardim+Sefard+Shami+Teiman+Toshbim	torah	1:Numbers:7:36:7:38 2:Numbers:7:39:7:41 3:Numbers:7:36:7:41
2024-12-30	EY|Monday|Vayigash|Chanukah5+ErevRoshChodesh|morning	Ashkenaz+Chabad+ChayeyOdom+Frankfurt+Hagra+Italki+Lita+Poznan+Romania	torah	1:Numbers:7:36:7:38 2:Numbers:7:39:7:41 3:Numbers:7:42:7:47
2024-12-30	chul|Monday|Vayigash|Chanukah5+ErevRoshChodesh|morning	ALL	haftarah	-
2024-12-30	chul|Monday|Vayigash|Chanukah5+ErevRoshChodesh|morning	ALL	maftir	-
2024-12-30	chul|Monday|Vayigash|Chanukah5+ErevRoshChodesh|morning	Agadir+Algeria+Algiers+Baladi+Bavlim+Djerba+Fes+Libya+Magreb+Marrakesh+Morocco+Persia+PureSephardim+Sefard+Shami+Teiman+Toshbim	torah	1:Numbers:7:36:7:38 2:Numbers:7:39:7:41 3:Numbers:7:36:7:41
2024-12-30	chul|Monday|Vayigash|Chanukah5+ErevRoshChodesh|morning	Ashkenaz+Chabad+ChayeyOdom+Frankfurt+Hagra+Italki+Lita+Poznan+Romania	torah	1:Numbers:7:36:7:38 2:Numbers:7:39:7:41 3:Numbers:7:42:7:47
2024-12-31	EY|Tuesday|Vayigash|Chanukah6+ErevRoshChodesh+RoshChodesh|morning	ALL	haftarah	-
2024-12-31	EY|Tuesday|Vayigash|Chanukah6+ErevRoshChodesh+RoshChodesh|morning	ALL	maftir	-
2024-12-31	EY|Tuesday|Vayigash|Chanukah6+ErevRoshChodesh+RoshChodesh|morning	ALL	torah	1:Numbers:28:1:28:5 2:Numbers:28:6:28:10 3:Numbers:28:11:28:15 4:Numbers:7:42:7:47
2024-12-31	chul|Tuesday|Vayigash|Chanukah6+ErevRoshChodesh+RoshChodesh|morning	ALL	haftarah	-
2024-12-31	chul|Tuesday|Vayigash|Chanukah6+ErevRoshChodesh+RoshChodesh|morning	ALL	maftir	-
2024-12-31	chul|Tuesday|Vayigash|Chanukah6+ErevRoshChodesh+RoshChodesh|morning	ALL	torah	1:Numbers:28:1:28:5 2:Numbers:28:6:28:10 3:Numbers:28:11:28:15 4:Numbers:7:42:7:47
2025-01-01	EY|Wednesday|Vayigash|Chanukah7+RoshChodesh|morning	ALL	haftarah	-
2025-01-01	EY|Wednesday|Vayigash|Chanukah7+RoshChodesh|morning	ALL	maftir	-
2025-01-01	EY|Wednesday|Vayigash|Chanukah7+RoshChodesh|morning	ALL	torah	1:Numbers:28:1:28:5 2:Numbers:28:6:28:10 3:Numbers:28:11:28:15 4:Numbers:7:48:7:53
2025-01-01	chul|Wednesday|Vayigash|Chanukah7+RoshChodesh|morning	ALL	haftarah	-
2025-01-01	chul|Wednesday|Vayigash|Chanukah7+RoshChodesh|morning	ALL	maftir	-
2025-01-01	chul|Wednesday|Vayigash|Chanukah7+RoshChodesh|morning	ALL	torah	1:Numbers:28:1:28:5 2:Numbers:28:6:28:10 3:Numbers:28:11:28:15 4:Numbers:7:48:7:53
2025-01-02	EY|Thursday|Vayigash|Chanukah8|morning	ALL	haftarah	-
2025-01-02	EY|Thursday|Vayigash|Chanukah8|morning	ALL	maftir	-
2025-01-02	EY|Thursday|Vayigash|Chanukah8|morning	Agadir+Algeria+Algiers+Baladi+Bavlim+Djerba+Fes+Libya+Magreb+Marrakesh+Morocco+Persia+PureSephardim+Sefard+Shami+Teiman+Toshbim	torah	1:Numbers:7:54:7:56 2:Numbers:7:57:7:59 3:Numbers:7:54:8:4
2025-01-02	EY|Thursday|Vayigash|Chanukah8|morning	Ashkenaz+Chabad+ChayeyOdom+Frankfurt+Hagra+Italki+Lita+Poznan+Romania	torah	1:Numbers:7:54:7:56 2:Numbers:7:57:7:59 3:Numbers:7:60:8:4
2025-01-02	chul|Thursday|Vayigash|Chanukah8|morning	ALL	haftarah	-
2025-01-02	chul|Thursday|Vayigash|Chanukah8|morning	ALL	maftir	-
2025-01-02	chul|Thursday|Vayigash|Chanukah8|morning	Agadir+Algeria+Algiers+Baladi+Bavlim+Djerba+Fes+Libya+Magreb+Marrakesh+Morocco+Persia+PureSephardim+Sefard+Shami+Teiman+Toshbim	torah	1:Numbers:7:54:7:56 2:Numbers:7:57:7:59 3:Numbers:7:54:8:4
2025-01-02	chul|Thursday|Vayigash|Chanukah8|morning	Ashkenaz+Chabad+ChayeyOdom+Frankfurt+Hagra+Italki+Lita+Poznan+Romania	torah	1:Numbers:7:54:7:56 2:Numbers:7:57:7:59 3:Numbers:7:60:8:4
2025-01-10	EY|Friday|Vayechi|FastOfTeves|afternoon	ALL	maftir	-
2025-01-10	EY|Friday|Vayechi|FastOfTeves|afternoon	ALL	torah	1:Exodus:32:11:32:14 2:Exodus:34:1:34:3 3:Exodus:34:4:34:10
2025-01-10	EY|Friday|Vayechi|FastOfTeves|afternoon	Agadir+Baladi+Bavlim+Djerba+Fes+Libya+Magreb+Morocco+Persia+PureSephardim+Sefard+Shami+Teiman+Toshbim	haftarah	-
2025-01-10	EY|Friday|Vayechi|FastOfTeves|afternoon	Algeria+Marrakesh	haftarah	Hosea:14:2:14:10 Micah:7:18:7:20
2025-01-10	EY|Friday|Vayechi|FastOfTeves|afternoon	Algiers+Ashkenaz+Chabad+ChayeyOdom+Frankfurt+Hagra+Italki+Lita+Poznan+Romania	haftarah	Isaiah:55:6:56:8
2025-01-10	EY|Friday|Vayechi|FastOfTeves|morning	ALL	haftarah	-
2025-01-10	EY|Friday|Vayechi|FastOfTeves|morning	ALL	maftir	-
2025-01-10	EY|Friday|Vayechi|FastOfTeves|morning	ALL	torah	1:Exodus:32:11:32:14 2:Exodus:34:1:34:3 3:Exodus:34:4:34:10
2025-01-10	chul|Friday|Vayechi|FastOfTeves|afternoon	ALL	maftir	-
2025-01-10	chul|Friday|Vayechi|FastOfTeves|afternoon	ALL	torah	1:Exodus:32:11:32:14 2:Exodus:34:1:34:3 3:Exodus:34:4:34:10
2025-01-10	chul|Friday|Vayechi|FastOfTeves|afternoon	Agadir+Baladi+Bavlim+Djerba+Fes+Libya+Magreb+Morocco+Persia+PureSephardim+Sefard+Shami+Teiman+Toshbim	haftarah	-
2025-01-10	chul|Friday|Vayechi|FastOfTeves|afternoon	Algeria+Marrakesh	haftarah	Hosea:14:2:14:10 Micah:7:18:7:20
2025-01-10	chul|Friday|Vayechi|FastOfTeves|afternoon	Algiers+Ashkenaz+Chabad+ChayeyOdom+Frankfurt+Hagra+Italki+Lita+Poznan+Romania	haftarah	Isaiah:55:6:56:8
2025-01-10	chul|Friday|Vayechi|FastOfTeves|morning	ALL	haftarah	-
2025-01-10	chul|Friday|Vayechi|FastOfTeves|morning	ALL	maftir	-
2025-01-10	chul|Friday|Vayechi|FastOfTeves|morning	ALL	torah	1:Exodus:32:11:32:14 2:Exodus:34:1:34:3 3:Exodus:34:4:34:10
2025-01-30	EY|Thursday|Bo|RoshChodesh|morning	ALL	haftarah	-
2025-01-30	EY|Thursday|Bo|RoshChodesh|morning	ALL	maftir	-
2025-01-30	EY|Thursday|Bo|RoshChodesh|morning	Agadir+Algeria+Algiers+Ashkenaz+Baladi+Bavlim+Chabad+ChayeyOdom+Djerba+Fes+Frankfurt+Italki+Libya+Lita+Magreb+Marrakesh+Morocco+Persia+Poznan+PureSephardim+Romania+Sefard+Shami+Teiman+Toshbim	torah	1:Numbers:28:1:28:3 2:Numbers:28:3:28:5 3:Numbers:28:6:28:10 4:Numbers:28:11:28:15
2025-01-30	EY|Thursday|Bo|RoshChodesh|morning	Hagra	torah	1:Numbers:28:1:28:3 2:Numbers:28:4:28:8 3:Numbers:28:6:28:10 4:Numbers:28:11:28:15
2025-01-30	chul|Thursday|Bo|RoshChodesh|morning	ALL	haftarah	-
2025-01-30	chul|Thursday|Bo|RoshChodesh|morning	ALL	maftir	-
2025-01-30	chul|Thursday|Bo|RoshChodesh|morning	Agadir+Algeria+Algiers+Ashkenaz+Baladi+Bavlim+Chabad+ChayeyOdom+Djerba+Fes+Frankfurt+Italki+Libya+Lita+Magreb+Marrakesh+Morocco+Persia+Poznan+PureSephardim+Romania+Sefard+Shami+Teiman+Toshbim	torah	1:Numbers:28:1:28:3 2:Numbers:28:3:28:5 3:Numbers:28:6:28:10 4:Numbers:28:11:28:15
2025-01-30	chul|Thursday|Bo|RoshChodesh|morning	Hagra	torah	1:Numbers:28:1:28:3 2:Numbers:28:4:28:8 3:Numbers:28:6:28:10 4:Numbers:28:11:28:15
2025-02-27	EY|Thursday|Terumah|ErevRoshChodesh|morning	ALL	haftarah	-
2025-02-27	EY|Thursday|Terumah|ErevRoshChodesh|morning	ALL	maftir	-
2025-02-27	EY|Thursday|Terumah|ErevRoshChodesh|morning	ALL	torah	1:Exodus:25:1:25:5 2:Exodus:25:6:25:9 3:Exodus:25:10:25:16
2025-02-27	chul|Thursday|Terumah|ErevRoshChodesh|morning	ALL	haftarah	-
2025-02-27	chul|Thursday|Terumah|ErevRoshChodesh|morning	ALL	maftir	-
2025-02-27	chul|Thursday|Terumah|ErevRoshChodesh|morning	ALL	torah	1:Exodus:25:1:25:5 2:Exodus:25:6:25:9 3:Exodus:25:10:25:16
2025-02-28	EY|Friday|Terumah|ErevRoshChodesh+RoshChodesh|morning	ALL	haftarah	-
2025-02-28	EY|Friday|Terumah|ErevRoshChodesh+RoshChodesh|morning	ALL	maftir	-
2025-02-28	EY|Friday|Terumah|ErevRoshChodesh+RoshChodesh|morning	Agadir+Algeria+Algiers+Ashkenaz+Baladi+Bavlim+Chabad+ChayeyOdom+Djerba+Fes+Frankfurt+Italki+Libya+Lita+Magreb+Marrakesh+Morocco+Persia+Poznan+PureSephardim+Romania+Sefard+Shami+Teiman+Toshbim	torah	1:Numbers:28:1:28:3 2:Numbers:28:3:28:5 3:Numbers:28:6:28:10 4:Numbers:28:11:28:15
2025-02-28	EY|Friday|Terumah|ErevRoshChodesh+RoshChodesh|morning	Hagra	torah	1:Numbers:28:1:28:3 2:Numbers:28:4:28:8 3:Numbers:28:6:28:10 4:Numbers:28:11:28:15
2025-02-28	chul|Friday|Terumah|ErevRoshChodesh+RoshChodesh|morning	ALL	haftarah	-
2025-02-28	chul|Friday|Terumah|ErevRoshChodesh+RoshChodesh|morning	ALL	maftir	-
2025-02-28	chul|Friday|Terumah|ErevRoshChodesh+RoshChodesh|morning	Agadir+Algeria+Algiers+Ashkenaz+Baladi+Bavlim+Chabad+ChayeyOdom+Djerba+Fes+Frankfurt+Italki+Libya+Lita+Magreb+Marrakesh+Morocco+Persia+Poznan+PureSephardim+Romania+Sefard+Shami+Teiman+Toshbim	torah	1:Numbers:28:1:28:3 2:Numbers:28:3:28:5 3:Numbers:28:6:28:10 4:Numbers:28:11:28:15
2025-02-28	chul|Friday|Terumah|ErevRoshChodesh+RoshChodesh|morning	Hagra	torah	1:Numbers:28:1:28:3 2:Numbers:28:4:28:8 3:Numbers:28:6:28:10 4:Numbers:28:11:28:15
2025-03-01	EY|shabbos|Terumah|ParshasShekalim+RoshChodesh|afternoon	ALL	haftarah	-
2025-03-01	EY|shabbos|Terumah|ParshasShekalim+RoshChodesh|afternoon	ALL	maftir	-
2025-03-01	EY|shabbos|Terumah|ParshasShekalim+RoshChodesh|afternoon	ALL	torah	1:Exodus:27:20:28:5 2:Exodus:28:6:28:9 3:Exodus:28:10:28:12
2025-03-01	EY|shabbos|Terumah|ParshasShekalim+RoshChodesh|morning	ALL	maftir	Exodus:30:11:30:16
2025-03-01	EY|shabbos|Terumah|ParshasShekalim+RoshChodesh|morning	ALL	torah	1:Exodus:25:1:25:16 2:Exodus:25:17:25:30 3:Exodus:25:31:26:14 4:Exodus:26:15:26:30 5:Exodus:26:31:26:37 6:Exodus:27:1:27:19 7:Numbers:28:9:28:15
2025-03-01	EY|shabbos|Terumah|ParshasShekalim+RoshChodesh|morning	Agadir+Algeria+Algiers+Bavlim+Djerba+Fes+Libya+Magreb+Marrakesh+Morocco+Persia+PureSephardim+Sefard+Toshbim	haftarah	KingsII:11:17:12:17
2025-03-01	EY|shabbos|Terumah|ParshasShekalim+RoshChodesh|morning	Ashkenaz+Baladi+ChayeyOdom+Frankfurt+Hagra+Italki+Lita+Poznan+Shami+Teiman	haftarah	KingsII:12:1:12:17
2025-03-01	EY|shabbos|Terumah|ParshasShekalim+RoshChodesh|morning	Chabad	haftarah	KingsII:12:1:12:17 Isaiah:66:1:66:1 Isaiah:66:23:66:24 Isaiah:66:23:66:23
2025-03-01	EY|shabbos|Terumah|ParshasShekalim+RoshChodesh|morning	Romania	haftarah	Ezekiel:45:12:46:5
2025-03-01	chul|shabbos|Terumah|ParshasShekalim+RoshChodesh|afternoon	ALL	haftarah	-
2025-03-01	chul|shabbos|Terumah|ParshasShekalim+RoshChodesh|afternoon	ALL	maftir	-
2025-03-01	chul|shabbos|Terumah|ParshasShekalim+RoshChodesh|afternoon	ALL	torah	1:Exodus:27:20:28:5 2:Exodus:28:6:28:9 3:Exodus:28:10:28:12
2025-03-01	chul|shabbos|Terumah|ParshasShekalim+RoshChodesh|morning	ALL	maftir	Exodus:30:11:30:16
2025-03-01	chul|shabbos|Terumah|ParshasShekalim+RoshChodesh|morning	ALL	torah	1:Exodus:25:1:25:16 2:Exodus:25:17:25:30 3:Exodus:25:31:26:14 4:Exodus:26:15:26:30 5:Exodus:26:31:26:37 6:Exodus:27:1:27:19 7:Numbers:28:9:28:15
2025-03-01	chul|shabbos|Terumah|ParshasShekalim+RoshChodesh|morning	Agadir+Algeria+Algiers+Bavlim+Djerba+Fes+Libya+Magreb+Marrakesh+Morocco+Persia+PureSephardim+Sefard+Toshbim	haftarah	KingsII:11:17:12:17
2025-03-01	chul|shabbos|Terumah|ParshasShekalim+RoshChodesh|morning	Ashkenaz+Baladi+ChayeyOdom+Frankfurt+Hagra+Italki+Lita+Poznan+Shami+Teiman	haftarah	KingsII:12:1:12:17
2025-03-01	chul|shabbos|Terumah|ParshasShekalim+RoshChodesh|morning	Chabad	haftarah	KingsII:12:1:12:17 Isaiah:66:1:66:1 Isaiah:66:23:66:24 Isaiah:66:23:66:23
2025-03-01	chul|shabbos|Terumah|ParshasShekalim+RoshChodesh|morning	Romania	haftarah	Ezekiel:45:12:46:5
2025-03-13	EY|Thursday|KiSisa|FastOfEster|afternoon	ALL	maftir	-
2025-03-13	EY|Thursday|KiSisa|FastOfEster|afternoon	ALL	torah	1:Exodus:32:11:32:14 2:Exodus:34:1:34:3 3:Exodus:34:4:34:10
2025-03-13	EY|Thursday|KiSisa|FastOfEster|afternoon	Agadir+Baladi+Bavlim+Djerba+Fes+Libya+Magreb+Morocco+Persia+PureSephardim+Sefard+Shami+Teiman+Toshbim	haftarah	-
2025-03-13	EY|Thursday|KiSisa|FastOfEster|afternoon	Algeria+Marrakesh	haftarah	Hosea:14:2:14:10 Micah:7:18:7:20
2025-03-13	EY|Thursday|KiSisa|FastOfEster|afternoon	Algiers+Ashkenaz+Chabad+ChayeyOdom+Frankfurt+Hagra+Italki+Lita+Poznan+Romania	haftarah	Isaiah:55:6:56:8
2025-03-13	EY|Thursday|KiSisa|FastOfEster|morning	ALL	haftarah	-
2025-03-13	EY|Thursday|KiSisa|FastOfEster|morning	ALL	maftir	-
2025-03-13	EY|Thursday|KiSisa|FastOfEster|morning	ALL	torah	1:Exodus:32:11:32:14 2:Exodus:34:1:34:3 3:Exodus:34:4:34:10
2025-03-13	chul|Thursday|KiSisa|FastOfEster|afternoon	ALL	maftir	-
2025-03-13	chul|Thursday|KiSisa|FastOfEster|afternoon	ALL	torah	1:Exodus:32:11:32:14 2:Exodus:34:1:34:3 3:Exodus:34:4:34:10
2025-03-13	chul|Thursday|KiSisa|FastOfEster|afternoon	Agadir+Baladi+Bavlim+Djerba+Fes+Libya+Magreb+Morocco+Persia+PureSephardim+Sefard+Shami+Teiman+Toshbim	haftarah	-
2025-03-13	chul|Thursday|KiSisa|FastOfEster|afternoon	Algeria+Marrakesh	haftarah	Hosea:14:2:14:10 Micah:7:18:7:20
2025-03-13	chul|Thursday|KiSisa|FastOfEster|afternoon	Algiers+Ashkenaz+Chabad+ChayeyOdom+Frankfurt+Hagra+Italki+Lita+Poznan+Romania	haftarah	Isaiah:55:6:56:8
2025-03-13	chul|Thursday|KiSisa|FastOfEster|morning	ALL	haftarah	-
2025-03-13	chul|Thursday|KiSisa|FastOfEster|morning	ALL	maftir	-
2025-03-13	chul|Thursday|KiSisa|FastOfEster|morning	ALL	torah	1:Exodus:32:11:32:14 2:Exodus:34:1:34:3 3:Exodus:34:4:34:10
2025-03-14	EY|Friday|KiSisa|Purim|morning	ALL	haftarah	-
2025-03-14	EY|Friday|KiSisa|Purim|morning	ALL	maftir	-
2025-03-14	EY|Friday|KiSisa|Purim|morning	ALL	torah	1:Exodus:17:8:17:10 2:Exodus:17:11:17:13 3:Exodus:17:14:17:16
2025-03-14	chul|Friday|KiSisa|Purim|morning	ALL	haftarah	-
2025-03-14	chul|Friday|KiSisa|Purim|morning	ALL	maftir	-
2025-03-14	chul|Friday|KiSisa|Purim|morning	ALL	torah	1:Exodus:17:8:17:10 2:Exodus:17:11:17:13 3:Exodus:17:14:17:16
2025-03-15	EY|shabbos|KiSisa|ShushanPurim|afternoon	ALL	haftarah	-
2025-03-15	EY|shabbos|KiSisa|ShushanPurim|afternoon	ALL	maftir	-
2025-03-15	EY|shabbos|KiSisa|ShushanPurim|afternoon	ALL	torah	1:Exodus:35:1:35:3 2:Exodus:35:4:35:10 3:Exodus:35:11:35:20
2025-03-15	EY|shabbos|KiSisa|ShushanPurim|morning	ALL	maftir	Exodus:17:8:17:16
2025-03-15	EY|shabbos|KiSisa|ShushanPurim|morning	ALL	torah	1:Exodus:30:11:31:17 2:Exodus:31:18:33:11 3:Exodus:33:12:33:16 4:Exodus:33:17:33:23 5:Exodus:34:1:34:9 6:Exodus:34:10:34:26 7:Exodus:34:27:34:35
2025-03-15	EY|shabbos|KiSisa|ShushanPurim|morning	Agadir+Algeria+Algiers+Bavlim+Djerba+Fes+Libya+Magreb+Marrakesh+Morocco+Persia+PureSephardim+Sefard+Toshbim	haftarah	SamuelI:15:1:15:34
2025-03-15	EY|shabbos|KiSisa|ShushanPurim|morning	Ashkenaz+Chabad+ChayeyOdom+Frankfurt+Hagra+Italki+Lita	haftarah	SamuelI:15:2:15:34
2025-03-15	EY|shabbos|KiSisa|ShushanPurim|morning	Baladi+Shami+Teiman	haftarah	SamuelI:14:52:15:33
2025-03-15	EY|shabbos|KiSisa|ShushanPurim|morning	Poznan	haftarah	SamuelI:15:2:15:33
2025-03-15	EY|shabbos|KiSisa|ShushanPurim|morning	Romania	haftarah	SamuelI:15:2:15:22
2025-03-15	chul|shabbos|KiSisa|ShushanPurim|afternoon	ALL	haftarah	-
2025-03-15	chul|shabbos|KiSisa|ShushanPurim|afternoon	ALL	maftir	-
2025-03-15	chul|shabbos|KiSisa|ShushanPurim|afternoon	ALL	torah	1:Exodus:35:1:35:3 2:Exodus:35:4:35:10 3:Exodus:35:11:35:20
2025-03-15	chul|shabbos|KiSisa|ShushanPurim|morning	ALL	maftir	Exodus:17:8:17:16
2025-03-15	chul|shabbos|KiSisa|ShushanPurim|morning	ALL	torah	1:Exodus:30:11:31:17 2:Exodus:31:18:33:11 3:Exodus:33:12:33:16 4:Exodus:33:17:33:23 5:Exodus:34:1:34:9 6:Exodus:34:10:34:26 7:Exodus:34:27:34:35
2025-03-15	chul|shabbos|KiSisa|ShushanPurim|morning	Agadir+Algeria+Algiers+Bavlim+Djerba+Fes+Libya+Magreb+Marrakesh+Morocco+Persia+PureSephardim+Sefard+Toshbim	haftarah	SamuelI:15:1:15:34
2025-03-15	chul|shabbos|KiSisa|ShushanPurim|morning	Ashkenaz+Chabad+ChayeyOdom+Frankfurt+Hagra+Italki+Lita	haftarah	SamuelI:15:2:15:34
2025-03-15	chul|shabbos|KiSisa|ShushanPurim|morning	Baladi+Shami+Teiman	haftarah	SamuelI:14:52:15:33
2025-03-15	chul|shabbos|KiSisa|ShushanPurim|morning	Poznan	haftarah	SamuelI:15:2:15:33
2025-03-15	chul|shabbos|KiSisa|ShushanPurim|morning	Romania	haftarah	SamuelI:15:2:15:22
2025-03-22	EY|shabbos|Vayakhel|ParshasParah|afternoon	ALL	haftarah	-
2025-03-22	EY|shabbos|Vayakhel|ParshasParah|afternoon	ALL	maftir	-
2025-03-22	EY|shabbos|Vayakhel|ParshasParah|afternoon	ALL	torah	1:Exodus:38:21:38:23 2:Exodus:38:24:38:27 3:Exodus:38:28:39:1
2025-03-22	EY|shabbos|Vayakhel|ParshasParah|morning	ALL	maftir	Numbers:19:1:19:22
2025-03-22	EY|shabbos|Vayakhel|ParshasParah|morning	ALL	torah	1:Exodus:35:1:35:20 2:Exodus:35:21:35:29 3:Exodus:35:30:36:7 4:Exodus:36:8:36:19 5:Exodus:36:20:37:16 6:Exodus:37:17:37:29 7:Exodus:38:1:38:20
2025-03-22	EY|shabbos|Vayakhel|ParshasParah|morning	Agadir+Algeria+Algiers+Baladi+Bavlim+Chabad+Djerba+Fes+Libya+Magreb+Marrakesh+Morocco+Persia+PureSephardim+Sefard+Shami+Teiman+Toshbim	haftarah	Ezekiel:36:16:36:36
2025-03-22	EY|shabbos|Vayakhel|ParshasParah|morning	Ashkenaz+ChayeyOdom+Frankfurt+Hagra+Italki+Lita+Poznan	haftarah	Ezekiel:36:16:36:38
2025-03-22	EY|shabbos|Vayakhel|ParshasParah|morning	Romania	haftarah	Ezekiel:36:25:37:7
2025-03-22	chul|shabbos|Vayakhel|ParshasParah|afternoon	ALL	haftarah	-
2025-03-22	chul|shabbos|Vayakhel|ParshasParah|afternoon	ALL	maftir	-
2025-03-22	chul|shabbos|Vayakhel|ParshasParah|afternoon	ALL	torah	1:Exodus:38:21:38:23 2:Exodus:38:24:38:27 3:Exodus:38:28:39:1
2025-03-22	chul|shabbos|Vayakhel|ParshasParah|morning	ALL	maftir	Numbers:19:1:19:22
2025-03-22	chul|shabbos|Vayakhel|ParshasParah|morning	ALL	torah	1:Exodus:35:1:35:20 2:Exodus:35:21:35:29 3:Exodus:35:30:36:7 4:Exodus:36:8:36:19 5:Exodus:36:20:37:16 6:Exodus:37:17:37:29 7:Exodus:38:1:38:20
2025-03-22	chul|shabbos|Vayakhel|ParshasParah|morning	Agadir+Algeria+Algiers+Baladi+Bavlim+Chabad+Djerba+Fes+Libya+Magreb+Marrakesh+Morocco+Persia+PureSephardim+Sefard+Shami+Teiman+Toshbim	haftarah	Ezekiel:36:16:36:36
2025-03-22	chul|shabbos|Vayakhel|ParshasParah|morning	Ashkenaz+ChayeyOdom+Frankfurt+Hagra+Italki+Lita+Poznan	haftarah	Ezekiel:36:16:36:38
2025-03-22	chul|shabbos|Vayakhel|ParshasParah|morning	Romania	haftarah	Ezekiel:36:25:37:7
2025-03-29	EY|shabbos|Pekudei|ErevRoshChodesh+ParshasHachodesh|afternoon	ALL	haftarah	-
2025-03-29	EY|shabbos|Pekudei|ErevRoshChodesh+ParshasHachodesh|afternoon	ALL	maftir	-
2025-03-29	EY|shabbos|Pekudei|ErevRoshChodesh+ParshasHachodesh|afternoon	ALL	torah	1:Leviticus:1:1:1:4 2:Leviticus:1:5:1:9 3:Leviticus:1:10:1:13
2025-03-29	EY|shabbos|Pekudei|ErevRoshChodesh+ParshasHachodesh|morning	ALL	maftir	Exodus:12:1:12:20
2025-03-29	EY|shabbos|Pekudei|ErevRoshChodesh+ParshasHachodesh|morning	ALL	torah	1:Exodus:38:21:39:1 2:Exodus:39:2:39:21 3:Exodus:39:22:39:32 4:Exodus:39:33:39:43 5:Exodus:40:1:40:16 6:Exodus:40:17:40:27 7:Exodus:40:28:40:38
2025-03-29	EY|shabbos|Pekudei|ErevRoshChodesh+ParshasHachodesh|morning	Agadir+Algeria+Algiers+Bavlim+Djerba+Libya+Magreb+Marrakesh+Morocco+Persia+Poznan+PureSephardim+Sefard+Toshbim	haftarah	Ezekiel:45:18:46:15
2025-03-29	EY|shabbos|Pekudei|ErevRoshChodesh+ParshasHachodesh|morning	Ashkenaz+ChayeyOdom+Frankfurt+Hagra+Lita	haftarah	Ezekiel:45:16:46:18
2025-03-29	EY|shabbos|Pekudei|ErevRoshChodesh+ParshasHachodesh|morning	Baladi+Shami+Teiman	haftarah	Ezekiel:45:9:46:11
2025-03-29	EY|shabbos|Pekudei|ErevRoshChodesh+ParshasHachodesh|morning	Chabad+Fes	haftarah	Ezekiel:45:18:46:15 SamuelI:20:18:20:18 SamuelI:20:42:20:42
2025-03-29	EY|shabbos|Pekudei|ErevRoshChodesh+ParshasHachodesh|morning	Italki	haftarah	Ezekiel:45:18:46:11
2025-03-29	EY|shabbos|Pekudei|ErevRoshChodesh+ParshasHachodesh|morning	Romania	haftarah	Ezekiel:45:21:46:13
2025-03-29	chul|shabbos|Pekudei|ErevRoshChodesh+ParshasHachodesh|afternoon	ALL	haftarah	-
2025-03-29	chul|shabbos|Pekudei|ErevRoshChodesh+ParshasHachodesh|afternoon	ALL	maftir	-
2025-03-29	chul|shabbos|Pekudei|ErevRoshChodesh+ParshasHachodesh|afternoon	ALL	torah	1:Leviticus:1:1:1:4 2:Leviticus:1:5:1:9 3:Leviticus:1:10:1:13
2025-03-29	chul|shabbos|Pekudei|ErevRoshChodesh+ParshasHachodesh|morning	ALL	maftir	Exodus:12:1:12:20
2025-03-29	chul|shabbos|Pekudei|ErevRoshChodesh+ParshasHachodesh|morning	ALL	torah	1:Exodus:38:21:39:1 2:Exodus:39:2:39:21 3:Exodus:39:22:39:32 4:Exodus:39:33:39:43 5:Exodus:40:1:40:16 6:Exodus:40:17:40:27 7:Exodus:40:28:40:38
2025-03-29	chul|shabbos|Pekudei|ErevRoshChodesh+ParshasHachodesh|morning	Agadir+Algeria+Algiers+Bavlim+Djerba+Libya+Magreb+Marrakesh+Morocco+Persia+Poznan+PureSephardim+Sefard+Toshbim	haftarah	Ezekiel:45:18:46:15
2025-03-29	chul|shabbos|Pekudei|ErevRoshChodesh+ParshasHachodesh|morning	Ashkenaz+ChayeyOdom+Frankfurt+Hagra+Lita	haftarah	Ezekiel:45:16:46:18
2025-03-29	chul|shabbos|Pekudei|ErevRoshChodesh+ParshasHachodesh|morning	Baladi+Shami+Teiman	haftarah	Ezekiel:45:9:46:11
2025-03-29	chul|shabbos|Pekudei|ErevRoshChodesh+ParshasHachodesh|morning	Chabad+Fes	haftarah	Ezekiel:45:18:46:15 SamuelI:20:18:20:18 SamuelI:20:42:20:42
2025-03-29	chul|shabbos|Pekudei|ErevRoshChodesh+ParshasHachodesh|morning	Italki	haftarah	Ezekiel:45:18:46:11
2025-03-29	chul|shabbos|Pekudei|ErevRoshChodesh+ParshasHachodesh|morning	Romania	haftarah	Ezekiel:45:21:46:13
2026-11-10	EY|Tuesday|Toldos|ErevRoshChodesh+RoshChodesh|morning	ALL	haftarah	-
2026-11-10	EY|Tuesday|Toldos|ErevRoshChodesh+RoshChodesh|morning	ALL	maftir	-
2026-11-10	EY|Tuesday|Toldos|ErevRoshChodesh+RoshChodesh|morning	Agadir+Algeria+Algiers+Ashkenaz+Baladi+Bavlim+Chabad+ChayeyOdom+Djerba+Fes+Frankfurt+Italki+Libya+Lita+Magreb+Marrakesh+Morocco+Persia+Poznan+PureSephardim+Romania+Sefard+Shami+Teiman+Toshbim	torah	1:Numbers:28:1:28:3 2:Numbers:28:3:28:5 3:Numbers:28:6:28:10 4:Numbers:28:11:28:15
2026-11-10	EY|Tuesday|Toldos|ErevRoshChodesh+RoshChodesh|morning	Hagra	torah	1:Numbers:28:1:28:3 2:Numbers:28:4:28:8 3:Numbers:28:6:28:10 4:Numbers:28:11:28:15
2026-11-10	chul|Tuesday|Toldos|ErevRoshChodesh+RoshChodesh|morning	ALL	haftarah	-
2026-11-10	chul|Tuesday|Toldos|ErevRoshChodesh+RoshChodesh|morning	ALL	maftir	-
2026-11-10	chul|Tuesday|Toldos|ErevRoshChodesh+RoshChodesh|morning	Agadir+Algeria+Algiers+Ashkenaz+Baladi+Bavlim+Chabad+ChayeyOdom+Djerba+Fes+Frankfurt+Italki+Libya+Lita+Magreb+Marrakesh+Morocco+Persia+Poznan+PureSephardim+Romania+Sefard+Shami+Teiman+Toshbim	torah	1:Numbers:28:1:28:3 2:Numbers:28:3:28:5 3:Numbers:28:6:28:10 4:Numbers:28:11:28:15
2026-11-10	chul|Tuesday|Toldos|ErevRoshChodesh+RoshChodesh|morning	Hagra	torah	1:Numbers:28:1:28:3 2:Numbers:28:4:28:8 3:Numbers:28:6:28:10 4:Numbers:28:11:28:15
2026-11-11	EY|Wednesday|Toldos|RoshChodesh|morning	ALL	haftarah	-
2026-11-11	EY|Wednesday|Toldos|RoshChodesh|morning	ALL	maftir	-
2026-11-11	EY|Wednesday|Toldos|RoshChodesh|morning	Agadir+Algeria+Algiers+Ashkenaz+Baladi+Bavlim+Chabad+ChayeyOdom+Djerba+Fes+Frankfurt+Italki+Libya+Lita+Magreb+Marrakesh+Morocco+Persia+Poznan+PureSephardim+Romania+Sefard+Shami+Teiman+Toshbim	torah	1:Numbers:28:1:28:3 2:Numbers:28:3:28:5 3:Numbers:28:6:28:10 4:Numbers:28:11:28:15
2026-11-11	EY|Wednesday|Toldos|RoshChodesh|morning	Hagra	torah	1:Numbers:28:1:28:3 2:Numbers:28:4:28:8 3:Numbers:28:6:28:10 4:Numbers:28:11:28:15
2026-11-11	chul|Wednesday|Toldos|RoshChodesh|morning	ALL	haftarah	-
2026-11-11	chul|Wednesday|Toldos|RoshChodesh|morning	ALL	maftir	-
2026-11-11	chul|Wednesday|Toldos|RoshChodesh|morning	Agadir+Algeria+Algiers+Ashkenaz+Baladi+Bavlim+Chabad+ChayeyOdom+Djerba+Fes+Frankfurt+Italki+Libya+Lita+Magreb+Marrakesh+Morocco+Persia+Poznan+PureSephardim+Romania+Sefard+Shami+Teiman+Toshbim	torah	1:Numbers:28:1:28:3 2:Numbers:28:3:28:5 3:Numbers:28:6:28:10 4:Numbers:28:11:28:15
2026-11-11	chul|Wednesday|Toldos|RoshChodesh|morning	Hagra	torah	1:Numbers:28:1:28:3 2:Numbers:28:4:28:8 3:Numbers:28:6:28:10 4:Numbers:28:11:28:15
2026-12-05	EY|shabbos|Vayeishev|Chanukah1|afternoon	ALL	haftarah	-
2026-12-05	EY|shabbos|Vayeishev|Chanukah1|afternoon	ALL	maftir	-
2026-12-05	EY|shabbos|Vayeishev|Chanukah1|afternoon	ALL	torah	1:Genesis:41:1:41:4 2:Genesis:41:5:41:7 3:Genesis:41:8:41:14
2026-12-05	EY|shabbos|Vayeishev|Chanukah1|morning	ALL	haftarah	Zechariah:2:14:4:7
2026-12-05	EY|shabbos|Vayeishev|Chanukah1|morning	ALL	maftir	Numbers:7:12:7:17
2026-12-05	EY|shabbos|Vayeishev|Chanukah1|morning	ALL	torah	1:Genesis:37:1:37:11 2:Genesis:37:12:37:22 3:Genesis:37:23:37:36 4:Genesis:38:1:38:30 5:Genesis:39:1:39:6 6:Genesis:39:7:39:23 7:Genesis:40:1:40:23
2026-12-05	chul|shabbos|Vayeishev|Chanukah1|afternoon	ALL	haftarah	-
2026-12-05	chul|shabbos|Vayeishev|Chanukah1|afternoon	ALL	maftir	-
2026-12-05	chul|shabbos|Vayeishev|Chanukah1|afternoon	ALL	torah	1:Genesis:41:1:41:4 2:Genesis:41:5:41:7 3:Genesis:41:8:41:14
2026-12-05	chul|shabbos|Vayeishev|Chanukah1|morning	ALL	haftarah	Zechariah:2:14:4:7
2026-12-05	chul|shabbos|Vayeishev|Chanukah1|morning	ALL	maftir	Numbers:7:12:7:17
2026-12-05	chul|shabbos|Vayeishev|Chanukah1|morning	ALL	torah	1:Genesis:37:1:37:11 2:Genesis:37:12:37:22 3:Genesis:37:23:37:36 4:Genesis:38:1:38:30 5:Genesis:39:1:39:6 6:Genesis:39:7:39:23 7:Genesis:40:1:40:23
2026-12-06	EY|Sunday|Mikeitz|Chanukah2|morning	ALL	haftarah	-
2026-12-06	EY|Sunday|Mikeitz|Chanukah2|morning	ALL	maftir	-
2026-12-06	EY|Sunday|Mikeitz|Chanukah2|morning	Agadir+Algeria+Algiers+Baladi+Bavlim+Djerba+Fes+Libya+Magreb+Marrakesh+Morocco+Persia+PureSephardim+Sefard+Shami+Teiman+Toshbim	torah	1:Numbers:7:18:7:20 2:Numbers:7:21:7:23 3:Numbers:7:18:7:23
2026-12-06	EY|Sunday|Mikeitz|Chanukah2|morning	Ashkenaz+Chabad+ChayeyOdom+Frankfurt+Hagra+Italki+Lita+Poznan+Romania	torah	1:Numbers:7:18:7:20 2:Numbers:7:21:7:23 3:Numbers:7:24:7:29
2026-12-06	chul|Sunday|Mikeitz|Chanukah2|morning	ALL	haftarah	-
2026-12-06	chul|Sunday|Mikeitz|Chanukah2|morning	ALL	maftir	-
2026-12-06	chul|Sunday|Mikeitz|Chanukah2|morning	Agadir+Algeria+Algiers+Baladi+Bavlim+Djerba+Fes+Libya+Magreb+Marrakesh+Morocco+Persia+PureSephardim+Sefard+Shami+Teiman+Toshbim	torah	1:Numbers:7:18:7:20 2:Numbers:7:21:7:23 3:Numbers:7:18:7:23
2026-12-06	chul|Sunday|Mikeitz|Chanukah2|morning	Ashkenaz+Chabad+ChayeyOdom+Frankfurt+Hagra+Italki+Lita+Poznan+Romania	torah	1:Numbers:7:18:7:20 2:Numbers:7:21:7:23 3:Numbers:7:24:7:29
2026-12-07	EY|Monday|Mikeitz|Chanukah3|morning	ALL	haftarah	-
2026-12-07	EY|Monday|Mikeitz|Chanukah3|morning	ALL	maftir	-
2026-12-07	EY|Monday|Mikeitz|Chanukah3|morning	Agadir+Algeria+Algiers+Baladi+Bavlim+Djerba+Fes+Libya+Magreb+Marrakesh+Morocco+Persia+PureSephardim+Sefard+Shami+Teiman+Toshbim	torah	1:Numbers:7:24:7:26 2:Numbers:7:27:7:29 3:Numbers:7:24:7:29
2026-12-07	EY|Monday|Mikeitz|Chanukah3|morning	Ashkenaz+Chabad+ChayeyOdom+Frankfurt+Hagra+Italki+Lita+Poznan+Romania	torah	1:Numbers:7:24:7:26 2:Numbers:7:27:7:29 3:Numbers:7:30:7:35
2026-12-07	chul|Monday|Mikeitz|Chanukah3|morning	ALL	haftarah	-
2026-12-07	chul|Monday|Mikeitz|Chanukah3|morning	ALL	maftir	-
2026-12-07	chul|Monday|Mikeitz|Chanukah3|morning	Agadir+Algeria+Algiers+Baladi+Bavlim+Djerba+Fes+Libya+Magreb+Marrakesh+Morocco+Persia+PureSephardim+Sefard+Shami+Teiman+Toshbim	torah	1:Numbers:7:24:7:26 2:Numbers:7:27:7:29 3:Numbers:7:24:7:29
2026-12-07	chul|Monday|Mikeitz|Chanukah3|morning	Ashkenaz+Chabad+ChayeyOdom+Frankfurt+Hagra+Italki+Lita+Poznan+Romania	torah	1:Numbers:7:24:7:26 2:Numbers:7:27:7:29 3:Numbers:7:30:7:35
2026-12-08	EY|Tuesday|Mikeitz|Chanukah4|morning	ALL	haftarah	-
2026-12-08	EY|Tuesday|Mikeitz|Chanukah4|morning	ALL	maftir	-
2026-12-08	EY|Tuesday|Mikeitz|Chanukah4|morning	Agadir+Algeria+Algiers+Baladi+Bavlim+Djerba+Fes+Libya+Magreb+Marrakesh+Morocco+Persia+PureSephardim+Sefard+Shami+Teiman+Toshbim	torah	1:Numbers:7:30:7:32 2:Numbers:7:33:7:35 3:Numbers:7:30:7:35
2026-12-08	EY|Tuesday|Mikeitz|Chanukah4|morning	Ashkenaz+Chabad+ChayeyOdom+Frankfurt+Hagra+Italki+Lita+Poznan+Romania	torah	1:Numbers:7:30:7:32 2:Numbers:7:33:7:35 3:Numbers:7:36:7:41
2026-12-08	chul|Tuesday|Mikeitz|Chanukah4|morning	ALL	haftarah	-
2026-12-08	chul|Tuesday|Mikeitz|Chanukah4|morning	ALL	maftir	-
2026-12-08	chul|Tuesday|Mikeitz|Chanukah4|morning	Agadir+Algeria+Algiers+Baladi+Bavlim+Djerba+Fes+Libya+Magreb+Marrakesh+Morocco+Persia+PureSephardim+Sefard+Shami+Teiman+Toshbim	torah	1:Numbers:7:30:7:32 2:Numbers:7:33:7:35 3:Numbers:7:30:7:35
2026-12-08	chul|Tuesday|Mikeitz|Chanukah4|morning	Ashkenaz+Chabad+ChayeyOdom+Frankfurt+Hagra+Italki+Lita+Poznan+Romania	torah	1:Numbers:7:30:7:32 2:Numbers:7:33:7:35 3:Numbers:7:36:7:41
2026-12-09	EY|Wednesday|Mikeitz|Chanukah5+ErevRoshChodesh|morning	ALL	haftarah	-
2026-12-09	EY|Wednesday|Mikeitz|Chanukah5+ErevRoshChodesh|morning	ALL	maftir	-
2026-12-09	EY|Wednesday|Mikeitz|Chanukah5+ErevRoshChodesh|morning	Agadir+Algeria+Algiers+Baladi+Bavlim+Djerba+Fes+Libya+Magreb+Marrakesh+Morocco+Persia+PureSephardim+Sefard+Shami+Teiman+Toshbim	torah	1:Numbers:7:36:7:38 2:Numbers:7:39:7:41 3:Numbers:7:36:7:41
2026-12-09	EY|Wednesday|Mikeitz|Chanukah5+ErevRoshChodesh|morning	Ashkenaz+Chabad+ChayeyOdom+Frankfurt+Hagra+Italki+Lita+Poznan+Romania	torah	1:Numbers:7:36:7:38 2:Numbers:7:39:7:41 3:Numbers:7:42:7:47
2026-12-09	chul|Wednesday|Mikeitz|Chanukah5+ErevRoshChodesh|morning	ALL	haftarah	-
2026-12-09	chul|Wednesday|Mikeitz|Chanukah5+ErevRoshChodesh|morning	ALL	maftir	-
2026-12-09	chul|Wednesday|Mikeitz|Chanukah5+ErevRoshChodesh|morning	Agadir+Algeria+Algiers+Baladi+Bavlim+Djerba+Fes+Libya+Magreb+Marrakesh+Morocco+Persia+PureSephardim+Sefard+Shami+Teiman+Toshbim	torah	1:Numbers:7:36:7:38 2:Numbers:7:39:7:41 3:Numbers:7:36:7:41
2026-12-09	chul|Wednesday|Mikeitz|Chanukah5+ErevRoshChodesh|morning	Ashkenaz+Chabad+ChayeyOdom+Frankfurt+Hagra+Italki+Lita+Poznan+Romania	torah	1:Numbers:7:36:7:38 2:Numbers:7:39:7:41 3:Numbers:7:42:7:47
2026-12-10	EY|Thursday|Mikeitz|Chanukah6+ErevRoshChodesh+RoshChodesh|morning	ALL	haftarah	-
2026-12-10	EY|Thursday|Mikeitz|Chanukah6+ErevRoshChodesh+RoshChodesh|morning	ALL	maftir	-
2026-12-10	EY|Thursday|Mikeitz|Chanukah6+ErevRoshChodesh+RoshChodesh|morning	ALL	torah	1:Numbers:28:1:28:5 2:Numbers:28:6:28:10 3:Numbers:28:11:28:15 4:Numbers:7:42:7:47
2026-12-10	chul|Thursday|Mikeitz|Chanukah6+ErevRoshChodesh+RoshChodesh|morning	ALL	haftarah	-
2026-12-10	chul|Thursday|Mikeitz|Chanukah6+ErevRoshChodesh+RoshChodesh|morning	ALL	maftir	-
2026-12-10	chul|Thursday|Mikeitz|Chanukah6+ErevRoshChodesh+RoshChodesh|morning	ALL	torah	1:Numbers:28:1:28:5 2:Numbers:28:6:28:10 3:Numbers:28:11:28:15 4:Numbers:7:42:7:47
2026-12-11	EY|Friday|Mikeitz|Chanukah7+RoshChodesh|morning	ALL	haftarah	-
2026-12-11	EY|Friday|Mikeitz|Chanukah7+RoshChodesh|morning	ALL	maftir	-
2026-12-11	EY|Friday|Mikeitz|Chanukah7+RoshChodesh|morning	ALL	torah	1:Numbers:28:1:28:5 2:Numbers:28:6:28:10 3:Numbers:28:11:28:15 4:Numbers:7:48:7:53
2026-12-11	chul|Friday|Mikeitz|Chanukah7+RoshChodesh|morning	ALL	haftarah	-
2026-12-11	chul|Friday|Mikeitz|Chanukah7+RoshChodesh|morning	ALL	maftir	-
2026-12-11	chul|Friday|Mikeitz|Chanukah7+RoshChodesh|morning	ALL	torah	1:Numbers:28:1:28:5 2:Numbers:28:6:28:10 3:Numbers:28:11:28:15 4:Numbers:7:48:7:53
2026-12-12	EY|shabbos|Mikeitz|Chanukah8|afternoon	ALL	haftarah	-
2026-12-12	EY|shabbos|Mikeitz|Chanukah8|afternoon	ALL	maftir	-
2026-12-12	EY|shabbos|Mikeitz|Chanukah8|afternoon	ALL	torah	1:Genesis:44:18:44:20 2:Genesis:44:21:44:24 3:Genesis:44:25:44:30
2026-12-12	EY|shabbos|Mikeitz|Chanukah8|morning	ALL	maftir	Numbers:7:54:7:59
2026-12-12	EY|shabbos|Mikeitz|Chanukah8|morning	ALL	torah	1:Genesis:41:1:41:14 2:Genesis:41:15:41:38 3:Genesis:41:39:41:52 4:Genesis:41:53:42:18 5:Genesis:42:19:43:15 6:Genesis:43:16:43:29 7:Genesis:43:30:44:17
2026-12-12	EY|shabbos|Mikeitz|Chanukah8|morning	Agadir+Algeria+Algiers+Ashkenaz+Baladi+Bavlim+Chabad+ChayeyOdom+Djerba+Fes+Frankfurt+Hagra+Libya+Lita+Magreb+Marrakesh+Morocco+Persia+Poznan+PureSephardim+Romania+Sefard+Shami+Teiman+Toshbim	haftarah	KingsI:7:40:7:50
2026-12-12	EY|shabbos|Mikeitz|Chanukah8|morning	Italki	haftarah	KingsI:7:40:7:51
2026-12-12	chul|shabbos|Mikeitz|Chanukah8|afternoon	ALL	haftarah	-
2026-12-12	chul|shabbos|Mikeitz|Chanukah8|afternoon	ALL	maftir	-
2026-12-12	chul|shabbos|Mikeitz|Chanukah8|afternoon	ALL	torah	1:Genesis:44:18:44:20 2:Genesis:44:21:44:24 3:Genesis:44:25:44:30
2026-12-12	chul|shabbos|Mikeitz|Chanukah8|morning	ALL	maftir	Numbers:7:54:7:59
2026-12-12	chul|shabbos|Mikeitz|Chanukah8|morning	ALL	torah	1:Genesis:41:1:41:14 2:Genesis:41:15:41:38 3:Genesis:41:39:41:52 4:Genesis:41:53:42:18 5:Genesis:42:19:43:15 6:Genesis:43:16:43:29 7:Genesis:43:30:44:17
2026-12-12	chul|shabbos|Mikeitz|Chanukah8|morning	Agadir+Algeria+Algiers+Ashkenaz+Baladi+Bavlim+Chabad+ChayeyOdom+Djerba+Fes+Frankfurt+Hagra+Libya+Lita+Magreb+Marrakesh+Morocco+Persia+Poznan+PureSephardim+Romania+Sefard+Shami+Teiman+Toshbim	haftarah	KingsI:7:40:7:50
2026-12-12	chul|shabbos|Mikeitz|Chanukah8|morning	Italki	haftarah	KingsI:7:40:7:51
2026-12-20	EY|Sunday|Vayechi|FastOfTeves|afternoon	ALL	maftir	-
2026-12-20	EY|Sunday|Vayechi|FastOfTeves|afternoon	ALL	torah	1:Exodus:32:11:32:14 2:Exodus:34:1:34:3 3:Exodus:34:4:34:10
2026-12-20	EY|Sunday|Vayechi|FastOfTeves|afternoon	Agadir+Baladi+Bavlim+Djerba+Fes+Libya+Magreb+Morocco+Persia+PureSephardim+Sefard+Shami+Teiman+Toshbim	haftarah	-
2026-12-20	EY|Sunday|Vayechi|FastOfTeves|afternoon	Algeria+Marrakesh	haftarah	Hosea:14:2:14:10 Micah:7:18:7:20
2026-12-20	EY|Sunday|Vayechi|FastOfTeves|afternoon	Algiers+Ashkenaz+Chabad+ChayeyOdom+Frankfurt+Hagra+Italki+Lita+Poznan+Romania	haftarah	Isaiah:55:6:56:8
2026-12-20	EY|Sunday|Vayechi|FastOfTeves|morning	ALL	haftarah	-
2026-12-20	EY|Sunday|Vayechi|FastOfTeves|morning	ALL	maftir	-
2026-12-20	EY|Sunday|Vayechi|FastOfTeves|morning	ALL	torah	1:Exodus:32:11:32:14 2:Exodus:34:1:34:3 3:Exodus:34:4:34:10
2026-12-20	chul|Sunday|Vayechi|FastOfTeves|afternoon	ALL	maftir	-
2026-12-20	chul|Sunday|Vayechi|FastOfTeves|afternoon	ALL	torah	1:Exodus:32:11:32:14 2:Exodus:34:1:34:3 3:Exodus:34:4:34:10
2026-12-20	chul|Sunday|Vayechi|FastOfTeves|afternoon	Agadir+Baladi+Bavlim+Djerba+Fes+Libya+Magreb+Morocco+Persia+PureSephardim+Sefard+Shami+Teiman+Toshbim	haftarah	-
2026-12-20	chul|Sunday|Vayechi|FastOfTeves|afternoon	Algeria+Marrakesh	haftarah	Hosea:14:2:14:10 Micah:7:18:7:20
2026-12-20	chul|Sunday|Vayechi|FastOfTeves|afternoon	Algiers+Ashkenaz+Chabad+ChayeyOdom+Frankfurt+Hagra+Italki+Lita+Poznan+Romania	haftarah	Isaiah:55:6:56:8
2026-12-20	chul|Sunday|Vayechi|FastOfTeves|morning	ALL	haftarah	-
2026-12-20	chul|Sunday|Vayechi|FastOfTeves|morning	ALL	maftir	-
2026-12-20	chul|Sunday|Vayechi|FastOfTeves|morning	ALL	torah	1:Exodus:32:11:32:14 2:Exodus:34:1:34:3 3:Exodus:34:4:34:10
2027-01-09	EY|shabbos|Va_eira|RoshChodesh|afternoon	ALL	haftarah	-
2027-01-09	EY|shabbos|Va_eira|RoshChodesh|afternoon	ALL	maftir	-
2027-01-09	EY|shabbos|Va_eira|RoshChodesh|afternoon	ALL	torah	1:Exodus:10:1:10:3 2:Exodus:10:4:10:6 3:Exodus:10:7:10:11
2027-01-09	EY|shabbos|Va_eira|RoshChodesh|morning	ALL	haftarah	Isaiah:66:1:66:24 Isaiah:66:23:66:23
2027-01-09	EY|shabbos|Va_eira|RoshChodesh|morning	ALL	maftir	Numbers:28:9:28:15
2027-01-09	EY|shabbos|Va_eira|RoshChodesh|morning	ALL	torah	1:Exodus:6:2:6:13 2:Exodus:6:14:6:28 3:Exodus:6:29:7:7 4:Exodus:7:8:8:6 5:Exodus:8:7:8:18 6:Exodus:8:19:9:16 7:Exodus:9:17:9:35
2027-01-09	chul|shabbos|Va_eira|RoshChodesh|afternoon	ALL	haftarah	-
2027-01-09	chul|shabbos|Va_eira|RoshChodesh|afternoon	ALL	maftir	-
2027-01-09	chul|shabbos|Va_eira|RoshChodesh|afternoon	ALL	torah	1:Exodus:10:1:10:3 2:Exodus:10:4:10:6 3:Exodus:10:7:10:11
2027-01-09	chul|shabbos|Va_eira|RoshChodesh|morning	ALL	haftarah	Isaiah:66:1:66:24 Isaiah:66:23:66:23
2027-01-09	chul|shabbos|Va_eira|RoshChodesh|morning	ALL	maftir	Numbers:28:9:28:15
2027-01-09	chul|shabbos|Va_eira|RoshChodesh|morning	ALL	torah	1:Exodus:6:2:6:13 2:Exodus:6:14:6:28 3:Exodus:6:29:7:7 4:Exodus:7:8:8:6 5:Exodus:8:7:8:18 6:Exodus:8:19:9:16 7:Exodus:9:17:9:35
2027-02-06	EY|shabbos|Mishpatim|ErevRoshChodesh|afternoon	ALL	haftarah	-
2027-02-06	EY|shabbos|Mishpatim|ErevRoshChodesh|afternoon	ALL	maftir	-
2027-02-06	EY|shabbos|Mishpatim|ErevRoshChodesh|afternoon	ALL	torah	1:Exodus:25:1:25:5 2:Exodus:25:6:25:9 3:Exodus:25:10:25:16
2027-02-06	EY|shabbos|Mishpatim|ErevRoshChodesh|morning	ALL	maftir	Exodus:24:15:24:18
2027-02-06	EY|shabbos|Mishpatim|ErevRoshChodesh|morning	ALL	torah	1:Exodus:21:1:21:19 2:Exodus:21:20:22:3 3:Exodus:22:4:22:26 4:Exodus:22:27:23:5 5:Exodus:23:6:23:19 6:Exodus:23:20:23:25 7:Exodus:23:26:24:18
2027-02-06	EY|shabbos|Mishpatim|ErevRoshChodesh|morning	Agadir+Algeria+Algiers+Ashkenaz+Baladi+Bavlim+Chabad+ChayeyOdom+Djerba+Frankfurt+Hagra+Italki+Libya+Lita+Magreb+Marrakesh+Morocco+Persia+Poznan+PureSephardim+Romania+Sefard+Shami+Teiman+Toshbim	haftarah	SamuelI:20:18:20:42
2027-02-06	EY|shabbos|Mishpatim|ErevRoshChodesh|morning	Fes	haftarah	Jeremiah:34:8:34:22 Jeremiah:33:25:33:26 SamuelI:20:18:20:18 SamuelI:20:42:20:42
2027-02-06	chul|shabbos|Mishpatim|ErevRoshChodesh|afternoon	ALL	haftarah	-
2027-02-06	chul|shabbos|Mishpatim|ErevRoshChodesh|afternoon	ALL	maftir	-
2027-02-06	chul|shabbos|Mishpatim|ErevRoshChodesh|afternoon	ALL	torah	1:Exodus:25:1:25:5 2:Exodus:25:6:25:9 3:Exodus:25:10:25:16
2027-02-06	chul|shabbos|Mishpatim|ErevRoshChodesh|morning	ALL	maftir	Exodus:24:15:24:18
2027-02-06	chul|shabbos|Mishpatim|ErevRoshChodesh|morning	ALL	torah	1:Exodus:21:1:21:19 2:Exodus:21:20:22:3 3:Exodus:22:4:22:26 4:Exodus:22:27:23:5 5:Exodus:23:6:23:19 6:Exodus:23:20:23:25 7:Exodus:23:26:24:18
2027-02-06	chul|shabbos|Mishpatim|ErevRoshChodesh|morning	Agadir+Algeria+Algiers+Ashkenaz+Baladi+Bavlim+Chabad+ChayeyOdom+Djerba+Frankfurt+Hagra+Italki+Libya+Lita+Magreb+Marrakesh+Morocco+Persia+Poznan+PureSephardim+Romania+Sefard+Shami+Teiman+Toshbim	haftarah	SamuelI:20:18:20:42
2027-02-06	chul|shabbos|Mishpatim|ErevRoshChodesh|morning	Fes	haftarah	Jeremiah:34:8:34:22 Jeremiah:33:25:33:26 SamuelI:20:18:20:18 SamuelI:20:42:20:42
2027-02-07	EY|Sunday|Terumah|ErevRoshChodesh+RoshChodesh|morning	ALL	haftarah	-
2027-02-07	EY|Sunday|Terumah|ErevRoshChodesh+RoshChodesh|morning	ALL	maftir	-
2027-02-07	EY|Sunday|Terumah|ErevRoshChodesh+RoshChodesh|morning	Agadir+Algeria+Algiers+Ashkenaz+Baladi+Bavlim+Chabad+ChayeyOdom+Djerba+Fes+Frankfurt+Italki+Libya+Lita+Magreb+Marrakesh+Morocco+Persia+Poznan+PureSephardim+Romania+Sefard+Shami+Teiman+Toshbim	torah	1:Numbers:28:1:28:3 2:Numbers:28:3:28:5 3:Numbers:28:6:28:10 4:Numbers:28:11:28:15
2027-02-07	EY|Sunday|Terumah|ErevRoshChodesh+RoshChodesh|morning	Hagra	torah	1:Numbers:28:1:28:3 2:Numbers:28:4:28:8 3:Numbers:28:6:28:10 4:Numbers:28:11:28:15
2027-02-07	chul|Sunday|Terumah|ErevRoshChodesh+RoshChodesh|morning	ALL	haftarah	-
2027-02-07	chul|Sunday|Terumah|ErevRoshChodesh+RoshChodesh|morning	ALL	maftir	-
2027-02-07	chul|Sunday|Terumah|ErevRoshChodesh+RoshChodesh|morning	Agadir+Algeria+Algiers+Ashkenaz+Baladi+Bavlim+Chabad+ChayeyOdom+Djerba+Fes+Frankfurt+Italki+Libya+Lita+Magreb+Marrakesh+Morocco+Persia+Poznan+PureSephardim+Romania+Sefard+Shami+Teiman+Toshbim	torah	1:Numbers:28:1:28:3 2:Numbers:28:3:28:5 3:Numbers:28:6:28:10 4:Numbers:28:11:28:15
2027-02-07	chul|Sunday|Terumah|ErevRoshChodesh+RoshChodesh|morning	Hagra	torah	1:Numbers:28:1:28:3 2:Numbers:28:4:28:8 3:Numbers:28:6:28:10 4:Numbers:28:11:28:15
2027-02-08	EY|Monday|Terumah|RoshChodesh|morning	ALL	haftarah	-
2027-02-08	EY|Monday|Terumah|RoshChodesh|morning	ALL	maftir	-
2027-02-08	EY|Monday|Terumah|RoshChodesh|morning	Agadir+Algeria+Algiers+Ashkenaz+Baladi+Bavlim+Chabad+ChayeyOdom+Djerba+Fes+Frankfurt+Italki+Libya+Lita+Magreb+Marrakesh+Morocco+Persia+Poznan+PureSephardim+Romania+Sefard+Shami+Teiman+Toshbim	torah	1:Numbers:28:1:28:3 2:Numbers:28:3:28:5 3:Numbers:28:6:28:10 4:Numbers:28:11:28:15
2027-02-08	EY|Monday|Terumah|RoshChodesh|morning	Hagra	torah	1:Numbers:28:1:28:3 2:Numbers:28:4:28:8 3:Numbers:28:6:28:10 4:Numbers:28:11:28:15
2027-02-08	chul|Monday|Terumah|RoshChodesh|morning	ALL	haftarah	-
2027-02-08	chul|Monday|Terumah|RoshChodesh|morning	ALL	maftir	-
2027-02-08	chul|Monday|Terumah|RoshChodesh|morning	Agadir+Algeria+Algiers+Ashkenaz+Baladi+Bavlim+Chabad+ChayeyOdom+Djerba+Fes+Frankfurt+Italki+Libya+Lita+Magreb+Marrakesh+Morocco+Persia+Poznan+PureSephardim+Romania+Sefard+Shami+Teiman+Toshbim	torah	1:Numbers:28:1:28:3 2:Numbers:28:3:28:5 3:Numbers:28:6:28:10 4:Numbers:28:11:28:15
2027-02-08	chul|Monday|Terumah|RoshChodesh|morning	Hagra	torah	1:Numbers:28:1:28:3 2:Numbers:28:4:28:8 3:Numbers:28:6:28:10 4:Numbers:28:11:28:15
2027-03-08	EY|Monday|Pekudei|ErevRoshChodesh|morning	ALL	haftarah	-
2027-03-08	EY|Monday|Pekudei|ErevRoshChodesh|morning	ALL	maftir	-
2027-03-08	EY|Monday|Pekudei|ErevRoshChodesh|morning	ALL	torah	1:Exodus:38:21:38:23 2:Exodus:38:24:38:27 3:Exodus:38:28:39:1
2027-03-08	chul|Monday|Pekudei|ErevRoshChodesh|morning	ALL	haftarah	-
2027-03-08	chul|Monday|Pekudei|ErevRoshChodesh|morning	ALL	maftir	-
2027-03-08	chul|Monday|Pekudei|ErevRoshChodesh|morning	ALL	torah	1:Exodus:38:21:38:23 2:Exodus:38:24:38:27 3:Exodus:38:28:39:1
2027-03-09	EY|Tuesday|Pekudei|ErevRoshChodesh+RoshChodesh|morning	ALL	haftarah	-
2027-03-09	EY|Tuesday|Pekudei|ErevRoshChodesh+RoshChodesh|morning	ALL	maftir	-
2027-03-09	EY|Tuesday|Pekudei|ErevRoshChodesh+RoshChodesh|morning	Agadir+Algeria+Algiers+Ashkenaz+Baladi+Bavlim+Chabad+ChayeyOdom+Djerba+Fes+Frankfurt+Italki+Libya+Lita+Magreb+Marrakesh+Morocco+Persia+Poznan+PureSephardim+Romania+Sefard+Shami+Teiman+Toshbim	torah	1:Numbers:28:1:28:3 2:Numbers:28:3:28:5 3:Numbers:28:6:28:10 4:Numbers:28:11:28:15
2027-03-09	EY|Tuesday|Pekudei|ErevRoshChodesh+RoshChodesh|morning	Hagra	torah	1:Numbers:28:1:28:3 2:Numbers:28:4:28:8 3:Numbers:28:6:28:10 4:Numbers:28:11:28:15
2027-03-09	chul|Tuesday|Pekudei|ErevRoshChodesh+RoshChodesh|morning	ALL	haftarah	-
2027-03-09	chul|Tuesday|Pekudei|ErevRoshChodesh+RoshChodesh|morning	ALL	maftir	-
2027-03-09	chul|Tuesday|Pekudei|ErevRoshChodesh+RoshChodesh|morning	Agadir+Algeria+Algiers+Ashkenaz+Baladi+Bavlim+Chabad+ChayeyOdom+Djerba+Fes+Frankfurt+Italki+Libya+Lita+Magreb+Marrakesh+Morocco+Persia+Poznan+PureSephardim+Romania+Sefard+Shami+Teiman+Toshbim	torah	1:Numbers:28:1:28:3 2:Numbers:28:3:28:5 3:Numbers:28:6:28:10 4:Numbers:28:11:28:15
2027-03-09	chul|Tuesday|Pekudei|ErevRoshChodesh+RoshChodesh|morning	Hagra	torah	1:Numbers:28:1:28:3 2:Numbers:28:4:28:8 3:Numbers:28:6:28:10 4:Numbers:28:11:28:15
2027-03-10	EY|Wednesday|Pekudei|RoshChodesh|morning	ALL	haftarah	-
2027-03-10	EY|Wednesday|Pekudei|RoshChodesh|morning	ALL	maftir	-
2027-03-10	EY|Wednesday|Pekudei|RoshChodesh|morning	Agadir+Algeria+Algiers+Ashkenaz+Baladi+Bavlim+Chabad+ChayeyOdom+Djerba+Fes+Frankfurt+Italki+Libya+Lita+Magreb+Marrakesh+Morocco+Persia+Poznan+PureSephardim+Romania+Sefard+Shami+Teiman+Toshbim	torah	1:Numbers:28:1:28:3 2:Numbers:28:3:28:5 3:Numbers:28:6:28:10 4:Numbers:28:11:28:15
2027-03-10	EY|Wednesday|Pekudei|RoshChodesh|morning	Hagra	torah	1:Numbers:28:1:28:3 2:Numbers:28:4:28:8 3:Numbers:28:6:28:10 4:Numbers:28:11:28:15
2027-03-10	chul|Wednesday|Pekudei|RoshChodesh|morning	ALL	haftarah	-
2027-03-10	chul|Wednesday|Pekudei|RoshChodesh|morning	ALL	maftir	-
2027-03-10	chul|Wednesday|Pekudei|RoshChodesh|morning	Agadir+Algeria+Algiers+Ashkenaz+Baladi+Bavlim+Chabad+ChayeyOdom+Djerba+Fes+Frankfurt+Italki+Libya+Lita+Magreb+Marrakesh+Morocco+Persia+Poznan+PureSephardim+Romania+Sefard+Shami+Teiman+Toshbim	torah	1:Numbers:28:1:28:3 2:Numbers:28:3:28:5 3:Numbers:28:6:28:10 4:Numbers:28:11:28:15
2027-03-10	chul|Wednesday|Pekudei|RoshChodesh|morning	Hagra	torah	1:Numbers:28:1:28:3 2:Numbers:28:4:28:8 3:Numbers:28:6:28:10 4:Numbers:28:11:28:15
2027-03-22	EY|Monday|Tzav|FastOfEster|afternoon	ALL	maftir	-
2027-03-22	EY|Monday|Tzav|FastOfEster|afternoon	ALL	torah	1:Exodus:32:11:32:14 2:Exodus:34:1:34:3 3:Exodus:34:4:34:10
2027-03-22	EY|Monday|Tzav|FastOfEster|afternoon	Agadir+Baladi+Bavlim+Djerba+Fes+Libya+Magreb+Morocco+Persia+PureSephardim+Sefard+Shami+Teiman+Toshbim	haftarah	-
2027-03-22	EY|Monday|Tzav|FastOfEster|afternoon	Algeria+Marrakesh	haftarah	Hosea:14:2:14:10 Micah:7:18:7:20
2027-03-22	EY|Monday|Tzav|FastOfEster|afternoon	Algiers+Ashkenaz+Chabad+ChayeyOdom+Frankfurt+Hagra+Italki+Lita+Poznan+Romania	haftarah	Isaiah:55:6:56:8
2027-03-22	EY|Monday|Tzav|FastOfEster|morning	ALL	haftarah	-
2027-03-22	EY|Monday|Tzav|FastOfEster|morning	ALL	maftir	-
2027-03-22	EY|Monday|Tzav|FastOfEster|morning	ALL	torah	1:Exodus:32:11:32:14 2:Exodus:34:1:34:3 3:Exodus:34:4:34:10
2027-03-22	chul|Monday|Tzav|FastOfEster|afternoon	ALL	maftir	-
2027-03-22	chul|Monday|Tzav|FastOfEster|afternoon	ALL	torah	1:Exodus:32:11:32:14 2:Exodus:34:1:34:3 3:Exodus:34:4:34:10
2027-03-22	chul|Monday|Tzav|FastOfEster|afternoon	Agadir+Baladi+Bavlim+Djerba+Fes+Libya+Magreb+Morocco+Persia+PureSephardim+Sefard+Shami+Teiman+Toshbim	haftarah	-
2027-03-22	chul|Monday|Tzav|FastOfEster|afternoon	Algeria+Marrakesh	haftarah	Hosea:14:2:14:10 Micah:7:18:7:20
2027-03-22	chul|Monday|Tzav|FastOfEster|afternoon	Algiers+Ashkenaz+Chabad+ChayeyOdom+Frankfurt+Hagra+Italki+Lita+Poznan+Romania	haftarah	Isaiah:55:6:56:8
2027-03-22	chul|Monday|Tzav|FastOfEster|morning	ALL	haftarah	-
2027-03-22	chul|Monday|Tzav|FastOfEster|morning	ALL	maftir	-
2027-03-22	chul|Monday|Tzav|FastOfEster|morning	ALL	torah	1:Exodus:32:11:32:14 2:Exodus:34:1:34:3 3:Exodus:34:4:34:10
2027-03-23	EY|Tuesday|Tzav|Purim|morning	ALL	haftarah	-
2027-03-23	EY|Tuesday|Tzav|Purim|morning	ALL	maftir	-
2027-03-23	EY|Tuesday|Tzav|Purim|morning	ALL	torah	1:Exodus:17:8:17:10 2:Exodus:17:11:17:13 3:Exodus:17:14:17:16
2027-03-23	chul|Tuesday|Tzav|Purim|morning	ALL	haftarah	-
2027-03-23	chul|Tuesday|Tzav|Purim|morning	ALL	maftir	-
2027-03-23	chul|Tuesday|Tzav|Purim|morning	ALL	torah	1:Exodus:17:8:17:10 2:Exodus:17:11:17:13 3:Exodus:17:14:17:16
2027-03-24	EY|Wednesday|Tzav|ShushanPurim|morning	ALL	haftarah	-
2027-03-24	EY|Wednesday|Tzav|ShushanPurim|morning	ALL	maftir	-
2027-03-24	EY|Wednesday|Tzav|ShushanPurim|morning	ALL	torah	1:Exodus:17:8:17:10 2:Exodus:17:11:17:13 3:Exodus:17:14:17:16
2027-03-24	chul|Wednesday|Tzav|ShushanPurim|morning	ALL	haftarah	-
2027-03-24	chul|Wednesday|Tzav|ShushanPurim|morning	ALL	maftir	-
2027-03-24	chul|Wednesday|Tzav|ShushanPurim|morning	ALL	torah	1:Exodus:17:8:17:10 2:Exodus:17:11:17:13 3:Exodus:17:14:17:16
2027-04-08	EY|Thursday|Tazria|RoshChodesh|morning	ALL	haftarah	-
2027-04-08	EY|Thursday|Tazria|RoshChodesh|morning	ALL	maftir	-
2027-04-08	EY|Thursday|Tazria|RoshChodesh|morning	Agadir+Algeria+Algiers+Ashkenaz+Baladi+Bavlim+Chabad+ChayeyOdom+Djerba+Fes+Frankfurt+Italki+Libya+Lita+Magreb+Marrakesh+Morocco+Persia+Poznan+PureSephardim+Romania+Sefard+Shami+Teiman+Toshbim	torah	1:Numbers:28:1:28:3 2:Numbers:28:3:28:5 3:Numbers:28:6:28:10 4:Numbers:28:11:28:15
2027-04-08	EY|Thursday|Tazria|RoshChodesh|morning	Hagra	torah	1:Numbers:28:1:28:3 2:Numbers:28:4:28:8 3:Numbers:28:6:28:10 4:Numbers:28:11:28:15
2027-04-08	chul|Thursday|Tazria|RoshChodesh|morning	ALL	haftarah	-
2027-04-08	chul|Thursday|Tazria|RoshChodesh|morning	ALL	maftir	-
2027-04-08	chul|Thursday|Tazria|RoshChodesh|morning	Agadir+Algeria+Algiers+Ashkenaz+Baladi+Bavlim+Chabad+ChayeyOdom+Djerba+Fes+Frankfurt+Italki+Libya+Lita+Magreb+Marrakesh+Morocco+Persia+Poznan+PureSephardim+Romania+Sefard+Shami+Teiman+Toshbim	torah	1:Numbers:28:1:28:3 2:Numbers:28:3:28:5 3:Numbers:28:6:28:10 4:Numbers:28:11:28:15
2027-04-08	chul|Thursday|Tazria|RoshChodesh|morning	Hagra	torah	1:Numbers:28:1:28:3 2:Numbers:28:4:28:8 3:Numbers:28:6:28:10 4:Numbers:28:11:28:15
2027-04-25	EY|Sunday|Acharei|Omer(3)+PesachIntermediate3InHolyLand|morning	ALL	haftarah	-
2027-04-25	EY|Sunday|Acharei|Omer(3)+PesachIntermediate3InHolyLand|morning	ALL	maftir	-
2027-04-25	EY|Sunday|Acharei|Omer(3)+PesachIntermediate3InHolyLand|morning	ALL	torah	1:Exodus:13:1:13:4 2:Exodus:13:5:13:10 3:Exodus:13:11:13:16 4:Numbers:28:19:28:25
2027-04-25	chul|Sunday|Acharei|Omer(3)+PesachIntermediate2|morning	ALL	haftarah	-
2027-04-25	chul|Sunday|Acharei|Omer(3)+PesachIntermediate2|morning	ALL	maftir	-
2027-04-25	chul|Sunday|Acharei|Omer(3)+PesachIntermediate2|morning	ALL	torah	1:Exodus:13:1:13:4 2:Exodus:13:5:13:10 3:Exodus:13:11:13:16 4:Numbers:28:19:28:25
2027-04-26	EY|Monday|Acharei|Omer(4)+PesachIntermediate4InHolyLand|morning	ALL	haftarah	-
2027-04-26	EY|Monday|Acharei|Omer(4)+PesachIntermediate4InHolyLand|morning	ALL	maftir	-
2027-04-26	EY|Monday|Acharei|Omer(4)+PesachIntermediate4InHolyLand|morning	ALL	torah	1:Exodus:22:24:22:26 2:Exodus:22:27:23:5 3:Exodus:23:6:23:19 4:Numbers:28:19:28:25
2027-04-26	chul|Monday|Acharei|Omer(4)+PesachIntermediate3|morning	ALL	haftarah	-
2027-04-26	chul|Monday|Acharei|Omer(4)+PesachIntermediate3|morning	ALL	maftir	-
2027-04-26	chul|Monday|Acharei|Omer(4)+PesachIntermediate3|morning	ALL	torah	1:Exodus:22:24:22:26 2:Exodus:22:27:23:5 3:Exodus:23:6:23:19 4:Numbers:28:19:28:25
2027-04-27	EY|Tuesday|Acharei|Omer(5)+PesachIntermediate5InHolyLand|morning	ALL	haftarah	-
2027-04-27	EY|Tuesday|Acharei|Omer(5)+PesachIntermediate5InHolyLand|morning	ALL	maftir	-
2027-04-27	EY|Tuesday|Acharei|Omer(5)+PesachIntermediate5InHolyLand|morning	ALL	torah	1:Numbers:9:1:9:6 2:Numbers:9:7:9:8 3:Numbers:9:9:9:14 4:Numbers:28:19:28:25
2027-04-27	chul|Tuesday|Acharei|Omer(5)+PesachIntermediate4|morning	ALL	haftarah	-
2027-04-27	chul|Tuesday|Acharei|Omer(5)+PesachIntermediate4|morning	ALL	maftir	-
2027-04-27	chul|Tuesday|Acharei|Omer(5)+PesachIntermediate4|morning	ALL	torah	1:Numbers:9:1:9:6 2:Numbers:9:7:9:8 3:Numbers:9:9:9:14 4:Numbers:28:19:28:25
2027-04-28	EY|Wednesday|Acharei|Omer(6)+Pesach7|morning	ALL	haftarah	SamuelII:22:1:22:51
2027-04-28	EY|Wednesday|Acharei|Omer(6)+Pesach7|morning	ALL	maftir	Numbers:28:19:28:25
2027-04-28	EY|Wednesday|Acharei|Omer(6)+Pesach7|morning	ALL	torah	1:Exodus:13:17:13:22 2:Exodus:14:1:14:8 3:Exodus:14:9:14:14 4:Exodus:14:15:14:25 5:Exodus:14:26:15:26
2027-04-28	chul|Wednesday|Acharei|Omer(6)+Pesach7|morning	ALL	haftarah	SamuelII:22:1:22:51
2027-04-28	chul|Wednesday|Acharei|Omer(6)+Pesach7|morning	ALL	maftir	Numbers:28:19:28:25
2027-04-28	chul|Wednesday|Acharei|Omer(6)+Pesach7|morning	ALL	torah	1:Exodus:13:17:13:22 2:Exodus:14:1:14:8 3:Exodus:14:9:14:14 4:Exodus:14:15:14:25 5:Exodus:14:26:15:26
2027-04-29	EY|Thursday|Acharei|Omer(7)|morning	ALL	haftarah	-
2027-04-29	EY|Thursday|Acharei|Omer(7)|morning	ALL	maftir	-
2027-04-29	EY|Thursday|Acharei|Omer(7)|morning	ALL	torah	1:Leviticus:16:1:16:6 2:Leviticus:16:7:16:11 3:Leviticus:16:12:16:17
2027-04-29	chul|Thursday|Acharei|Omer(7)+Pesach8|morning	ALL	haftarah	Isaiah:10:32:12:6
2027-04-29	chul|Thursday|Acharei|Omer(7)+Pesach8|morning	ALL	maftir	Numbers:28:19:28:25
2027-04-29	chul|Thursday|Acharei|Omer(7)+Pesach8|morning	ALL	torah	1:Deuteronomy:15:19:15:23 2:Deuteronomy:16:1:16:3 3:Deuteronomy:16:4:16:8 4:Deuteronomy:16:9:16:12 5:Deuteronomy:16:13:16:17
2027-05-01	EY|shabbos|Acharei|Omer(9)|afternoon	ALL	haftarah	-
2027-05-01	EY|shabbos|Acharei|Omer(9)|afternoon	ALL	maftir	-
2027-05-01	EY|shabbos|Acharei|Omer(9)|afternoon	ALL	torah	1:Leviticus:19:1:19:4 2:Leviticus:19:5:19:10 3:Leviticus:19:11:19:14
2027-05-01	EY|shabbos|Acharei|Omer(9)|morning	ALL	maftir	Leviticus:18:28:18:30
2027-05-01	EY|shabbos|Acharei|Omer(9)|morning	ALL	torah	1:Leviticus:16:1:16:17 2:Leviticus:16:18:16:24 3:Leviticus:16:25:16:34 4:Leviticus:17:1:17:7 5:Leviticus:17:8:18:5 6:Leviticus:18:6:18:21 7:Leviticus:18:22:18:30
2027-05-01	EY|shabbos|Acharei|Omer(9)|morning	Agadir+Algeria+Algiers+Ashkenaz+Baladi+Bavlim+ChayeyOdom+Djerba+Fes+Frankfurt+Hagra+Italki+Libya+Lita+Magreb+Marrakesh+Morocco+Persia+PureSephardim+Romania+Sefard+Shami+Teiman+Toshbim	haftarah	Ezekiel:22:1:22:16
2027-05-01	EY|shabbos|Acharei|Omer(9)|morning	Chabad	haftarah	Amos:9:7:9:15
2027-05-01	EY|shabbos|Acharei|Omer(9)|morning	Poznan	haftarah	Ezekiel:22:2:22:16
2027-05-01	chul|shabbos|Acharei|Omer(9)|afternoon	ALL	haftarah	-
2027-05-01	chul|shabbos|Acharei|Omer(9)|afternoon	ALL	maftir	-
2027-05-01	chul|shabbos|Acharei|Omer(9)|afternoon	ALL	torah	1:Leviticus:19:1:19:4 2:Leviticus:19:5:19:10 3:Leviticus:19:11:19:14
2027-05-01	chul|shabbos|Acharei|Omer(9)|morning	ALL	maftir	Leviticus:18:28:18:30
2027-05-01	chul|shabbos|Acharei|Omer(9)|morning	ALL	torah	1:Leviticus:16:1:16:17 2:Leviticus:16:18:16:24 3:Leviticus:16:25:16:34 4:Leviticus:17:1:17:7 5:Leviticus:17:8:18:5 6:Leviticus:18:6:18:21 7:Leviticus:18:22:18:30
2027-05-01	chul|shabbos|Acharei|Omer(9)|morning	Agadir+Algeria+Algiers+Ashkenaz+Baladi+Bavlim+ChayeyOdom+Djerba+Fes+Frankfurt+Hagra+Italki+Libya+Lita+Magreb+Marrakesh+Morocco+Persia+PureSephardim+Romania+Sefard+Shami+Teiman+Toshbim	haftarah	Ezekiel:22:1:22:16
2027-05-01	chul|shabbos|Acharei|Omer(9)|morning	Chabad	haftarah	Amos:9:7:9:15
2027-05-01	chul|shabbos|Acharei|Omer(9)|morning	Poznan	haftarah	Ezekiel:22:2:22:16
2027-05-03	EY|Monday|Kedoshim|Omer(11)|morning	ALL	haftarah	-
2027-05-03	EY|Monday|Kedoshim|Omer(11)|morning	ALL	maftir	-
2027-05-03	EY|Monday|Kedoshim|Omer(11)|morning	ALL	torah	1:Leviticus:19:1:19:4 2:Leviticus:19:5:19:10 3:Leviticus:19:11:19:14
2027-05-03	chul|Monday|Kedoshim|Omer(11)|morning	ALL	haftarah	-
2027-05-03	chul|Monday|Kedoshim|Omer(11)|morning	ALL	maftir	-
2027-05-03	chul|Monday|Kedoshim|Omer(11)|morning	ALL	torah	1:Leviticus:19:1:19:4 2:Leviticus:19:5:19:10 3:Leviticus:19:11:19:14
2027-05-06	EY|Thursday|Kedoshim|ErevRoshChodesh+Omer(14)|morning	ALL	haftarah	-
2027-05-06	EY|Thursday|Kedoshim|ErevRoshChodesh+Omer(14)|morning	ALL	maftir	-
2027-05-06	EY|Thursday|Kedoshim|ErevRoshChodesh+Omer(14)|morning	ALL	torah	1:Leviticus:19:1:19:4 2:Leviticus:19:5:19:10 3:Leviticus:19:11:19:14
2027-05-06	chul|Thursday|Kedoshim|ErevRoshChodesh+Omer(14)|morning	ALL	haftarah	-
2027-05-06	chul|Thursday|Kedoshim|ErevRoshChodesh+Omer(14)|morning	ALL	maftir	-
2027-05-06	chul|Thursday|Kedoshim|ErevRoshChodesh+Omer(14)|morning	ALL	torah	1:Leviticus:19:1:19:4 2:Leviticus:19:5:19:10 3:Leviticus:19:11:19:14
2027-05-07	EY|Friday|Kedoshim|ErevRoshChodesh+Omer(15)+RoshChodesh|morning	ALL	haftarah	-
2027-05-07	EY|Friday|Kedoshim|ErevRoshChodesh+Omer(15)+RoshChodesh|morning	ALL	maftir	-
2027-05-07	EY|Friday|Kedoshim|ErevRoshChodesh+Omer(15)+RoshChodesh|morning	Agadir+Algeria+Algiers+Ashkenaz+Baladi+Bavlim+Chabad+ChayeyOdom+Djerba+Fes+Frankfurt+Italki+Libya+Lita+Magreb+Marrakesh+Morocco+Persia+Poznan+PureSephardim+Romania+Sefard+Shami+Teiman+Toshbim	torah	1:Numbers:28:1:28:3 2:Numbers:28:3:28:5 3:Numbers:28:6:28:10 4:Numbers:28:11:28:15
2027-05-07	EY|Friday|Kedoshim|ErevRoshChodesh+Omer(15)+RoshChodesh|morning	Hagra	torah	1:Numbers:28:1:28:3 2:Numbers:28:4:28:8 3:Numbers:28:6:28:10 4:Numbers:28:11:28:15
2027-05-07	chul|Friday|Kedoshim|ErevRoshChodesh+Omer(15)+RoshChodesh|morning	ALL	haftarah	-
2027-05-07	chul|Friday|Kedoshim|ErevRoshChodesh+Omer(15)+RoshChodesh|morning	ALL	maftir	-
2027-05-07	chul|Friday|Kedoshim|ErevRoshChodesh+Omer(15)+RoshChodesh|morning	Agadir+Algeria+Algiers+Ashkenaz+Baladi+Bavlim+Chabad+ChayeyOdom+Djerba+Fes+Frankfurt+Italki+Libya+Lita+Magreb+Marrakesh+Morocco+Persia+Poznan+PureSephardim+Romania+Sefard+Shami+Teiman+Toshbim	torah	1:Numbers:28:1:28:3 2:Numbers:28:3:28:5 3:Numbers:28:6:28:10 4:Numbers:28:11:28:15
2027-05-07	chul|Friday|Kedoshim|ErevRoshChodesh+Omer(15)+RoshChodesh|morning	Hagra	torah	1:Numbers:28:1:28:3 2:Numbers:28:4:28:8 3:Numbers:28:6:28:10 4:Numbers:28:11:28:15
2027-05-08	EY|shabbos|Kedoshim|Omer(16)+RoshChodesh|afternoon	ALL	haftarah	-
2027-05-08	EY|shabbos|Kedoshim|Omer(16)+RoshChodesh|afternoon	ALL	maftir	-
2027-05-08	EY|shabbos|Kedoshim|Omer(16)+RoshChodesh|afternoon	ALL	torah	1:Leviticus:21:1:21:6 2:Leviticus:21:7:21:12 3:Leviticus:21:13:21:15
2027-05-08	EY|shabbos|Kedoshim|Omer(16)+RoshChodesh|morning	ALL	haftarah	Isaiah:66:1:66:24 Isaiah:66:23:66:23
2027-05-08	EY|shabbos|Kedoshim|Omer(16)+RoshChodesh|morning	ALL	maftir	Numbers:28:9:28:15
2027-05-08	EY|shabbos|Kedoshim|Omer(16)+RoshChodesh|morning	ALL	torah	1:Leviticus:19:1:19:14 2:Leviticus:19:15:19:22 3:Leviticus:19:23:19:32 4:Leviticus:19:33:19:37 5:Leviticus:20:1:20:7 6:Leviticus:20:8:20:22 7:Leviticus:20:23:20:27
2027-05-08	chul|shabbos|Kedoshim|Omer(16)+RoshChodesh|afternoon	ALL	haftarah	-
2027-05-08	chul|shabbos|Kedoshim|Omer(16)+RoshChodesh|afternoon	ALL	maftir	-
2027-05-08	chul|shabbos|Kedoshim|Omer(16)+RoshChodesh|afternoon	ALL	torah	1:Leviticus:21:1:21:6 2:Leviticus:21:7:21:12 3:Leviticus:21:13:21:15
2027-05-08	chul|shabbos|Kedoshim|Omer(16)+RoshChodesh|morning	ALL	haftarah	Isaiah:66:1:66:24 Isaiah:66:23:66:23
2027-05-08	chul|shabbos|Kedoshim|Omer(16)+RoshChodesh|morning	ALL	maftir	Numbers:28:9:28:15
2027-05-08	chul|shabbos|Kedoshim|Omer(16)+RoshChodesh|morning	ALL	torah	1:Leviticus:19:1:19:14 2:Leviticus:19:15:19:22 3:Leviticus:19:23:19:32 4:Leviticus:19:33:19:37 5:Leviticus:20:1:20:7 6:Leviticus:20:8:20:22 7:Leviticus:20:23:20:27
2027-05-10	EY|Monday|Emor|Omer(18)|morning	ALL	haftarah	-
2027-05-10	EY|Monday|Emor|Omer(18)|morning	ALL	maftir	-
2027-05-10	EY|Monday|Emor|Omer(18)|morning	ALL	torah	1:Leviticus:21:1:21:6 2:Leviticus:21:7:21:12 3:Leviticus:21:13:21:15
2027-05-10	chul|Monday|Emor|Omer(18)|morning	ALL	haftarah	-
2027-05-10	chul|Monday|Emor|Omer(18)|morning	ALL	maftir	-
2027-05-10	chul|Monday|Emor|Omer(18)|morning	ALL	torah	1:Leviticus:21:1:21:6 2:Leviticus:21:7:21:12 3:Leviticus:21:13:21:15
2027-05-13	EY|Thursday|Emor|Omer(21)|morning	ALL	haftarah	-
2027-05-13	EY|Thursday|Emor|Omer(21)|morning	ALL	maftir	-
2027-05-13	EY|Thursday|Emor|Omer(21)|morning	ALL	torah	1:Leviticus:21:1:21:6 2:Leviticus:21:7:21:12 3:Leviticus:21:13:21:15
2027-05-13	chul|Thursday|Emor|Omer(21)|morning	ALL	haftarah	-
2027-05-13	chul|Thursday|Emor|Omer(21)|morning	ALL	maftir	-
2027-05-13	chul|Thursday|Emor|Omer(21)|morning	ALL	torah	1:Leviticus:21:1:21:6 2:Leviticus:21:7:21:12 3:Leviticus:21:13:21:15
2027-05-15	EY|shabbos|Emor|Omer(23)|afternoon	ALL	haftarah	-
2027-05-15	EY|shabbos|Emor|Omer(23)|afternoon	ALL	maftir	-
2027-05-15	EY|shabbos|Emor|Omer(23)|afternoon	ALL	torah	1:Leviticus:25:1:25:3 2:Leviticus:25:4:25:7 3:Leviticus:25:8:25:13
2027-05-15	EY|shabbos|Emor|Omer(23)|morning	ALL	haftarah	Ezekiel:44:15:44:31
2027-05-15	EY|shabbos|Emor|Omer(23)|morning	ALL	maftir	Leviticus:24:21:24:23
2027-05-15	EY|shabbos|Emor|Omer(23)|morning	ALL	torah	1:Leviticus:21:1:21:15 2:Leviticus:21:16:22:16 3:Leviticus:22:17:22:33 4:Leviticus:23:1:23:22 5:Leviticus:23:23:23:32 6:Leviticus:23:33:23:44 7:Leviticus:24:1:24:23
2027-05-15	chul|shabbos|Emor|Omer(23)|afternoon	ALL	haftarah	-
2027-05-15	chul|shabbos|Emor|Omer(23)|afternoon	ALL	maftir	-
2027-05-15	chul|shabbos|Emor|Omer(23)|afternoon	ALL	torah	1:Leviticus:25:1:25:3 2:Leviticus:25:4:25:7 3:Leviticus:25:8:25:13
2027-05-15	chul|shabbos|Emor|Omer(23)|morning	ALL	haftarah	Ezekiel:44:15:44:31
2027-05-15	chul|shabbos|Emor|Omer(23)|morning	ALL	maftir	Leviticus:24:21:24:23
2027-05-15	chul|shabbos|Emor|Omer(23)|morning	ALL	torah	1:Leviticus:21:1:21:15 2:Leviticus:21:16:22:16 3:Leviticus:22:17:22:33 4:Leviticus:23:1:23:22 5:Leviticus:23:23:23:32 6:Leviticus:23:33:23:44 7:Leviticus:24:1:24:23
2027-05-17	EY|Monday|Behar|Omer(25)|morning	ALL	haftarah	-
2027-05-17	EY|Monday|Behar|Omer(25)|morning	ALL	maftir	-
2027-05-17	EY|Monday|Behar|Omer(25)|morning	ALL	torah	1:Leviticus:25:1:25:3 2:Leviticus:25:4:25:7 3:Leviticus:25:8:25:13
2027-05-17	chul|Monday|Behar|Omer(25)|morning	ALL	haftarah	-
2027-05-17	chul|Monday|Behar|Omer(25)|morning	ALL	maftir	-
2027-05-17	chul|Monday|Behar|Omer(25)|morning	ALL	torah	1:Leviticus:25:1:25:3 2:Leviticus:25:4:25:7 3:Leviticus:25:8:25:13
2027-05-20	EY|Thursday|Behar|Omer(28)|morning	ALL	haftarah	-
2027-05-20	EY|Thursday|Behar|Omer(28)|morning	ALL	maftir	-
2027-05-20	EY|Thursday|Behar|Omer(28)|morning	ALL	torah	1:Leviticus:25:1:25:3 2:Leviticus:25:4:25:7 3:Leviticus:25:8:25:13
2027-05-20	chul|Thursday|Behar|Omer(28)|morning	ALL	haftarah	-
2027-05-20	chul|Thursday|Behar|Omer(28)|morning	ALL	maftir	-
2027-05-20	chul|Thursday|Behar|Omer(28)|morning	ALL	torah	1:Leviticus:25:1:25:3 2:Leviticus:25:4:25:7 3:Leviticus:25:8:25:13
2027-05-22	EY|shabbos|Behar|Omer(30)|afternoon	ALL	haftarah	-
2027-05-22	EY|shabbos|Behar|Omer(30)|afternoon	ALL	maftir	-
2027-05-22	EY|shabbos|Behar|Omer(30)|afternoon	ALL	torah	1:Leviticus:26:3:26:5 2:Leviticus:26:6:26:9 3:Leviticus:26:10:26:13
2027-05-22	EY|shabbos|Behar|Omer(30)|morning	ALL	maftir	Leviticus:25:55:26:2
2027-05-22	EY|shabbos|Behar|Omer(30)|morning	ALL	torah	1:Leviticus:25:1:25:13 2:Leviticus:25:14:25:18 3:Leviticus:25:19:25:24 4:Leviticus:25:25:25:28 5:Leviticus:25:29:25:38 6:Leviticus:25:39:25:46 7:Leviticus:25:47:26:2
2027-05-22	EY|shabbos|Behar|Omer(30)|morning	Agadir+Algeria+Algiers+Ashkenaz+Bavlim+ChayeyOdom+Djerba+Fes+Frankfurt+Hagra+Libya+Lita+Magreb+Marrakesh+Morocco+Persia+PureSephardim+Romania+Sefard+Toshbim	haftarah	Jeremiah:32:6:32:27
2027-05-22	EY|shabbos|Behar|Omer(30)|morning	Baladi+Italki+Shami+Teiman	haftarah	Jeremiah:16:19:17:14
2027-05-22	EY|shabbos|Behar|Omer(30)|morning	Chabad+Poznan	haftarah	Jeremiah:32:6:32:22
2027-05-22	chul|shabbos|Behar|Omer(30)|afternoon	ALL	haftarah	-
2027-05-22	chul|shabbos|Behar|Omer(30)|afternoon	ALL	maftir	-
2027-05-22	chul|shabbos|Behar|Omer(30)|afternoon	ALL	torah	1:Leviticus:26:3:26:5 2:Leviticus:26:6:26:9 3:Leviticus:26:10:26:13
2027-05-22	chul|shabbos|Behar|Omer(30)|morning	ALL	maftir	Leviticus:25:55:26:2
2027-05-22	chul|shabbos|Behar|Omer(30)|morning	ALL	torah	1:Leviticus:25:1:25:13 2:Leviticus:25:14:25:18 3:Leviticus:25:19:25:24 4:Leviticus:25:25:25:28 5:Leviticus:25:29:25:38 6:Leviticus:25:39:25:46 7:Leviticus:25:47:26:2
2027-05-22	chul|shabbos|Behar|Omer(30)|morning	Agadir+Algeria+Algiers+Ashkenaz+Bavlim+ChayeyOdom+Djerba+Fes+Frankfurt+Hagra+Libya+Lita+Magreb+Marrakesh+Morocco+Persia+PureSephardim+Romania+Sefard+Toshbim	haftarah	Jeremiah:32:6:32:27
2027-05-22	chul|shabbos|Behar|Omer(30)|morning	Baladi+Italki+Shami+Teiman	haftarah	Jeremiah:16:19:17:14
2027-05-22	chul|shabbos|Behar|Omer(30)|morning	Chabad+Poznan	haftarah	Jeremiah:32:6:32:22
2027-05-24	EY|Monday|Bechukosai|Omer(32)|morning	ALL	haftarah	-
2027-05-24	EY|Monday|Bechukosai|Omer(32)|morning	ALL	maftir	-
2027-05-24	EY|Monday|Bechukosai|Omer(32)|morning	ALL	torah	1:Leviticus:26:3:26:5 2:Leviticus:26:6:26:9 3:Leviticus:26:10:26:13
2027-05-24	chul|Monday|Bechukosai|Omer(32)|morning	ALL	haftarah	-
2027-05-24	chul|Monday|Bechukosai|Omer(32)|morning	ALL	maftir	-
2027-05-24	chul|Monday|Bechukosai|Omer(32)|morning	ALL	torah	1:Leviticus:26:3:26:5 2:Leviticus:26:6:26:9 3:Leviticus:26:10:26:13
2027-05-27	EY|Thursday|Bechukosai|Omer(35)|morning	ALL	haftarah	-
2027-05-27	EY|Thursday|Bechukosai|Omer(35)|morning	ALL	maftir	-
2027-05-27	EY|Thursday|Bechukosai|Omer(35)|morning	ALL	torah	1:Leviticus:26:3:26:5 2:Leviticus:26:6:26:9 3:Leviticus:26:10:26:13
2027-05-27	chul|Thursday|Bechukosai|Omer(35)|morning	ALL	haftarah	-
2027-05-27	chul|Thursday|Bechukosai|Omer(35)|morning	ALL	maftir	-
2027-05-27	chul|Thursday|Bechukosai|Omer(35)|morning	ALL	torah	1:Leviticus:26:3:26:5 2:Leviticus:26:6:26:9 3:Leviticus:26:10:26:13
2027-05-29	EY|shabbos|Bechukosai|Omer(37)|afternoon	ALL	haftarah	-
2027-05-29	EY|shabbos|Bechukosai|Omer(37)|afternoon	ALL	maftir	-
2027-05-29	EY|shabbos|Bechukosai|Omer(37)|afternoon	ALL	torah	1:Numbers:1:1:1:4 2:Numbers:1:5:1:16 3:Numbers:1:17:1:19
2027-05-29	EY|shabbos|Bechukosai|Omer(37)|morning	ALL	maftir	Leviticus:27:32:27:34
2027-05-29	EY|shabbos|Bechukosai|Omer(37)|morning	ALL	torah	1:Leviticus:26:3:26:5 2:Leviticus:26:6:26:9 3:Leviticus:26:10:26:46 4:Leviticus:27:1:27:15 5:Leviticus:27:16:27:21 6:Leviticus:27:22:27:28 7:Leviticus:27:29:27:34
2027-05-29	EY|shabbos|Bechukosai|Omer(37)|morning	Agadir+Algeria+Algiers+Ashkenaz+Bavlim+Chabad+ChayeyOdom+Djerba+Fes+Frankfurt+Hagra+Libya+Lita+Magreb+Marrakesh+Morocco+Persia+PureSephardim+Romania+Sefard+Toshbim	haftarah	Jeremiah:16:19:17:14
2027-05-29	EY|shabbos|Bechukosai|Omer(37)|morning	Baladi+Shami+Teiman	haftarah	Ezekiel:34:1:34:27
2027-05-29	EY|shabbos|Bechukosai|Omer(37)|morning	Italki+Poznan	haftarah	Ezekiel:34:1:34:15
2027-05-29	chul|shabbos|Bechukosai|Omer(37)|afternoon	ALL	haftarah	-
2027-05-29	chul|shabbos|Bechukosai|Omer(37)|afternoon	ALL	maftir	-
2027-05-29	chul|shabbos|Bechukosai|Omer(37)|afternoon	ALL	torah	1:Numbers:1:1:1:4 2:Numbers:1:5:1:16 3:Numbers:1:17:1:19
2027-05-29	chul|shabbos|Bechukosai|Omer(37)|morning	ALL	maftir	Leviticus:27:32:27:34
2027-05-29	chul|shabbos|Bechukosai|Omer(37)|morning	ALL	torah	1:Leviticus:26:3:26:5 2:Leviticus:26:6:26:9 3:Leviticus:26:10:26:46 4:Leviticus:27:1:27:15 5:Leviticus:27:16:27:21 6:Leviticus:27:22:27:28 7:Leviticus:27:29:27:34
2027-05-29	chul|shabbos|Bechukosai|Omer(37)|morning	Agadir+Algeria+Algiers+Ashkenaz+Bavlim+Chabad+ChayeyOdom+Djerba+Fes+Frankfurt+Hagra+Libya+Lita+Magreb+Marrakesh+Morocco+Persia+PureSephardim+Romania+Sefard+Toshbim	haftarah	Jeremiah:16:19:17:14
2027-05-29	chul|shabbos|Bechukosai|Omer(37)|morning	Baladi+Shami+Teiman	haftarah	Ezekiel:34:1:34:27
2027-05-29	chul|shabbos|Bechukosai|Omer(37)|morning	Italki+Poznan	haftarah	Ezekiel:34:1:34:15
2028-02-26	EY|shabbos|Mishpatim|ErevRoshChodesh+ParshasShekalim|afternoon	ALL	haftarah	-
2028-02-26	EY|shabbos|Mishpatim|ErevRoshChodesh+ParshasShekalim|afternoon	ALL	maftir	-
2028-02-26	EY|shabbos|Mishpatim|ErevRoshChodesh+ParshasShekalim|afternoon	ALL	torah	1:Exodus:25:1:25:5 2:Exodus:25:6:25:9 3:Exodus:25:10:25:16
2028-02-26	EY|shabbos|Mishpatim|ErevRoshChodesh+ParshasShekalim|morning	ALL	maftir	Exodus:30:11:30:16
2028-02-26	EY|shabbos|Mishpatim|ErevRoshChodesh+ParshasShekalim|morning	ALL	torah	1:Exodus:21:1:21:19 2:Exodus:21:20:22:3 3:Exodus:22:4:22:26 4:Exodus:22:27:23:5 5:Exodus:23:6:23:19 6:Exodus:23:20:23:25 7:Exodus:23:26:24:18
2028-02-26	EY|shabbos|Mishpatim|ErevRoshChodesh+ParshasShekalim|morning	Agadir+Algeria+Algiers+Bavlim+Djerba+Libya+Magreb+Marrakesh+Morocco+Persia+PureSephardim+Sefard+Toshbim	haftarah	KingsII:11:17:12:17
2028-02-26	EY|shabbos|Mishpatim|ErevRoshChodesh+ParshasShekalim|morning	Ashkenaz+Baladi+ChayeyOdom+Frankfurt+Hagra+Italki+Lita+Poznan+Shami+Teiman	haftarah	KingsII:12:1:12:17
2028-02-26	EY|shabbos|Mishpatim|ErevRoshChodesh+ParshasShekalim|morning	Chabad	haftarah	KingsII:12:1:12:17 SamuelI:20:18:20:18 SamuelI:20:42:20:42
2028-02-26	EY|shabbos|Mishpatim|ErevRoshChodesh+ParshasShekalim|morning	Fes	haftarah	KingsII:11:17:12:17 SamuelI:20:18:20:18 SamuelI:20:42:20:42
2028-02-26	EY|shabbos|Mishpatim|ErevRoshChodesh+ParshasShekalim|morning	Romania	haftarah	Ezekiel:45:12:46:5
2028-02-26	chul|shabbos|Mishpatim|ErevRoshChodesh+ParshasShekalim|afternoon	ALL	haftarah	-
2028-02-26	chul|shabbos|Mishpatim|ErevRoshChodesh+ParshasShekalim|afternoon	ALL	maftir	-
2028-02-26	chul|shabbos|Mishpatim|ErevRoshChodesh+ParshasShekalim|afternoon	ALL	torah	1:Exodus:25:1:25:5 2:Exodus:25:6:25:9 3:Exodus:25:10:25:16
2028-02-26	chul|shabbos|Mishpatim|ErevRoshChodesh+ParshasShekalim|morning	ALL	maftir	Exodus:30:11:30:16
2028-02-26	chul|shabbos|Mishpatim|ErevRoshChodesh+ParshasShekalim|morning	ALL	torah	1:Exodus:21:1:21:19 2:Exodus:21:20:22:3 3:Exodus:22:4:22:26 4:Exodus:22:27:23:5 5:Exodus:23:6:23:19 6:Exodus:23:20:23:25 7:Exodus:23:26:24:18
2028-02-26	chul|shabbos|Mishpatim|ErevRoshChodesh+ParshasShekalim|morning	Agadir+Algeria+Algiers+Bavlim+Djerba+Libya+Magreb+Marrakesh+Morocco+Persia+PureSephardim+Sefard+Toshbim	haftarah	KingsII:11:17:12:17
2028-02-26	chul|shabbos|Mishpatim|ErevRoshChodesh+ParshasShekalim|morning	Ashkenaz+Baladi+ChayeyOdom+Frankfurt+Hagra+Italki+Lita+Poznan+Shami+Teiman	haftarah	KingsII:12:1:12:17
2028-02-26	chul|shabbos|Mishpatim|ErevRoshChodesh+ParshasShekalim|morning	Chabad	haftarah	KingsII:12:1:12:17 SamuelI:20:18:20:18 SamuelI:20:42:20:42
2028-02-26	chul|shabbos|Mishpatim|ErevRoshChodesh+ParshasShekalim|morning	Fes	haftarah	KingsII:11:17:12:17 SamuelI:20:18:20:18 SamuelI:20:42:20:42
2028-02-26	chul|shabbos|Mishpatim|ErevRoshChodesh+ParshasShekalim|morning	Romania	haftarah	Ezekiel:45:12:46:5
2028-03-12	EY|Sunday|KiSisa|Purim|morning	ALL	haftarah	-
2028-03-12	EY|Sunday|KiSisa|Purim|morning	ALL	maftir	-
2028-03-12	EY|Sunday|KiSisa|Purim|morning	ALL	torah	1:Exodus:17:8:17:10 2:Exodus:17:11:17:13 3:Exodus:17:14:17:16
2028-03-12	chul|Sunday|KiSisa|Purim|morning	ALL	haftarah	-
2028-03-12	chul|Sunday|KiSisa|Purim|morning	ALL	maftir	-
2028-03-12	chul|Sunday|KiSisa|Purim|morning	ALL	torah	1:Exodus:17:8:17:10 2:Exodus:17:11:17:13 3:Exodus:17:14:17:16
2028-03-13	EY|Monday|KiSisa|ShushanPurim|morning	ALL	haftarah	-
2028-03-13	EY|Monday|KiSisa|ShushanPurim|morning	ALL	maftir	-
2028-03-13	EY|Monday|KiSisa|ShushanPurim|morning	ALL	torah	1:Exodus:17:8:17:10 2:Exodus:17:11:17:13 3:Exodus:17:14:17:16
2028-03-13	chul|Monday|KiSisa|ShushanPurim|morning	ALL	haftarah	-
2028-03-13	chul|Monday|KiSisa|ShushanPurim|morning	ALL	maftir	-
2028-03-13	chul|Monday|KiSisa|ShushanPurim|morning	ALL	torah	1:Exodus:17:8:17:10 2:Exodus:17:11:17:13 3:Exodus:17:14:17:16
2028-03-27	EY|Monday|Vayikra|ErevRoshChodesh|morning	ALL	haftarah	-
2028-03-27	EY|Monday|Vayikra|ErevRoshChodesh|morning	ALL	maftir	-
2028-03-27	EY|Monday|Vayikra|ErevRoshChodesh|morning	ALL	torah	1:Leviticus:1:1:1:4 2:Leviticus:1:5:1:9 3:Leviticus:1:10:1:13
2028-03-27	chul|Monday|Vayikra|ErevRoshChodesh|morning	ALL	haftarah	-
2028-03-27	chul|Monday|Vayikra|ErevRoshChodesh|morning	ALL	maftir	-
2028-03-27	chul|Monday|Vayikra|ErevRoshChodesh|morning	ALL	torah	1:Leviticus:1:1:1:4 2:Leviticus:1:5:1:9 3:Leviticus:1:10:1:13
2028-03-28	EY|Tuesday|Vayikra|RoshChodesh|morning	ALL	haftarah	-
2028-03-28	EY|Tuesday|Vayikra|RoshChodesh|morning	ALL	maftir	-
2028-03-28	EY|Tuesday|Vayikra|RoshChodesh|morning	Agadir+Algeria+Algiers+Ashkenaz+Baladi+Bavlim+Chabad+ChayeyOdom+Djerba+Fes+Frankfurt+Italki+Libya+Lita+Magreb+Marrakesh+Morocco+Persia+Poznan+PureSephardim+Romania+Sefard+Shami+Teiman+Toshbim	torah	1:Numbers:28:1:28:3 2:Numbers:28:3:28:5 3:Numbers:28:6:28:10 4:Numbers:28:11:28:15
2028-03-28	EY|Tuesday|Vayikra|RoshChodesh|morning	Hagra	torah	1:Numbers:28:1:28:3 2:Numbers:28:4:28:8 3:Numbers:28:6:28:10 4:Numbers:28:11:28:15
2028-03-28	chul|Tuesday|Vayikra|RoshChodesh|morning	ALL	haftarah	-
2028-03-28	chul|Tuesday|Vayikra|RoshChodesh|morning	ALL	maftir	-
2028-03-28	chul|Tuesday|Vayikra|RoshChodesh|morning	Agadir+Algeria+Algiers+Ashkenaz+Baladi+Bavlim+Chabad+ChayeyOdom+Djerba+Fes+Frankfurt+Italki+Libya+Lita+Magreb+Marrakesh+Morocco+Persia+Poznan+PureSephardim+Romania+Sefard+Shami+Teiman+Toshbim	torah	1:Numbers:28:1:28:3 2:Numbers:28:3:28:5 3:Numbers:28:6:28:10 4:Numbers:28:11:28:15
2028-03-28	chul|Tuesday|Vayikra|RoshChodesh|morning	Hagra	torah	1:Numbers:28:1:28:3 2:Numbers:28:4:28:8 3:Numbers:28:6:28:10 4:Numbers:28:11:28:15
2028-04-16	EY|Sunday|Shemini|Omer(5)+PesachIntermediate5InHolyLand|morning	ALL	haftarah	-
2028-04-16	EY|Sunday|Shemini|Omer(5)+PesachIntermediate5InHolyLand|morning	ALL	maftir	-
2028-04-16	EY|Sunday|Shemini|Omer(5)+PesachIntermediate5InHolyLand|morning	ALL	torah	1:Numbers:9:1:9:6 2:Numbers:9:7:9:8 3:Numbers:9:9:9:14 4:Numbers:28:19:28:25
2028-04-16	chul|Sunday|Shemini|Omer(5)+PesachIntermediate4|morning	ALL	haftarah	-
2028-04-16	chul|Sunday|Shemini|Omer(5)+PesachIntermediate4|morning	ALL	maftir	-
2028-04-16	chul|Sunday|Shemini|Omer(5)+PesachIntermediate4|morning	ALL	torah	1:Numbers:9:1:9:6 2:Numbers:9:7:9:8 3:Numbers:9:9:9:14 4:Numbers:28:19:28:25
2028-04-17	EY|Monday|Shemini|Omer(6)+Pesach7|morning	ALL	haftarah	SamuelII:22:1:22:51
2028-04-17	EY|Monday|Shemini|Omer(6)+Pesach7|morning	ALL	maftir	Numbers:28:19:28:25
2028-04-17	EY|Monday|Shemini|Omer(6)+Pesach7|morning	ALL	torah	1:Exodus:13:17:13:22 2:Exodus:14:1:14:8 3:Exodus:14:9:14:14 4:Exodus:14:15:14:25 5:Exodus:14:26:15:26
2028-04-17	chul|Monday|Shemini|Omer(6)+Pesach7|morning	ALL	haftarah	SamuelII:22:1:22:51
2028-04-17	chul|Monday|Shemini|Omer(6)+Pesach7|morning	ALL	maftir	Numbers:28:19:28:25
2028-04-17	chul|Monday|Shemini|Omer(6)+Pesach7|morning	ALL	torah	1:Exodus:13:17:13:22 2:Exodus:14:1:14:8 3:Exodus:14:9:14:14 4:Exodus:14:15:14:25 5:Exodus:14:26:15:26
2028-04-18	chul|Tuesday|Shemini|Omer(7)+Pesach8|morning	ALL	haftarah	Isaiah:10:32:12:6
2028-04-18	chul|Tuesday|Shemini|Omer(7)+Pesach8|morning	ALL	maftir	Numbers:28:19:28:25
2028-04-18	chul|Tuesday|Shemini|Omer(7)+Pesach8|morning	ALL	torah	1:Deuteronomy:15:19:15:23 2:Deuteronomy:16:1:16:3 3:Deuteronomy:16:4:16:8 4:Deuteronomy:16:9:16:12 5:Deuteronomy:16:13:16:17
2028-04-20	EY|Thursday|Shemini|Omer(9)|morning	ALL	haftarah	-
2028-04-20	EY|Thursday|Shemini|Omer(9)|morning	ALL	maftir	-
2028-04-20	EY|Thursday|Shemini|Omer(9)|morning	ALL	torah	1:Leviticus:9:1:9:5 2:Leviticus:9:6:9:10 3:Leviticus:9:11:9:16
2028-04-20	chul|Thursday|Shemini|Omer(9)|morning	ALL	haftarah	-
2028-04-20	chul|Thursday|Shemini|Omer(9)|morning	ALL	maftir	-
2028-04-20	chul|Thursday|Shemini|Omer(9)|morning	ALL	torah	1:Leviticus:9:1:9:5 2:Leviticus:9:6:9:10 3:Leviticus:9:11:9:16
2028-04-22	EY|shabbos|Shemini|Omer(11)|afternoon	ALL	haftarah	-
2028-04-22	EY|shabbos|Shemini|Omer(11)|afternoon	ALL	maftir	-
2028-04-22	EY|shabbos|Shemini|Omer(11)|afternoon	ALL	torah	1:Leviticus:12:1:12:4 2:Leviticus:12:5:12:8 3:Leviticus:13:1:13:5
2028-04-22	EY|shabbos|Shemini|Omer(11)|morning	ALL	maftir	Leviticus:11:45:11:47
2028-04-22	EY|shabbos|Shemini|Omer(11)|morning	ALL	torah	1:Leviticus:9:1:9:16 2:Leviticus:9:17:9:23 3:Leviticus:9:24:10:11 4:Leviticus:10:12:10:15 5:Leviticus:10:16:10:20 6:Leviticus:11:1:11:32 7:Leviticus:11:33:11:47
2028-04-22	EY|shabbos|Shemini|Omer(11)|morning	Agadir+Algeria+Algiers+Bavlim+Chabad+Djerba+Fes+Libya+Magreb+Marrakesh+Morocco+Persia+Poznan+PureSephardim+Sefard+Toshbim	haftarah	SamuelII:6:1:6:19
2028-04-22	EY|shabbos|Shemini|Omer(11)|morning	Ashkenaz+ChayeyOdom+Frankfurt+Hagra+Lita	haftarah	SamuelII:6:1:7:17
2028-04-22	EY|shabbos|Shemini|Omer(11)|morning	Baladi+Italki+Shami+Teiman	haftarah	SamuelII:6:1:7:3
2028-04-22	EY|shabbos|Shemini|Omer(11)|morning	Romania	haftarah	Ezekiel:43:27:44:21
2028-04-22	chul|shabbos|Shemini|Omer(11)|afternoon	ALL	haftarah	-
2028-04-22	chul|shabbos|Shemini|Omer(11)|afternoon	ALL	maftir	-
2028-04-22	chul|shabbos|Shemini|Omer(11)|afternoon	ALL	torah	1:Leviticus:12:1:12:4 2:Leviticus:12:5:12:8 3:Leviticus:13:1:13:5
2028-04-22	chul|shabbos|Shemini|Omer(11)|morning	ALL	maftir	Leviticus:11:45:11:47
2028-04-22	chul|shabbos|Shemini|Omer(11)|morning	ALL	torah	1:Leviticus:9:1:9:16 2:Leviticus:9:17:9:23 3:Leviticus:9:24:10:11 4:Leviticus:10:12:10:15 5:Leviticus:10:16:10:20 6:Leviticus:11:1:11:32 7:Leviticus:11:33:11:47
2028-04-22	chul|shabbos|Shemini|Omer(11)|morning	Agadir+Algeria+Algiers+Bavlim+Chabad+Djerba+Fes+Libya+Magreb+Marrakesh+Morocco+Persia+Poznan+PureSephardim+Sefard+Toshbim	haftarah	SamuelII:6:1:6:19
2028-04-22	chul|shabbos|Shemini|Omer(11)|morning	Ashkenaz+ChayeyOdom+Frankfurt+Hagra+Lita	haftarah	SamuelII:6:1:7:17
2028-04-22	chul|shabbos|Shemini|Omer(11)|morning	Baladi+Italki+Shami+Teiman	haftarah	SamuelII:6:1:7:3
2028-04-22	chul|shabbos|Shemini|Omer(11)|morning	Romania	haftarah	Ezekiel:43:27:44:21
2028-04-24	EY|Monday|Tazria-Metzora|Omer(13)|morning	ALL	haftarah	-
2028-04-24	EY|Monday|Tazria-Metzora|Omer(13)|morning	ALL	maftir	-
2028-04-24	EY|Monday|Tazria-Metzora|Omer(13)|morning	ALL	torah	1:Leviticus:12:1:12:4 2:Leviticus:12:5:12:8 3:Leviticus:13:1:13:5
2028-04-24	chul|Monday|Tazria-Metzora|Omer(13)|morning	ALL	haftarah	-
2028-04-24	chul|Monday|Tazria-Metzora|Omer(13)|morning	ALL	maftir	-
2028-04-24	chul|Monday|Tazria-Metzora|Omer(13)|morning	ALL	torah	1:Leviticus:12:1:12:4 2:Leviticus:12:5:12:8 3:Leviticus:13:1:13:5
2028-04-26	EY|Wednesday|Tazria-Metzora|ErevRoshChodesh+Omer(15)+RoshChodesh|morning	ALL	haftarah	-
2028-04-26	EY|Wednesday|Tazria-Metzora|ErevRoshChodesh+Omer(15)+RoshChodesh|morning	ALL	maftir	-
2028-04-26	EY|Wednesday|Tazria-Metzora|ErevRoshChodesh+Omer(15)+RoshChodesh|morning	Agadir+Algeria+Algiers+Ashkenaz+Baladi+Bavlim+Chabad+ChayeyOdom+Djerba+Fes+Frankfurt+Italki+Libya+Lita+Magreb+Marrakesh+Morocco+Persia+Poznan+PureSephardim+Romania+Sefard+Shami+Teiman+Toshbim	torah	1:Numbers:28:1:28:3 2:Numbers:28:3:28:5 3:Numbers:28:6:28:10 4:Numbers:28:11:28:15
2028-04-26	EY|Wednesday|Tazria-Metzora|ErevRoshChodesh+Omer(15)+RoshChodesh|morning	Hagra	torah	1:Numbers:28:1:28:3 2:Numbers:28:4:28:8 3:Numbers:28:6:28:10 4:Numbers:28:11:28:15
2028-04-26	chul|Wednesday|Tazria-Metzora|ErevRoshChodesh+Omer(15)+RoshChodesh|morning	ALL	haftarah	-
2028-04-26	chul|Wednesday|Tazria-Metzora|ErevRoshChodesh+Omer(15)+RoshChodesh|morning	ALL	maftir	-
2028-04-26	chul|Wednesday|Tazria-Metzora|ErevRoshChodesh+Omer(15)+RoshChodesh|morning	Agadir+Algeria+Algiers+Ashkenaz+Baladi+Bavlim+Chabad+ChayeyOdom+Djerba+Fes+Frankfurt+Italki+Libya+Lita+Magreb+Marrakesh+Morocco+Persia+Poznan+PureSephardim+Romania+Sefard+Shami+Teiman+Toshbim	torah	1:Numbers:28:1:28:3 2:Numbers:28:3:28:5 3:Numbers:28:6:28:10 4:Numbers:28:11:28:15
2028-04-26	chul|Wednesday|Tazria-Metzora|ErevRoshChodesh+Omer(15)+RoshChodesh|morning	Hagra	torah	1:Numbers:28:1:28:3 2:Numbers:28:4:28:8 3:Numbers:28:6:28:10 4:Numbers:28:11:28:15
2028-04-27	EY|Thursday|Tazria-Metzora|Omer(16)+RoshChodesh|morning	ALL	haftarah	-
2028-04-27	EY|Thursday|Tazria-Metzora|Omer(16)+RoshChodesh|morning	ALL	maftir	-
2028-04-27	EY|Thursday|Tazria-Metzora|Omer(16)+RoshChodesh|morning	Agadir+Algeria+Algiers+Ashkenaz+Baladi+Bavlim+Chabad+ChayeyOdom+Djerba+Fes+Frankfurt+Italki+Libya+Lita+Magreb+Marrakesh+Morocco+Persia+Poznan+PureSephardim+Romania+Sefard+Shami+Teiman+Toshbim	torah	1:Numbers:28:1:28:3 2:Numbers:28:3:28:5 3:Numbers:28:6:28:10 4:Numbers:28:11:28:15
2028-04-27	EY|Thursday|Tazria-Metzora|Omer(16)+RoshChodesh|morning	Hagra	torah	1:Numbers:28:1:28:3 2:Numbers:28:4:28:8 3:Numbers:28:6:28:10 4:Numbers:28:11:28:15
2028-04-27	chul|Thursday|Tazria-Metzora|Omer(16)+RoshChodesh|morning	ALL	haftarah	-
2028-04-27	chul|Thursday|Tazria-Metzora|Omer(16)+RoshChodesh|morning	ALL	maftir	-
2028-04-27	chul|Thursday|Tazria-Metzora|Omer(16)+RoshChodesh|morning	Agadir+Algeria+Algiers+Ashkenaz+Baladi+Bavlim+Chabad+ChayeyOdom+Djerba+Fes+Frankfurt+Italki+Libya+Lita+Magreb+Marrakesh+Morocco+Persia+Poznan+PureSephardim+Romania+Sefard+Shami+Teiman+Toshbim	torah	1:Numbers:28:1:28:3 2:Numbers:28:3:28:5 3:Numbers:28:6:28:10 4:Numbers:28:11:28:15
2028-04-27	chul|Thursday|Tazria-Metzora|Omer(16)+RoshChodesh|morning	Hagra	torah	1:Numbers:28:1:28:3 2:Numbers:28:4:28:8 3:Numbers:28:6:28:10 4:Numbers:28:11:28:15
2028-04-29	EY|shabbos|Tazria-Metzora|Omer(18)|afternoon	ALL	haftarah	-
2028-04-29	EY|shabbos|Tazria-Metzora|Omer(18)|afternoon	ALL	maftir	-
2028-04-29	EY|shabbos|Tazria-Metzora|Omer(18)|afternoon	ALL	torah	1:Leviticus:16:1:16:6 2:Leviticus:16:7:16:11 3:Leviticus:16:12:16:17
2028-04-29	EY|shabbos|Tazria-Metzora|Omer(18)|morning	ALL	maftir	Leviticus:15:31:15:33
2028-04-29	EY|shabbos|Tazria-Metzora|Omer(18)|morning	ALL	torah	1:Leviticus:12:1:13:23 2:Leviticus:13:24:13:39 3:Leviticus:13:40:13:54 4:Leviticus:13:55:14:20 5:Leviticus:14:21:14:32 6:Leviticus:14:33:15:15 7:Leviticus:15:16:15:33
2028-04-29	EY|shabbos|Tazria-Metzora|Omer(18)|morning	Agadir+Algeria+Algiers+Ashkenaz+Bavlim+Chabad+ChayeyOdom+Djerba+Fes+Frankfurt+Hagra+Libya+Lita+Magreb+Marrakesh+Morocco+Persia+Poznan+PureSephardim+Romania+Sefard+Toshbim	haftarah	KingsII:7:3:7:20
2028-04-29	EY|shabbos|Tazria-Metzora|Omer(18)|morning	Baladi+Italki+Shami+Teiman	haftarah	KingsII:7:1:7:20 KingsII:13:23:13:23
2028-04-29	chul|shabbos|Tazria-Metzora|Omer(18)|afternoon	ALL	haftarah	-
2028-04-29	chul|shabbos|Tazria-Metzora|Omer(18)|afternoon	ALL	maftir	-
2028-04-29	chul|shabbos|Tazria-Metzora|Omer(18)|afternoon	ALL	torah	1:Leviticus:16:1:16:6 2:Leviticus:16:7:16:11 3:Leviticus:16:12:16:17
2028-04-29	chul|shabbos|Tazria-Metzora|Omer(18)|morning	ALL	maftir	Leviticus:15:31:15:33
2028-04-29	chul|shabbos|Tazria-Metzora|Omer(18)|morning	ALL	torah	1:Leviticus:12:1:13:23 2:Leviticus:13:24:13:39 3:Leviticus:13:40:13:54 4:Leviticus:13:55:14:20 5:Leviticus:14:21:14:32 6:Leviticus:14:33:15:15 7:Leviticus:15:16:15:33
2028-04-29	chul|shabbos|Tazria-Metzora|Omer(18)|morning	Agadir+Algeria+Algiers+Ashkenaz+Bavlim+Chabad+ChayeyOdom+Djerba+Fes+Frankfurt+Hagra+Libya+Lita+Magreb+Marrakesh+Morocco+Persia+Poznan+PureSephardim+Romania+Sefard+Toshbim	haftarah	KingsII:7:3:7:20
2028-04-29	chul|shabbos|Tazria-Metzora|Omer(18)|morning	Baladi+Italki+Shami+Teiman	haftarah	KingsII:7:1:7:20 KingsII:13:23:13:23
2028-05-01	EY|Monday|Acharei-Kedoshim|Omer(20)|morning	ALL	haftarah	-
2028-05-01	EY|Monday|Acharei-Kedoshim|Omer(20)|morning	ALL	maftir	-
2028-05-01	EY|Monday|Acharei-Kedoshim|Omer(20)|morning	ALL	torah	1:Leviticus:16:1:16:6 2:Leviticus:16:7:16:11 3:Leviticus:16:12:16:17
2028-05-01	chul|Monday|Acharei-Kedoshim|Omer(20)|morning	ALL	haftarah	-
2028-05-01	chul|Monday|Acharei-Kedoshim|Omer(20)|morning	ALL	maftir	-
2028-05-01	chul|Monday|Acharei-Kedoshim|Omer(20)|morning	ALL	torah	1:Leviticus:16:1:16:6 2:Leviticus:16:7:16:11 3:Leviticus:16:12:16:17
2028-05-04	EY|Thursday|Acharei-Kedoshim|Omer(23)|morning	ALL	haftarah	-
2028-05-04	EY|Thursday|Acharei-Kedoshim|Omer(23)|morning	ALL	maftir	-
2028-05-04	EY|Thursday|Acharei-Kedoshim|Omer(23)|morning	ALL	torah	1:Leviticus:16:1:16:6 2:Leviticus:16:7:16:11 3:Leviticus:16:12:16:17
2028-05-04	chul|Thursday|Acharei-Kedoshim|Omer(23)|morning	ALL	haftarah	-
2028-05-04	chul|Thursday|Acharei-Kedoshim|Omer(23)|morning	ALL	maftir	-
2028-05-04	chul|Thursday|Acharei-Kedoshim|Omer(23)|morning	ALL	torah	1:Leviticus:16:1:16:6 2:Leviticus:16:7:16:11 3:Leviticus:16:12:16:17
2028-05-06	EY|shabbos|Acharei-Kedoshim|Omer(25)|afternoon	ALL	haftarah	-
2028-05-06	EY|shabbos|Acharei-Kedoshim|Omer(25)|afternoon	ALL	maftir	-
2028-05-06	EY|shabbos|Acharei-Kedoshim|Omer(25)|afternoon	ALL	torah	1:Leviticus:21:1:21:6 2:Leviticus:21:7:21:12 3:Leviticus:21:13:21:15
2028-05-06	EY|shabbos|Acharei-Kedoshim|Omer(25)|morning	ALL	maftir	Leviticus:20:25:20:27
2028-05-06	EY|shabbos|Acharei-Kedoshim|Omer(25)|morning	ALL	torah	1:Leviticus:16:1:16:24 2:Leviticus:16:25:17:7 3:Leviticus:17:8:18:21 4:Leviticus:18:22:19:14 5:Leviticus:19:15:19:32 6:Leviticus:19:33:20:7 7:Leviticus:20:8:20:27
2028-05-06	EY|shabbos|Acharei-Kedoshim|Omer(25)|morning	Agadir+Algeria+Algiers+Bavlim+Djerba+Fes+Libya+Magreb+Marrakesh+Morocco+Persia+PureSephardim+Sefard+Toshbim	haftarah	Ezekiel:20:2:20:20
2028-05-06	EY|shabbos|Acharei-Kedoshim|Omer(25)|morning	Ashkenaz+Chabad+Frankfurt+Hagra+Poznan	haftarah	Amos:9:7:9:15
2028-05-06	EY|shabbos|Acharei-Kedoshim|Omer(25)|morning	Baladi	haftarah	Ezekiel:20:1:20:15
2028-05-06	EY|shabbos|Acharei-Kedoshim|Omer(25)|morning	ChayeyOdom+Lita	haftarah	Ezekiel:22:1:22:16
2028-05-06	EY|shabbos|Acharei-Kedoshim|Omer(25)|morning	Italki+Shami+Teiman	haftarah	Ezekiel:20:1:20:20
2028-05-06	EY|shabbos|Acharei-Kedoshim|Omer(25)|morning	Romania	haftarah	Isaiah:3:4:5:17
2028-05-06	chul|shabbos|Acharei-Kedoshim|Omer(25)|afternoon	ALL	haftarah	-
2028-05-06	chul|shabbos|Acharei-Kedoshim|Omer(25)|afternoon	ALL	maftir	-
2028-05-06	chul|shabbos|Acharei-Kedoshim|Omer(25)|afternoon	ALL	torah	1:Leviticus:21:1:21:6 2:Leviticus:21:7:21:12 3:Leviticus:21:13:21:15
2028-05-06	chul|shabbos|Acharei-Kedoshim|Omer(25)|morning	ALL	maftir	Leviticus:20:25:20:27
2028-05-06	chul|shabbos|Acharei-Kedoshim|Omer(25)|morning	ALL	torah	1:Leviticus:16:1:16:24 2:Leviticus:16:25:17:7 3:Leviticus:17:8:18:21 4:Leviticus:18:22:19:14 5:Leviticus:19:15:19:32 6:Leviticus:19:33:20:7 7:Leviticus:20:8:20:27
2028-05-06	chul|shabbos|Acharei-Kedoshim|Omer(25)|morning	Agadir+Algeria+Algiers+Bavlim+Djerba+Fes+Libya+Magreb+Marrakesh+Morocco+Persia+PureSephardim+Sefard+Toshbim	haftarah	Ezekiel:20:2:20:20
2028-05-06	chul|shabbos|Acharei-Kedoshim|Omer(25)|morning	Ashkenaz+Chabad+Frankfurt+Hagra+Poznan	haftarah	Amos:9:7:9:15
2028-05-06	chul|shabbos|Acharei-Kedoshim|Omer(25)|morning	Baladi	haftarah	Ezekiel:20:1:20:15
2028-05-06	chul|shabbos|Acharei-Kedoshim|Omer(25)|morning	ChayeyOdom+Lita	haftarah	Ezekiel:22:1:22:16
2028-05-06	chul|shabbos|Acharei-Kedoshim|Omer(25)|morning	Italki+Shami+Teiman	haftarah	Ezekiel:20:1:20:20
2028-05-06	chul|shabbos|Acharei-Kedoshim|Omer(25)|morning	Romania	haftarah	Isaiah:3:4:5:17
2028-05-08	EY|Monday|Emor|Omer(27)|morning	ALL	haftarah	-
2028-05-08	EY|Monday|Emor|Omer(27)|morning	ALL	maftir	-
2028-05-08	EY|Monday|Emor|Omer(27)|morning	ALL	torah	1:Leviticus:21:1:21:6 2:Leviticus:21:7:21:12 3:Leviticus:21:13:21:15
2028-05-08	chul|Monday|Emor|Omer(27)|morning	ALL	haftarah	-
2028-05-08	chul|Monday|Emor|Omer(27)|morning	ALL	maftir	-
2028-05-08	chul|Monday|Emor|Omer(27)|morning	ALL	torah	1:Leviticus:21:1:21:6 2:Leviticus:21:7:21:12 3:Leviticus:21:13:21:15
2028-05-11	EY|Thursday|Emor|Omer(30)|morning	ALL	haftarah	-
2028-05-11	EY|Thursday|Emor|Omer(30)|morning	ALL	maftir	-
2028-05-11	EY|Thursday|Emor|Omer(30)|morning	ALL	torah	1:Leviticus:21:1:21:6 2:Leviticus:21:7:21:12 3:Leviticus:21:13:21:15
2028-05-11	chul|Thursday|Emor|Omer(30)|morning	ALL	haftarah	-
2028-05-11	chul|Thursday|Emor|Omer(30)|morning	ALL	maftir	-
2028-05-11	chul|Thursday|Emor|Omer(30)|morning	ALL	torah	1:Leviticus:21:1:21:6 2:Leviticus:21:7:21:12 3:Leviticus:21:13:21:15
2028-05-13	EY|shabbos|Emor|Omer(32)|afternoon	ALL	haftarah	-
2028-05-13	EY|shabbos|Emor|Omer(32)|afternoon	ALL	maftir	-
2028-05-13	EY|shabbos|Emor|Omer(32)|afternoon	ALL	torah	1:Leviticus:25:1:25:3 2:Leviticus:25:4:25:7 3:Leviticus:25:8:25:13
2028-05-13	EY|shabbos|Emor|Omer(32)|morning	ALL	haftarah	Ezekiel:44:15:44:31
2028-05-13	EY|shabbos|Emor|Omer(32)|morning	ALL	maftir	Leviticus:24:21:24:23
2028-05-13	EY|shabbos|Emor|Omer(32)|morning	ALL	torah	1:Leviticus:21:1:21:15 2:Leviticus:21:16:22:16 3:Leviticus:22:17:22:33 4:Leviticus:23:1:23:22 5:Leviticus:23:23:23:32 6:Leviticus:23:33:23:44 7:Leviticus:24:1:24:23
2028-05-13	chul|shabbos|Emor|Omer(32)|afternoon	ALL	haftarah	-
2028-05-13	chul|shabbos|Emor|Omer(32)|afternoon	ALL	maftir	-
2028-05-13	chul|shabbos|Emor|Omer(32)|afternoon	ALL	torah	1:Leviticus:25:1:25:3 2:Leviticus:25:4:25:7 3:Leviticus:25:8:25:13
2028-05-13	chul|shabbos|Emor|Omer(32)|morning	ALL	haftarah	Ezekiel:44:15:44:31
2028-05-13	chul|shabbos|Emor|Omer(32)|morning	ALL	maftir	Leviticus:24:21:24:23
2028-05-13	chul|shabbos|Emor|Omer(32)|morning	ALL	torah	1:Leviticus:21:1:21:15 2:Leviticus:21:16:22:16 3:Leviticus:22:17:22:33 4:Leviticus:23:1:23:22 5:Leviticus:23:23:23:32 6:Leviticus:23:33:23:44 7:Leviticus:24:1:24:23
2028-05-15	EY|Monday|Behar-Bechukosai|Omer(34)|morning	ALL	haftarah	-
2028-05-15	EY|Monday|Behar-Bechukosai|Omer(34)|morning	ALL	maftir	-
2028-05-15	EY|Monday|Behar-Bechukosai|Omer(34)|morning	ALL	torah	1:Leviticus:25:1:25:3 2:Leviticus:25:4:25:7 3:Leviticus:25:8:25:13
2028-05-15	chul|Monday|Behar-Bechukosai|Omer(34)|morning	ALL	haftarah	-
2028-05-15	chul|Monday|Behar-Bechukosai|Omer(34)|morning	ALL	maftir	-
2028-05-15	chul|Monday|Behar-Bechukosai|Omer(34)|morning	ALL	torah	1:Leviticus:25:1:25:3 2:Leviticus:25:4:25:7 3:Leviticus:25:8:25:13
2028-05-18	EY|Thursday|Behar-Bechukosai|Omer(37)|morning	ALL	haftarah	-
2028-05-18	EY|Thursday|Behar-Bechukosai|Omer(37)|morning	ALL	maftir	-
2028-05-18	EY|Thursday|Behar-Bechukosai|Omer(37)|morning	ALL	torah	1:Leviticus:25:1:25:3 2:Leviticus:25:4:25:7 3:Leviticus:25:8:25:13
2028-05-18	chul|Thursday|Behar-Bechukosai|Omer(37)|morning	ALL	haftarah	-
2028-05-18	chul|Thursday|Behar-Bechukosai|Omer(37)|morning	ALL	maftir	-
2028-05-18	chul|Thursday|Behar-Bechukosai|Omer(37)|morning	ALL	torah	1:Leviticus:25:1:25:3 2:Leviticus:25:4:25:7 3:Leviticus:25:8:25:13
2028-05-20	EY|shabbos|Behar-Bechukosai|Omer(39)|afternoon	ALL	haftarah	-
2028-05-20	EY|shabbos|Behar-Bechukosai|Omer(39)|afternoon	ALL	maftir	-
2028-05-20	EY|shabbos|Behar-Bechukosai|Omer(39)|afternoon	ALL	torah	1:Numbers:1:1:1:4 2:Numbers:1:5:1:16 3:Numbers:1:17:1:19
2028-05-20	EY|shabbos|Behar-Bechukosai|Omer(39)|morning	ALL	maftir	Leviticus:27:32:27:34
2028-05-20	EY|shabbos|Behar-Bechukosai|Omer(39)|morning	ALL	torah	1:Leviticus:25:1:25:18 2:Leviticus:25:19:25:28 3:Leviticus:25:29:25:38 4:Leviticus:25:39:26:9 5:Leviticus:26:10:26:46 6:Leviticus:27:1:27:15 7:Leviticus:27:16:27:34
2028-05-20	EY|shabbos|Behar-Bechukosai|Omer(39)|morning	Agadir+Algeria+Algiers+Ashkenaz+Bavlim+Chabad+ChayeyOdom+Djerba+Fes+Frankfurt+Hagra+Libya+Lita+Magreb+Marrakesh+Morocco+Persia+PureSephardim+Romania+Sefard+Toshbim	haftarah	Jeremiah:16:19:17:14
2028-05-20	EY|shabbos|Behar-Bechukosai|Omer(39)|morning	Baladi+Shami+Teiman	haftarah	Ezekiel:34:1:34:27
2028-05-20	EY|shabbos|Behar-Bechukosai|Omer(39)|morning	Italki+Poznan	haftarah	Ezekiel:34:1:34:15
2028-05-20	chul|shabbos|Behar-Bechukosai|Omer(39)|afternoon	ALL	haftarah	-
2028-05-20	chul|shabbos|Behar-Bechukosai|Omer(39)|afternoon	ALL	maftir	-
2028-05-20	chul|shabbos|Behar-Bechukosai|Omer(39)|afternoon	ALL	torah	1:Numbers:1:1:1:4 2:Numbers:1:5:1:16 3:Numbers:1:17:1:19
2028-05-20	chul|shabbos|Behar-Bechukosai|Omer(39)|morning	ALL	maftir	Leviticus:27:32:27:34
2028-05-20	chul|shabbos|Behar-Bechukosai|Omer(39)|morning	ALL	torah	1:Leviticus:25:1:25:18 2:Leviticus:25:19:25:28 3:Leviticus:25:29:25:38 4:Leviticus:25:39:26:9 5:Leviticus:26:10:26:46 6:Leviticus:27:1:27:15 7:Leviticus:27:16:27:34
2028-05-20	chul|shabbos|Behar-Bechukosai|Omer(39)|morning	Agadir+Algeria+Algiers+Ashkenaz+Bavlim+Chabad+ChayeyOdom+Djerba+Fes+Frankfurt+Hagra+Libya+Lita+Magreb+Marrakesh+Morocco+Persia+PureSephardim+Romania+Sefard+Toshbim	haftarah	Jeremiah:16:19:17:14
2028-05-20	chul|shabbos|Behar-Bechukosai|Omer(39)|morning	Baladi+Shami+Teiman	haftarah	Ezekiel:34:1:34:27
2028-05-20	chul|shabbos|Behar-Bechukosai|Omer(39)|morning	Italki+Poznan	haftarah	Ezekiel:34:1:34:15
2028-11-19	EY|Sunday|Vayeitzei|RoshChodesh|morning	ALL	haftarah	-
2028-11-19	EY|Sunday|Vayeitzei|RoshChodesh|morning	ALL	maftir	-
2028-11-19	EY|Sunday|Vayeitzei|RoshChodesh|morning	Agadir+Algeria+Algiers+Ashkenaz+Baladi+Bavlim+Chabad+ChayeyOdom+Djerba+Fes+Frankfurt+Italki+Libya+Lita+Magreb+Marrakesh+Morocco+Persia+Poznan+PureSephardim+Romania+Sefard+Shami+Teiman+Toshbim	torah	1:Numbers:28:1:28:3 2:Numbers:28:3:28:5 3:Numbers:28:6:28:10 4:Numbers:28:11:28:15
2028-11-19	EY|Sunday|Vayeitzei|RoshChodesh|morning	Hagra	torah	1:Numbers:28:1:28:3 2:Numbers:28:4:28:8 3:Numbers:28:6:28:10 4:Numbers:28:11:28:15
2028-11-19	chul|Sunday|Vayeitzei|RoshChodesh|morning	ALL	haftarah	-
2028-11-19	chul|Sunday|Vayeitzei|RoshChodesh|morning	ALL	maftir	-
2028-11-19	chul|Sunday|Vayeitzei|RoshChodesh|morning	Agadir+Algeria+Algiers+Ashkenaz+Baladi+Bavlim+Chabad+ChayeyOdom+Djerba+Fes+Frankfurt+Italki+Libya+Lita+Magreb+Marrakesh+Morocco+Persia+Poznan+PureSephardim+Romania+Sefard+Shami+Teiman+Toshbim	torah	1:Numbers:28:1:28:3 2:Numbers:28:3:28:5 3:Numbers:28:6:28:10 4:Numbers:28:11:28:15
2028-11-19	chul|Sunday|Vayeitzei|RoshChodesh|morning	Hagra	torah	1:Numbers:28:1:28:3 2:Numbers:28:4:28:8 3:Numbers:28:6:28:10 4:Numbers:28:11:28:15
2028-12-13	EY|Wednesday|Mikeitz|Chanukah1|morning	ALL	haftarah	-
2028-12-13	EY|Wednesday|Mikeitz|Chanukah1|morning	ALL	maftir	-
2028-12-13	EY|Wednesday|Mikeitz|Chanukah1|morning	Agadir+Algeria+Algiers+Baladi+Bavlim+Djerba+Fes+Libya+Magreb+Marrakesh+Morocco+Persia+PureSephardim+Sefard+Shami+Teiman+Toshbim	torah	1:Numbers:6:22:7:11 2:Numbers:7:12:7:14 3:Numbers:7:15:7:17
2028-12-13	EY|Wednesday|Mikeitz|Chanukah1|morning	Ashkenaz+Chabad+ChayeyOdom+Frankfurt+Hagra+Italki+Lita+Poznan+Romania	torah	1:Numbers:7:1:7:11 2:Numbers:7:12:7:14 3:Numbers:7:15:7:17
2028-12-13	chul|Wednesday|Mikeitz|Chanukah1|morning	ALL	haftarah	-
2028-12-13	chul|Wednesday|Mikeitz|Chanukah1|morning	ALL	maftir	-
2028-12-13	chul|Wednesday|Mikeitz|Chanukah1|morning	Agadir+Algeria+Algiers+Baladi+Bavlim+Djerba+Fes+Libya+Magreb+Marrakesh+Morocco+Persia+PureSephardim+Sefard+Shami+Teiman+Toshbim	torah	1:Numbers:6:22:7:11 2:Numbers:7:12:7:14 3:Numbers:7:15:7:17
2028-12-13	chul|Wednesday|Mikeitz|Chanukah1|morning	Ashkenaz+Chabad+ChayeyOdom+Frankfurt+Hagra+Italki+Lita+Poznan+Romania	torah	1:Numbers:7:1:7:11 2:Numbers:7:12:7:14 3:Numbers:7:15:7:17
2028-12-14	EY|Thursday|Mikeitz|Chanukah2|morning	ALL	haftarah	-
2028-12-14	EY|Thursday|Mikeitz|Chanukah2|morning	ALL	maftir	-
2028-12-14	EY|Thursday|Mikeitz|Chanukah2|morning	Agadir+Algeria+Algiers+Baladi+Bavlim+Djerba+Fes+Libya+Magreb+Marrakesh+Morocco+Persia+PureSephardim+Sefard+Shami+Teiman+Toshbim	torah	1:Numbers:7:18:7:20 2:Numbers:7:21:7:23 3:Numbers:7:18:7:23
2028-12-14	EY|Thursday|Mikeitz|Chanukah2|morning	Ashkenaz+Chabad+ChayeyOdom+Frankfurt+Hagra+Italki+Lita+Poznan+Romania	torah	1:Numbers:7:18:7:20 2:Numbers:7:21:7:23 3:Numbers:7:24:7:29
2028-12-14	chul|Thursday|Mikeitz|Chanukah2|morning	ALL	haftarah	-
2028-12-14	chul|Thursday|Mikeitz|Chanukah2|morning	ALL	maftir	-
2028-12-14	chul|Thursday|Mikeitz|Chanukah2|morning	Agadir+Algeria+Algiers+Baladi+Bavlim+Djerba+Fes+Libya+Magreb+Marrakesh+Morocco+Persia+PureSephardim+Sefard+Shami+Teiman+Toshbim	torah	1:Numbers:7:18:7:20 2:Numbers:7:21:7:23 3:Numbers:7:18:7:23
2028-12-14	chul|Thursday|Mikeitz|Chanukah2|morning	Ashkenaz+Chabad+ChayeyOdom+Frankfurt+Hagra+Italki+Lita+Poznan+Romania	torah	1:Numbers:7:18:7:20 2:Numbers:7:21:7:23 3:Numbers:7:24:7:29
2028-12-15	EY|Friday|Mikeitz|Chanukah3|morning	ALL	haftarah	-
2028-12-15	EY|Friday|Mikeitz|Chanukah3|morning	ALL	maftir	-
2028-12-15	EY|Friday|Mikeitz|Chanukah3|morning	Agadir+Algeria+Algiers+Baladi+Bavlim+Djerba+Fes+Libya+Magreb+Marrakesh+Morocco+Persia+PureSephardim+Sefard+Shami+Teiman+Toshbim	torah	1:Numbers:7:24:7:26 2:Numbers:7:27:7:29 3:Numbers:7:24:7:29
2028-12-15	EY|Friday|Mikeitz|Chanukah3|morning	Ashkenaz+Chabad+ChayeyOdom+Frankfurt+Hagra+Italki+Lita+Poznan+Romania	torah	1:Numbers:7:24:7:26 2:Numbers:7:27:7:29 3:Numbers:7:30:7:35
2028-12-15	chul|Friday|Mikeitz|Chanukah3|morning	ALL	haftarah	-
2028-12-15	chul|Friday|Mikeitz|Chanukah3|morning	ALL	maftir	-
2028-12-15	chul|Friday|Mikeitz|Chanukah3|morning	Agadir+Algeria+Algiers+Baladi+Bavlim+Djerba+Fes+Libya+Magreb+Marrakesh+Morocco+Persia+PureSephardim+Sefard+Shami+Teiman+Toshbim	torah	1:Numbers:7:24:7:26 2:Numbers:7:27:7:29 3:Numbers:7:24:7:29
2028-12-15	chul|Friday|Mikeitz|Chanukah3|morning	Ashkenaz+Chabad+ChayeyOdom+Frankfurt+Hagra+Italki+Lita+Poznan+Romania	torah	1:Numbers:7:24:7:26 2:Numbers:7:27:7:29 3:Numbers:7:30:7:35
2028-12-16	EY|shabbos|Mikeitz|Chanukah4|afternoon	ALL	haftarah	-
2028-12-16	EY|shabbos|Mikeitz|Chanukah4|afternoon	ALL	maftir	-
2028-12-16	EY|shabbos|Mikeitz|Chanukah4|afternoon	ALL	torah	1:Genesis:44:18:44:20 2:Genesis:44:21:44:24 3:Genesis:44:25:44:30
2028-12-16	EY|shabbos|Mikeitz|Chanukah4|morning	ALL	haftarah	Zechariah:2:14:4:7
2028-12-16	EY|shabbos|Mikeitz|Chanukah4|morning	ALL	maftir	Numbers:7:30:7:35
2028-12-16	EY|shabbos|Mikeitz|Chanukah4|morning	ALL	torah	1:Genesis:41:1:41:14 2:Genesis:41:15:41:38 3:Genesis:41:39:41:52 4:Genesis:41:53:42:18 5:Genesis:42:19:43:15 6:Genesis:43:16:43:29 7:Genesis:43:30:44:17
2028-12-16	chul|shabbos|Mikeitz|Chanukah4|afternoon	ALL	haftarah	-
2028-12-16	chul|shabbos|Mikeitz|Chanukah4|afternoon	ALL	maftir	-
2028-12-16	chul|shabbos|Mikeitz|Chanukah4|afternoon	ALL	torah	1:Genesis:44:18:44:20 2:Genesis:44:21:44:24 3:Genesis:44:25:44:30
2028-12-16	chul|shabbos|Mikeitz|Chanukah4|morning	ALL	haftarah	Zechariah:2:14:4:7
2028-12-16	chul|shabbos|Mikeitz|Chanukah4|morning	ALL	maftir	Numbers:7:30:7:35
2028-12-16	chul|shabbos|Mikeitz|Chanukah4|morning	ALL	torah	1:Genesis:41:1:41:14 2:Genesis:41:15:41:38 3:Genesis:41:39:41:52 4:Genesis:41:53:42:18 5:Genesis:42:19:43:15 6:Genesis:43:16:43:29 7:Genesis:43:30:44:17
2028-12-17	EY|Sunday|Vayigash|Chanukah5+ErevRoshChodesh|morning	ALL	haftarah	-
2028-12-17	EY|Sunday|Vayigash|Chanukah5+ErevRoshChodesh|morning	ALL	maftir	-
2028-12-17	EY|Sunday|Vayigash|Chanukah5+ErevRoshChodesh|morning	Agadir+Algeria+Algiers+Baladi+Bavlim+Djerba+Fes+Libya+Magreb+Marrakesh+Morocco+Persia+PureSephardim+Sefard+Shami+Teiman+Toshbim	torah	1:Numbers:7:36:7:38 2:Numbers:7:39:7:41 3:Numbers:7:36:7:41
2028-12-17	EY|Sunday|Vayigash|Chanukah5+ErevRoshChodesh|morning	Ashkenaz+Chabad+ChayeyOdom+Frankfurt+Hagra+Italki+Lita+Poznan+Romania	torah	1:Numbers:7:36:7:38 2:Numbers:7:39:7:41 3:Numbers:7:42:7:47
2028-12-17	chul|Sunday|Vayigash|Chanukah5+ErevRoshChodesh|morning	ALL	haftarah	-
2028-12-17	chul|Sunday|Vayigash|Chanukah5+ErevRoshChodesh|morning	ALL	maftir	-
2028-12-17	chul|Sunday|Vayigash|Chanukah5+ErevRoshChodesh|morning	Agadir+Algeria+Algiers+Baladi+Bavlim+Djerba+Fes+Libya+Magreb+Marrakesh+Morocco+Persia+PureSephardim+Sefard+Shami+Teiman+Toshbim	torah	1:Numbers:7:36:7:38 2:Numbers:7:39:7:41 3:Numbers:7:36:7:41
2028-12-17	chul|Sunday|Vayigash|Chanukah5+ErevRoshChodesh|morning	Ashkenaz+Chabad+ChayeyOdom+Frankfurt+Hagra+Italki+Lita+Poznan+Romania	torah	1:Numbers:7:36:7:38 2:Numbers:7:39:7:41 3:Numbers:7:42:7:47
2028-12-18	EY|Monday|Vayigash|Chanukah6+ErevRoshChodesh+RoshChodesh|morning	ALL	haftarah	-
2028-12-18	EY|Monday|Vayigash|Chanukah6+ErevRoshChodesh+RoshChodesh|morning	ALL	maftir	-
2028-12-18	EY|Monday|Vayigash|Chanukah6+ErevRoshChodesh+RoshChodesh|morning	ALL	torah	1:Numbers:28:1:28:5 2:Numbers:28:6:28:10 3:Numbers:28:11:28:15 4:Numbers:7:42:7:47
2028-12-18	chul|Monday|Vayigash|Chanukah6+ErevRoshChodesh+RoshChodesh|morning	ALL	haftarah	-
2028-12-18	chul|Monday|Vayigash|Chanukah6+ErevRoshChodesh+RoshChodesh|morning	ALL	maftir	-
2028-12-18	chul|Monday|Vayigash|Chanukah6+ErevRoshChodesh+RoshChodesh|morning	ALL	torah	1:Numbers:28:1:28:5 2:Numbers:28:6:28:10 3:Numbers:28:11:28:15 4:Numbers:7:42:7:47
2028-12-19	EY|Tuesday|Vayigash|Chanukah7+RoshChodesh|morning	ALL	haftarah	-
2028-12-19	EY|Tuesday|Vayigash|Chanukah7+RoshChodesh|morning	ALL	maftir	-
2028-12-19	EY|Tuesday|Vayigash|Chanukah7+RoshChodesh|morning	ALL	torah	1:Numbers:28:1:28:5 2:Numbers:28:6:28:10 3:Numbers:28:11:28:15 4:Numbers:7:48:7:53
2028-12-19	chul|Tuesday|Vayigash|Chanukah7+RoshChodesh|morning	ALL	haftarah	-
2028-12-19	chul|Tuesday|Vayigash|Chanukah7+RoshChodesh|morning	ALL	maftir	-
2028-12-19	chul|Tuesday|Vayigash|Chanukah7+RoshChodesh|morning	ALL	torah	1:Numbers:28:1:28:5 2:Numbers:28:6:28:10 3:Numbers:28:11:28:15 4:Numbers:7:48:7:53
2028-12-20	EY|Wednesday|Vayigash|Chanukah8|morning	ALL	haftarah	-
2028-12-20	EY|Wednesday|Vayigash|Chanukah8|morning	ALL	maftir	-
2028-12-20	EY|Wednesday|Vayigash|Chanukah8|morning	Agadir+Algeria+Algiers+Baladi+Bavlim+Djerba+Fes+Libya+Magreb+Marrakesh+Morocco+Persia+PureSephardim+Sefard+Shami+Teiman+Toshbim	torah	1:Numbers:7:54:7:56 2:Numbers:7:57:7:59 3:Numbers:7:54:8:4
2028-12-20	EY|Wednesday|Vayigash|Chanukah8|morning	Ashkenaz+Chabad+ChayeyOdom+Frankfurt+Hagra+Italki+Lita+Poznan+Romania	torah	1:Numbers:7:54:7:56 2:Numbers:7:57:7:59 3:Numbers:7:60:8:4
2028-12-20	chul|Wednesday|Vayigash|Chanukah8|morning	ALL	haftarah	-
2028-12-20	chul|Wednesday|Vayigash|Chanukah8|morning	ALL	maftir	-
2028-12-20	chul|Wednesday|Vayigash|Chanukah8|morning	Agadir+Algeria+Algiers+Baladi+Bavlim+Djerba+Fes+Libya+Magreb+Marrakesh+Morocco+Persia+PureSephardim+Sefard+Shami+Teiman+Toshbim	torah	1:Numbers:7:54:7:56 2:Numbers:7:57:7:59 3:Numbers:7:54:8:4
2028-12-20	chul|Wednesday|Vayigash|Chanukah8|morning	Ashkenaz+Chabad+ChayeyOdom+Frankfurt+Hagra+Italki+Lita+Poznan+Romania	torah	1:Numbers:7:54:7:56 2:Numbers:7:57:7:59 3:Numbers:7:60:8:4
2028-12-28	EY|Thursday|Vayechi|FastOfTeves|afternoon	ALL	maftir	-
2028-12-28	EY|Thursday|Vayechi|FastOfTeves|afternoon	ALL	torah	1:Exodus:32:11:32:14 2:Exodus:34:1:34:3 3:Exodus:34:4:34:10
2028-12-28	EY|Thursday|Vayechi|FastOfTeves|afternoon	Agadir+Baladi+Bavlim+Djerba+Fes+Libya+Magreb+Morocco+Persia+PureSephardim+Sefard+Shami+Teiman+Toshbim	haftarah	-
2028-12-28	EY|Thursday|Vayechi|FastOfTeves|afternoon	Algeria+Marrakesh	haftarah	Hosea:14:2:14:10 Micah:7:18:7:20
2028-12-28	EY|Thursday|Vayechi|FastOfTeves|afternoon	Algiers+Ashkenaz+Chabad+ChayeyOdom+Frankfurt+Hagra+Italki+Lita+Poznan+Romania	haftarah	Isaiah:55:6:56:8
2028-12-28	EY|Thursday|Vayechi|FastOfTeves|morning	ALL	haftarah	-
2028-12-28	EY|Thursday|Vayechi|FastOfTeves|morning	ALL	maftir	-
2028-12-28	EY|Thursday|Vayechi|FastOfTeves|morning	ALL	torah	1:Exodus:32:11:32:14 2:Exodus:34:1:34:3 3:Exodus:34:4:34:10
2028-12-28	chul|Thursday|Vayechi|FastOfTeves|afternoon	ALL	maftir	-
2028-12-28	chul|Thursday|Vayechi|FastOfTeves|afternoon	ALL	torah	1:Exodus:32:11:32:14 2:Exodus:34:1:34:3 3:Exodus:34:4:34:10
2028-12-28	chul|Thursday|Vayechi|FastOfTeves|afternoon	Agadir+Baladi+Bavlim+Djerba+Fes+Libya+Magreb+Morocco+Persia+PureSephardim+Sefard+Shami+Teiman+Toshbim	haftarah	-
2028-12-28	chul|Thursday|Vayechi|FastOfTeves|afternoon	Algeria+Marrakesh	haftarah	Hosea:14:2:14:10 Micah:7:18:7:20
2028-12-28	chul|Thursday|Vayechi|FastOfTeves|afternoon	Algiers+Ashkenaz+Chabad+ChayeyOdom+Frankfurt+Hagra+Italki+Lita+Poznan+Romania	haftarah	Isaiah:55:6:56:8
2028-12-28	chul|Thursday|Vayechi|FastOfTeves|morning	ALL	haftarah	-
2028-12-28	chul|Thursday|Vayechi|FastOfTeves|morning	ALL	maftir	-
2028-12-28	chul|Thursday|Vayechi|FastOfTeves|morning	ALL	torah	1:Exodus:32:11:32:14 2:Exodus:34:1:34:3 3:Exodus:34:4:34:10
2029-01-17	EY|Wednesday|Bo|RoshChodesh|morning	ALL	haftarah	-
2029-01-17	EY|Wednesday|Bo|RoshChodesh|morning	ALL	maftir	-
2029-01-17	EY|Wednesday|Bo|RoshChodesh|morning	Agadir+Algeria+Algiers+Ashkenaz+Baladi+Bavlim+Chabad+ChayeyOdom+Djerba+Fes+Frankfurt+Italki+Libya+Lita+Magreb+Marrakesh+Morocco+Persia+Poznan+PureSephardim+Romania+Sefard+Shami+Teiman+Toshbim	torah	1:Numbers:28:1:28:3 2:Numbers:28:3:28:5 3:Numbers:28:6:28:10 4:Numbers:28:11:28:15
2029-01-17	EY|Wednesday|Bo|RoshChodesh|morning	Hagra	torah	1:Numbers:28:1:28:3 2:Numbers:28:4:28:8 3:Numbers:28:6:28:10 4:Numbers:28:11:28:15
2029-01-17	chul|Wednesday|Bo|RoshChodesh|morning	ALL	haftarah	-
2029-01-17	chul|Wednesday|Bo|RoshChodesh|morning	ALL	maftir	-
2029-01-17	chul|Wednesday|Bo|RoshChodesh|morning	Agadir+Algeria+Algiers+Ashkenaz+Baladi+Bavlim+Chabad+ChayeyOdom+Djerba+Fes+Frankfurt+Italki+Libya+Lita+Magreb+Marrakesh+Morocco+Persia+Poznan+PureSephardim+Romania+Sefard+Shami+Teiman+Toshbim	torah	1:Numbers:28:1:28:3 2:Numbers:28:3:28:5 3:Numbers:28:6:28:10 4:Numbers:28:11:28:15
2029-01-17	chul|Wednesday|Bo|RoshChodesh|morning	Hagra	torah	1:Numbers:28:1:28:3 2:Numbers:28:4:28:8 3:Numbers:28:6:28:10 4:Numbers:28:11:28:15
2029-02-15	EY|Thursday|Terumah|ErevRoshChodesh+RoshChodesh|morning	ALL	haftarah	-
2029-02-15	EY|Thursday|Terumah|ErevRoshChodesh+RoshChodesh|morning	ALL	maftir	-
2029-02-15	EY|Thursday|Terumah|ErevRoshChodesh+RoshChodesh|morning	Agadir+Algeria+Algiers+Ashkenaz+Baladi+Bavlim+Chabad+ChayeyOdom+Djerba+Fes+Frankfurt+Italki+Libya+Lita+Magreb+Marrakesh+Morocco+Persia+Poznan+PureSephardim+Romania+Sefard+Shami+Teiman+Toshbim	torah	1:Numbers:28:1:28:3 2:Numbers:28:3:28:5 3:Numbers:28:6:28:10 4:Numbers:28:11:28:15
2029-02-15	EY|Thursday|Terumah|ErevRoshChodesh+RoshChodesh|morning	Hagra	torah	1:Numbers:28:1:28:3 2:Numbers:28:4:28:8 3:Numbers:28:6:28:10 4:Numbers:28:11:28:15
2029-02-15	chul|Thursday|Terumah|ErevRoshChodesh+RoshChodesh|morning	ALL	haftarah	-
2029-02-15	chul|Thursday|Terumah|ErevRoshChodesh+RoshChodesh|morning	ALL	maftir	-
2029-02-15	chul|Thursday|Terumah|ErevRoshChodesh+RoshChodesh|morning	Agadir+Algeria+Algiers+Ashkenaz+Baladi+Bavlim+Chabad+ChayeyOdom+Djerba+Fes+Frankfurt+Italki+Libya+Lita+Magreb+Marrakesh+Morocco+Persia+Poznan+PureSephardim+Romania+Sefard+Shami+Teiman+Toshbim	torah	1:Numbers:28:1:28:3 2:Numbers:28:3:28:5 3:Numbers:28:6:28:10 4:Numbers:28:11:28:15
2029-02-15	chul|Thursday|Terumah|ErevRoshChodesh+RoshChodesh|morning	Hagra	torah	1:Numbers:28:1:28:3 2:Numbers:28:4:28:8 3:Numbers:28:6:28:10 4:Numbers:28:11:28:15
2029-02-16	EY|Friday|Terumah|RoshChodesh|morning	ALL	haftarah	-
2029-02-16	EY|Friday|Terumah|RoshChodesh|morning	ALL	maftir	-
2029-02-16	EY|Friday|Terumah|RoshChodesh|morning	Agadir+Algeria+Algiers+Ashkenaz+Baladi+Bavlim+Chabad+ChayeyOdom+Djerba+Fes+Frankfurt+Italki+Libya+Lita+Magreb+Marrakesh+Morocco+Persia+Poznan+PureSephardim+Romania+Sefard+Shami+Teiman+Toshbim	torah	1:Numbers:28:1:28:3 2:Numbers:28:3:28:5 3:Numbers:28:6:28:10 4:Numbers:28:11:28:15
2029-02-16	EY|Friday|Terumah|RoshChodesh|morning	Hagra	torah	1:Numbers:28:1:28:3 2:Numbers:28:4:28:8 3:Numbers:28:6:28:10 4:Numbers:28:11:28:15
2029-02-16	chul|Friday|Terumah|RoshChodesh|morning	ALL	haftarah	-
2029-02-16	chul|Friday|Terumah|RoshChodesh|morning	ALL	maftir	-
2029-02-16	chul|Friday|Terumah|RoshChodesh|morning	Agadir+Algeria+Algiers+Ashkenaz+Baladi+Bavlim+Chabad+ChayeyOdom+Djerba+Fes+Frankfurt+Italki+Libya+Lita+Magreb+Marrakesh+Morocco+Persia+Poznan+PureSephardim+Romania+Sefard+Shami+Teiman+Toshbim	torah	1:Numbers:28:1:28:3 2:Numbers:28:3:28:5 3:Numbers:28:6:28:10 4:Numbers:28:11:28:15
2029-02-16	chul|Friday|Terumah|RoshChodesh|morning	Hagra	torah	1:Numbers:28:1:28:3 2:Numbers:28:4:28:8 3:Numbers:28:6:28:10 4:Numbers:28:11:28:15
2029-02-28	EY|Wednesday|KiSisa|FastOfEster|afternoon	ALL	maftir	-
2029-02-28	EY|Wednesday|KiSisa|FastOfEster|afternoon	ALL	torah	1:Exodus:32:11:32:14 2:Exodus:34:1:34:3 3:Exodus:34:4:34:10
2029-02-28	EY|Wednesday|KiSisa|FastOfEster|afternoon	Agadir+Baladi+Bavlim+Djerba+Fes+Libya+Magreb+Morocco+Persia+PureSephardim+Sefard+Shami+Teiman+Toshbim	haftarah	-
2029-02-28	EY|Wednesday|KiSisa|FastOfEster|afternoon	Algeria+Marrakesh	haftarah	Hosea:14:2:14:10 Micah:7:18:7:20
2029-02-28	EY|Wednesday|KiSisa|FastOfEster|afternoon	Algiers+Ashkenaz+Chabad+ChayeyOdom+Frankfurt+Hagra+Italki+Lita+Poznan+Romania	haftarah	Isaiah:55:6:56:8
2029-02-28	EY|Wednesday|KiSisa|FastOfEster|morning	ALL	haftarah	-
2029-02-28	EY|Wednesday|KiSisa|FastOfEster|morning	ALL	maftir	-
2029-02-28	EY|Wednesday|KiSisa|FastOfEster|morning	ALL	torah	1:Exodus:32:11:32:14 2:Exodus:34:1:34:3 3:Exodus:34:4:34:10
2029-02-28	chul|Wednesday|KiSisa|FastOfEster|afternoon	ALL	maftir	-
2029-02-28	chul|Wednesday|KiSisa|FastOfEster|afternoon	ALL	torah	1:Exodus:32:11:32:14 2:Exodus:34:1:34:3 3:Exodus:34:4:34:10
2029-02-28	chul|Wednesday|KiSisa|FastOfEster|afternoon	Agadir+Baladi+Bavlim+Djerba+Fes+Libya+Magreb+Morocco+Persia+PureSephardim+Sefard+Shami+Teiman+Toshbim	haftarah	-
2029-02-28	chul|Wednesday|KiSisa|FastOfEster|afternoon	Algeria+Marrakesh	haftarah	Hosea:14:2:14:10 Micah:7:18:7:20
2029-02-28	chul|Wednesday|KiSisa|FastOfEster|afternoon	Algiers+Ashkenaz+Chabad+ChayeyOdom+Frankfurt+Hagra+Italki+Lita+Poznan+Romania	haftarah	Isaiah:55:6:56:8
2029-02-28	chul|Wednesday|KiSisa|FastOfEster|morning	ALL	haftarah	-
2029-02-28	chul|Wednesday|KiSisa|FastOfEster|morning	ALL	maftir	-
2029-02-28	chul|Wednesday|KiSisa|FastOfEster|morning	ALL	torah	1:Exodus:32:11:32:14 2:Exodus:34:1:34:3 3:Exodus:34:4:34:10
2029-03-01	EY|Thursday|KiSisa|Purim|morning	ALL	haftarah	-
2029-03-01	EY|Thursday|KiSisa|Purim|morning	ALL	maftir	-
2029-03-01	EY|Thursday|KiSisa|Purim|morning	ALL	torah	1:Exodus:17:8:17:10 2:Exodus:17:11:17:13 3:Exodus:17:14:17:16
2029-03-01	chul|Thursday|KiSisa|Purim|morning	ALL	haftarah	-
2029-03-01	chul|Thursday|KiSisa|Purim|morning	ALL	maftir	-
2029-03-01	chul|Thursday|KiSisa|Purim|morning	ALL	torah	1:Exodus:17:8:17:10 2:Exodus:17:11:17:13 3:Exodus:17:14:17:16
2029-03-02	EY|Friday|KiSisa|ShushanPurim|morning	ALL	haftarah	-
2029-03-02	EY|Friday|KiSisa|ShushanPurim|morning	ALL	maftir	-
2029-03-02	EY|Friday|KiSisa|ShushanPurim|morning	ALL	torah	1:Exodus:17:8:17:10 2:Exodus:17:11:17:13 3:Exodus:17:14:17:16
2029-03-02	chul|Friday|KiSisa|ShushanPurim|morning	ALL	haftarah	-
2029-03-02	chul|Friday|KiSisa|ShushanPurim|morning	ALL	maftir	-
2029-03-02	chul|Friday|KiSisa|ShushanPurim|morning	ALL	torah	1:Exodus:17:8:17:10 2:Exodus:17:11:17:13 3:Exodus:17:14:17:16
2029-03-10	EY|shabbos|Vayakhel-Pekudei|ParshasParah|afternoon	ALL	haftarah	-
2029-03-10	EY|shabbos|Vayakhel-Pekudei|ParshasParah|afternoon	ALL	maftir	-
2029-03-10	EY|shabbos|Vayakhel-Pekudei|ParshasParah|afternoon	ALL	torah	1:Leviticus:1:1:1:4 2:Leviticus:1:5:1:9 3:Leviticus:1:10:1:13
2029-03-10	EY|shabbos|Vayakhel-Pekudei|ParshasParah|morning	ALL	maftir	Numbers:19:1:19:22
2029-03-10	EY|shabbos|Vayakhel-Pekudei|ParshasParah|morning	ALL	torah	1:Exodus:35:1:35:29 2:Exodus:35:30:37:16 3:Exodus:37:17:37:29 4:Exodus:38:1:39:1 5:Exodus:39:2:39:21 6:Exodus:39:22:39:43 7:Exodus:40:1:40:38
2029-03-10	EY|shabbos|Vayakhel-Pekudei|ParshasParah|morning	Agadir+Algeria+Algiers+Baladi+Bavlim+Chabad+Djerba+Fes+Libya+Magreb+Marrakesh+Morocco+Persia+PureSephardim+Sefard+Shami+Teiman+Toshbim	haftarah	Ezekiel:36:16:36:36
2029-03-10	EY|shabbos|Vayakhel-Pekudei|ParshasParah|morning	Ashkenaz+ChayeyOdom+Frankfurt+Hagra+Italki+Lita+Poznan	haftarah	Ezekiel:36:16:36:38
2029-03-10	EY|shabbos|Vayakhel-Pekudei|ParshasParah|morning	Romania	haftarah	Ezekiel:36:25:37:7
2029-03-10	chul|shabbos|Vayakhel-Pekudei|ParshasParah|afternoon	ALL	haftarah	-
2029-03-10	chul|shabbos|Vayakhel-Pekudei|ParshasParah|afternoon	ALL	maftir	-
2029-03-10	chul|shabbos|Vayakhel-Pekudei|ParshasParah|afternoon	ALL	torah	1:Leviticus:1:1:1:4 2:Leviticus:1:5:1:9 3:Leviticus:1:10:1:13
2029-03-10	chul|shabbos|Vayakhel-Pekudei|ParshasParah|morning	ALL	maftir	Numbers:19:1:19:22
2029-03-10	chul|shabbos|Vayakhel-Pekudei|ParshasParah|morning	ALL	torah	1:Exodus:35:1:35:29 2:Exodus:35:30:37:16 3:Exodus:37:17:37:29 4:Exodus:38:1:39:1 5:Exodus:39:2:39:21 6:Exodus:39:22:39:43 7:Exodus:40:1:40:38
2029-03-10	chul|shabbos|Vayakhel-Pekudei|ParshasParah|morning	Agadir+Algeria+Algiers+Baladi+Bavlim+Chabad+Djerba+Fes+Libya+Magreb+Marrakesh+Morocco+Persia+PureSephardim+Sefard+Shami+Teiman+Toshbim	haftarah	Ezekiel:36:16:36:36
2029-03-10	chul|shabbos|Vayakhel-Pekudei|ParshasParah|morning	Ashkenaz+ChayeyOdom+Frankfurt+Hagra+Italki+Lita+Poznan	haftarah	Ezekiel:36:16:36:38
2029-03-10	chul|shabbos|Vayakhel-Pekudei|ParshasParah|morning	Romania	haftarah	Ezekiel:36:25:37:7
2029-03-17	EY|shabbos|Vayikra|ParshasHachodesh+RoshChodesh|afternoon	ALL	haftarah	-
2029-03-17	EY|shabbos|Vayikra|ParshasHachodesh+RoshChodesh|afternoon	ALL	maftir	-
2029-03-17	EY|shabbos|Vayikra|ParshasHachodesh+RoshChodesh|afternoon	ALL	torah	1:Leviticus:6:1:6:3 2:Leviticus:6:4:6:6 3:Leviticus:6:7:6:11
2029-03-17	EY|shabbos|Vayikra|ParshasHachodesh+RoshChodesh|morning	ALL	maftir	Exodus:12:1:12:20
2029-03-17	EY|shabbos|Vayikra|ParshasHachodesh+RoshChodesh|morning	ALL	torah	1:Leviticus:1:1:1:13 2:Leviticus:1:14:2:6 3:Leviticus:2:7:2:16 4:Leviticus:3:1:3:17 5:Leviticus:4:1:4:26 6:Leviticus:4:27:5:26 7:Numbers:28:9:28:15
2029-03-17	EY|shabbos|Vayikra|ParshasHachodesh+RoshChodesh|morning	Agadir+Algeria+Algiers+Bavlim+Djerba+Fes+Libya+Magreb+Marrakesh+Morocco+Persia+Poznan+PureSephardim+Sefard+Toshbim	haftarah	Ezekiel:45:18:46:15
2029-03-17	EY|shabbos|Vayikra|ParshasHachodesh+RoshChodesh|morning	Ashkenaz+ChayeyOdom+Frankfurt+Hagra+Lita	haftarah	Ezekiel:45:16:46:18
2029-03-17	EY|shabbos|Vayikra|ParshasHachodesh+RoshChodesh|morning	Baladi+Shami+Teiman	haftarah	Ezekiel:45:9:46:11
2029-03-17	EY|shabbos|Vayikra|ParshasHachodesh+RoshChodesh|morning	Chabad	haftarah	Ezekiel:45:18:46:15 Isaiah:66:1:66:1 Isaiah:66:23:66:24 Isaiah:66:23:66:23
2029-03-17	EY|shabbos|Vayikra|ParshasHachodesh+RoshChodesh|morning	Italki	haftarah	Ezekiel:45:18:46:11
2029-03-17	EY|shabbos|Vayikra|ParshasHachodesh+RoshChodesh|morning	Romania	haftarah	Ezekiel:45:21:46:13
2029-03-17	chul|shabbos|Vayikra|ParshasHachodesh+RoshChodesh|afternoon	ALL	haftarah	-
2029-03-17	chul|shabbos|Vayikra|ParshasHachodesh+RoshChodesh|afternoon	ALL	maftir	-
2029-03-17	chul|shabbos|Vayikra|ParshasHachodesh+RoshChodesh|afternoon	ALL	torah	1:Leviticus:6:1:6:3 2:Leviticus:6:4:6:6 3:Leviticus:6:7:6:11
2029-03-17	chul|shabbos|Vayikra|ParshasHachodesh+RoshChodesh|morning	ALL	maftir	Exodus:12:1:12:20
2029-03-17	chul|shabbos|Vayikra|ParshasHachodesh+RoshChodesh|morning	ALL	torah	1:Leviticus:1:1:1:13 2:Leviticus:1:14:2:6 3:Leviticus:2:7:2:16 4:Leviticus:3:1:3:17 5:Leviticus:4:1:4:26 6:Leviticus:4:27:5:26 7:Numbers:28:9:28:15
2029-03-17	chul|shabbos|Vayikra|ParshasHachodesh+RoshChodesh|morning	Agadir+Algeria+Algiers+Bavlim+Djerba+Fes+Libya+Magreb+Marrakesh+Morocco+Persia+Poznan+PureSephardim+Sefard+Toshbim	haftarah	Ezekiel:45:18:46:15
2029-03-17	chul|shabbos|Vayikra|ParshasHachodesh+RoshChodesh|morning	Ashkenaz+ChayeyOdom+Frankfurt+Hagra+Lita	haftarah	Ezekiel:45:16:46:18
2029-03-17	chul|shabbos|Vayikra|ParshasHachodesh+RoshChodesh|morning	Baladi+Shami+Teiman	haftarah	Ezekiel:45:9:46:11
2029-03-17	chul|shabbos|Vayikra|ParshasHachodesh+RoshChodesh|morning	Chabad	haftarah	Ezekiel:45:18:46:15 Isaiah:66:1:66:1 Isaiah:66:23:66:24 Isaiah:66:23:66:23
2029-03-17	chul|shabbos|Vayikra|ParshasHachodesh+RoshChodesh|morning	Italki	haftarah	Ezekiel:45:18:46:11
2029-03-17	chul|shabbos|Vayikra|ParshasHachodesh+RoshChodesh|morning	Romania	haftarah	Ezekiel:45:21:46:13
2029-04-01	EY|Sunday|Shemini|Omer(1)+PesachIntermediate1InHolyLand|morning	ALL	haftarah	-
2029-04-01	EY|Sunday|Shemini|Omer(1)+PesachIntermediate1InHolyLand|morning	ALL	maftir	-
2029-04-01	EY|Sunday|Shemini|Omer(1)+PesachIntermediate1InHolyLand|morning	ALL	torah	1:Leviticus:22:26:23:3 2:Leviticus:23:4:23:14 3:Leviticus:23:15:23:44 4:Numbers:28:19:28:25
2029-04-02	EY|Monday|Shemini|Omer(2)+PesachIntermediate2InHolyLand|morning	ALL	haftarah	-
2029-04-02	EY|Monday|Shemini|Omer(2)+PesachIntermediate2InHolyLand|morning	ALL	maftir	-
2029-04-02	EY|Monday|Shemini|Omer(2)+PesachIntermediate2InHolyLand|morning	ALL	torah	1:Exodus:13:1:13:4 2:Exodus:13:5:13:10 3:Exodus:13:11:13:16 4:Numbers:28:19:28:25
2029-04-03	EY|Tuesday|Shemini|Omer(3)+PesachIntermediate3InHolyLand|morning	ALL	haftarah	-
2029-04-03	EY|Tuesday|Shemini|Omer(3)+PesachIntermediate3InHolyLand|morning	ALL	maftir	-
2029-04-03	EY|Tuesday|Shemini|Omer(3)+PesachIntermediate3InHolyLand|morning	ALL	torah	1:Exodus:22:24:22:26 2:Exodus:22:27:23:5 3:Exodus:23:6:23:19 4:Numbers:28:19:28:25
2029-04-04	EY|Wednesday|Shemini|Omer(4)+PesachIntermediate4InHolyLand|morning	ALL	haftarah	-
2029-04-04	EY|Wednesday|Shemini|Omer(4)+PesachIntermediate4InHolyLand|morning	ALL	maftir	-
2029-04-04	EY|Wednesday|Shemini|Omer(4)+PesachIntermediate4InHolyLand|morning	ALL	torah	1:Exodus:34:1:34:3 2:Exodus:34:4:34:17 3:Exodus:34:18:34:26 4:Numbers:28:19:28:25
2029-04-05	EY|Thursday|Shemini|Omer(5)+PesachIntermediate5InHolyLand|morning	ALL	haftarah	-
2029-04-05	EY|Thursday|Shemini|Omer(5)+PesachIntermediate5InHolyLand|morning	ALL	maftir	-
2029-04-05	EY|Thursday|Shemini|Omer(5)+PesachIntermediate5InHolyLand|morning	ALL	torah	1:Numbers:9:1:9:6 2:Numbers:9:7:9:8 3:Numbers:9:9:9:14 4:Numbers:28:19:28:25
2029-04-06	EY|Friday|Shemini|Omer(6)+Pesach7|morning	ALL	haftarah	SamuelII:22:1:22:51
2029-04-06	EY|Friday|Shemini|Omer(6)+Pesach7|morning	ALL	maftir	Numbers:28:19:28:25
2029-04-06	EY|Friday|Shemini|Omer(6)+Pesach7|morning	ALL	torah	1:Exodus:13:17:13:22 2:Exodus:14:1:14:8 3:Exodus:14:9:14:14 4:Exodus:14:15:14:25 5:Exodus:14:26:15:26
2029-04-07	EY|shabbos|Shemini|Omer(7)|afternoon	ALL	haftarah	-
2029-04-07	EY|shabbos|Shemini|Omer(7)|afternoon	ALL	maftir	-
2029-04-07	EY|shabbos|Shemini|Omer(7)|afternoon	ALL	torah	1:Leviticus:12:1:12:4 2:Leviticus:12:5:12:8 3:Leviticus:13:1:13:5
2029-04-07	EY|shabbos|Shemini|Omer(7)|morning	ALL	maftir	Leviticus:11:45:11:47
2029-04-07	EY|shabbos|Shemini|Omer(7)|morning	ALL	torah	1:Leviticus:9:1:9:16 2:Leviticus:9:17:9:23 3:Leviticus:9:24:10:11 4:Leviticus:10:12:10:15 5:Leviticus:10:16:10:20 6:Leviticus:11:1:11:32 7:Leviticus:11:33:11:47
2029-04-07	EY|shabbos|Shemini|Omer(7)|morning	Agadir+Algeria+Algiers+Bavlim+Chabad+Djerba+Fes+Libya+Magreb+Marrakesh+Morocco+Persia+Poznan+PureSephardim+Sefard+Toshbim	haftarah	SamuelII:6:1:6:19
2029-04-07	EY|shabbos|Shemini|Omer(7)|morning	Ashkenaz+ChayeyOdom+Frankfurt+Hagra+Lita	haftarah	SamuelII:6:1:7:17
2029-04-07	EY|shabbos|Shemini|Omer(7)|morning	Baladi+Italki+Shami+Teiman	haftarah	SamuelII:6:1:7:3
2029-04-07	EY|shabbos|Shemini|Omer(7)|morning	Romania	haftarah	Ezekiel:43:27:44:21
2029-04-09	EY|Monday|Tazria-Metzora|Omer(9)|morning	ALL	haftarah	-
2029-04-09	EY|Monday|Tazria-Metzora|Omer(9)|morning	ALL	maftir	-
2029-04-09	EY|Monday|Tazria-Metzora|Omer(9)|morning	ALL	torah	1:Leviticus:12:1:12:4 2:Leviticus:12:5:12:8 3:Leviticus:13:1:13:5
2029-04-09	chul|Monday|Shemini|Omer(9)|morning	ALL	haftarah	-
2029-04-09	chul|Monday|Shemini|Omer(9)|morning	ALL	maftir	-
2029-04-09	chul|Monday|Shemini|Omer(9)|morning	ALL	torah	1:Leviticus:9:1:9:5 2:Leviticus:9:6:9:10 3:Leviticus:9:11:9:16
2029-04-12	EY|Thursday|Tazria-Metzora|Omer(12)|morning	ALL	haftarah	-
2029-04-12	EY|Thursday|Tazria-Metzora|Omer(12)|morning	ALL	maftir	-
2029-04-12	EY|Thursday|Tazria-Metzora|Omer(12)|morning	ALL	torah	1:Leviticus:12:1:12:4 2:Leviticus:12:5:12:8 3:Leviticus:13:1:13:5
2029-04-12	chul|Thursday|Shemini|Omer(12)|morning	ALL	haftarah	-
2029-04-12	chul|Thursday|Shemini|Omer(12)|morning	ALL	maftir	-
2029-04-12	chul|Thursday|Shemini|Omer(12)|morning	ALL	torah	1:Leviticus:9:1:9:5 2:Leviticus:9:6:9:10 3:Leviticus:9:11:9:16
2029-04-14	EY|shabbos|Tazria-Metzora|ErevRoshChodesh+Omer(14)|afternoon	ALL	haftarah	-
2029-04-14	EY|shabbos|Tazria-Metzora|ErevRoshChodesh+Omer(14)|afternoon	ALL	maftir	-
2029-04-14	EY|shabbos|Tazria-Metzora|ErevRoshChodesh+Omer(14)|afternoon	ALL	torah	1:Leviticus:16:1:16:6 2:Leviticus:16:7:16:11 3:Leviticus:16:12:16:17
2029-04-14	EY|shabbos|Tazria-Metzora|ErevRoshChodesh+Omer(14)|morning	ALL	maftir	Leviticus:15:31:15:33
2029-04-14	EY|shabbos|Tazria-Metzora|ErevRoshChodesh+Omer(14)|morning	ALL	torah	1:Leviticus:12:1:13:23 2:Leviticus:13:24:13:39 3:Leviticus:13:40:13:54 4:Leviticus:13:55:14:20 5:Leviticus:14:21:14:32 6:Leviticus:14:33:15:15 7:Leviticus:15:16:15:33
2029-04-14	EY|shabbos|Tazria-Metzora|ErevRoshChodesh+Omer(14)|morning	Agadir+Algeria+Algiers+Ashkenaz+Baladi+Bavlim+Chabad+ChayeyOdom+Djerba+Frankfurt+Hagra+Italki+Libya+Lita+Magreb+Marrakesh+Morocco+Persia+Poznan+PureSephardim+Romania+Sefard+Shami+Teiman+Toshbim	haftarah	SamuelI:20:18:20:42
2029-04-14	EY|shabbos|Tazria-Metzora|ErevRoshChodesh+Omer(14)|morning	Fes	haftarah	KingsII:7:3:7:20 SamuelI:20:18:20:18 SamuelI:20:42:20:42
2029-04-14	chul|shabbos|Shemini|ErevRoshChodesh+Omer(14)|afternoon	ALL	haftarah	-
2029-04-14	chul|shabbos|Shemini|ErevRoshChodesh+Omer(14)|afternoon	ALL	maftir	-
2029-04-14	chul|shabbos|Shemini|ErevRoshChodesh+Omer(14)|afternoon	ALL	torah	1:Leviticus:12:1:12:4 2:Leviticus:12:5:12:8 3:Leviticus:13:1:13:5
2029-04-14	chul|shabbos|Shemini|ErevRoshChodesh+Omer(14)|morning	ALL	maftir	Leviticus:11:45:11:47
2029-04-14	chul|shabbos|Shemini|ErevRoshChodesh+Omer(14)|morning	ALL	torah	1:Leviticus:9:1:9:16 2:Leviticus:9:17:9:23 3:Leviticus:9:24:10:11 4:Leviticus:10:12:10:15 5:Leviticus:10:16:10:20 6:Leviticus:11:1:11:32 7:Leviticus:11:33:11:47
2029-04-14	chul|shabbos|Shemini|ErevRoshChodesh+Omer(14)|morning	Agadir+Algeria+Algiers+Ashkenaz+Baladi+Bavlim+Chabad+ChayeyOdom+Djerba+Frankfurt+Hagra+Italki+Libya+Lita+Magreb+Marrakesh+Morocco+Persia+Poznan+PureSephardim+Romania+Sefard+Shami+Teiman+Toshbim	haftarah	SamuelI:20:18:20:42
2029-04-14	chul|shabbos|Shemini|ErevRoshChodesh+Omer(14)|morning	Fes	haftarah	SamuelII:6:1:6:19 SamuelI:20:18:20:18 SamuelI:20:42:20:42
2029-04-15	EY|Sunday|Acharei-Kedoshim|ErevRoshChodesh+Omer(15)+RoshChodesh|morning	ALL	haftarah	-
2029-04-15	EY|Sunday|Acharei-Kedoshim|ErevRoshChodesh+Omer(15)+RoshChodesh|morning	ALL	maftir	-
2029-04-15	EY|Sunday|Acharei-Kedoshim|ErevRoshChodesh+Omer(15)+RoshChodesh|morning	Agadir+Algeria+Algiers+Ashkenaz+Baladi+Bavlim+Chabad+ChayeyOdom+Djerba+Fes+Frankfurt+Italki+Libya+Lita+Magreb+Marrakesh+Morocco+Persia+Poznan+PureSephardim+Romania+Sefard+Shami+Teiman+Toshbim	torah	1:Numbers:28:1:28:3 2:Numbers:28:3:28:5 3:Numbers:28:6:28:10 4:Numbers:28:11:28:15
2029-04-15	EY|Sunday|Acharei-Kedoshim|ErevRoshChodesh+Omer(15)+RoshChodesh|morning	Hagra	torah	1:Numbers:28:1:28:3 2:Numbers:28:4:28:8 3:Numbers:28:6:28:10 4:Numbers:28:11:28:15
2029-04-15	chul|Sunday|Tazria-Metzora|ErevRoshChodesh+Omer(15)+RoshChodesh|morning	ALL	haftarah	-
2029-04-15	chul|Sunday|Tazria-Metzora|ErevRoshChodesh+Omer(15)+RoshChodesh|morning	ALL	maftir	-
2029-04-15	chul|Sunday|Tazria-Metzora|ErevRoshChodesh+Omer(15)+RoshChodesh|morning	Agadir+Algeria+Algiers+Ashkenaz+Baladi+Bavlim+Chabad+ChayeyOdom+Djerba+Fes+Frankfurt+Italki+Libya+Lita+Magreb+Marrakesh+Morocco+Persia+Poznan+PureSephardim+Romania+Sefard+Shami+Teiman+Toshbim	torah	1:Numbers:28:1:28:3 2:Numbers:28:3:28:5 3:Numbers:28:6:28:10 4:Numbers:28:11:28:15
2029-04-15	chul|Sunday|Tazria-Metzora|ErevRoshChodesh+Omer(15)+RoshChodesh|morning	Hagra	torah	1:Numbers:28:1:28:3 2:Numbers:28:4:28:8 3:Numbers:28:6:28:10 4:Numbers:28:11:28:15
2029-04-16	EY|Monday|Acharei-Kedoshim|Omer(16)+RoshChodesh|morning	ALL	haftarah	-
2029-04-16	EY|Monday|Acharei-Kedoshim|Omer(16)+RoshChodesh|morning	ALL	maftir	-
2029-04-16	EY|Monday|Acharei-Kedoshim|Omer(16)+RoshChodesh|morning	Agadir+Algeria+Algiers+Ashkenaz+Baladi+Bavlim+Chabad+ChayeyOdom+Djerba+Fes+Frankfurt+Italki+Libya+Lita+Magreb+Marrakesh+Morocco+Persia+Poznan+PureSephardim+Romania+Sefard+Shami+Teiman+Toshbim	torah	1:Numbers:28:1:28:3 2:Numbers:28:3:28:5 3:Numbers:28:6:28:10 4:Numbers:28:11:28:15
2029-04-16	EY|Monday|Acharei-Kedoshim|Omer(16)+RoshChodesh|morning	Hagra	torah	1:Numbers:28:1:28:3 2:Numbers:28:4:28:8 3:Numbers:28:6:28:10 4:Numbers:28:11:28:15
2029-04-16	chul|Monday|Tazria-Metzora|Omer(16)+RoshChodesh|morning	ALL	haftarah	-
2029-04-16	chul|Monday|Tazria-Metzora|Omer(16)+RoshChodesh|morning	ALL	maftir	-
2029-04-16	chul|Monday|Tazria-Metzora|Omer(16)+RoshChodesh|morning	Agadir+Algeria+Algiers+Ashkenaz+Baladi+Bavlim+Chabad+ChayeyOdom+Djerba+Fes+Frankfurt+Italki+Libya+Lita+Magreb+Marrakesh+Morocco+Persia+Poznan+PureSephardim+Romania+Sefard+Shami+Teiman+Toshbim	torah	1:Numbers:28:1:28:3 2:Numbers:28:3:28:5 3:Numbers:28:6:28:10 4:Numbers:28:11:28:15
2029-04-16	chul|Monday|Tazria-Metzora|Omer(16)+RoshChodesh|morning	Hagra	torah	1:Numbers:28:1:28:3 2:Numbers:28:4:28:8 3:Numbers:28:6:28:10 4:Numbers:28:11:28:15
2029-04-19	EY|Thursday|Acharei-Kedoshim|Omer(19)|morning	ALL	haftarah	-
2029-04-19	EY|Thursday|Acharei-Kedoshim|Omer(19)|morning	ALL	maftir	-
2029-04-19	EY|Thursday|Acharei-Kedoshim|Omer(19)|morning	ALL	torah	1:Leviticus:16:1:16:6 2:Leviticus:16:7:16:11 3:Leviticus:16:12:16:17
2029-04-19	chul|Thursday|Tazria-Metzora|Omer(19)|morning	ALL	haftarah	-
2029-04-19	chul|Thursday|Tazria-Metzora|Omer(19)|morning	ALL	maftir	-
2029-04-19	chul|Thursday|Tazria-Metzora|Omer(19)|morning	ALL	torah	1:Leviticus:12:1:12:4 2:Leviticus:12:5:12:8 3:Leviticus:13:1:13:5
2029-04-21	EY|shabbos|Acharei-Kedoshim|Omer(21)|afternoon	ALL	haftarah	-
2029-04-21	EY|shabbos|Acharei-Kedoshim|Omer(21)|afternoon	ALL	maftir	-
2029-04-21	EY|shabbos|Acharei-Kedoshim|Omer(21)|afternoon	ALL	torah	1:Leviticus:21:1:21:6 2:Leviticus:21:7:21:12 3:Leviticus:21:13:21:15
2029-04-21	EY|shabbos|Acharei-Kedoshim|Omer(21)|morning	ALL	maftir	Leviticus:20:25:20:27
2029-04-21	EY|shabbos|Acharei-Kedoshim|Omer(21)|morning	ALL	torah	1:Leviticus:16:1:16:24 2:Leviticus:16:25:17:7 3:Leviticus:17:8:18:21 4:Leviticus:18:22:19:14 5:Leviticus:19:15:19:32 6:Leviticus:19:33:20:7 7:Leviticus:20:8:20:27
2029-04-21	EY|shabbos|Acharei-Kedoshim|Omer(21)|morning	Agadir+Algeria+Algiers+Bavlim+Djerba+Fes+Libya+Magreb+Marrakesh+Morocco+Persia+PureSephardim+Sefard+Toshbim	haftarah	Ezekiel:20:2:20:20
2029-04-21	EY|shabbos|Acharei-Kedoshim|Omer(21)|morning	Ashkenaz+Chabad+Frankfurt+Hagra+Poznan	haftarah	Amos:9:7:9:15
2029-04-21	EY|shabbos|Acharei-Kedoshim|Omer(21)|morning	Baladi	haftarah	Ezekiel:20:1:20:15
2029-04-21	EY|shabbos|Acharei-Kedoshim|Omer(21)|morning	ChayeyOdom+Lita	haftarah	Ezekiel:22:1:22:16
2029-04-21	EY|shabbos|Acharei-Kedoshim|Omer(21)|morning	Italki+Shami+Teiman	haftarah	Ezekiel:20:1:20:20
2029-04-21	EY|shabbos|Acharei-Kedoshim|Omer(21)|morning	Romania	haftarah	Isaiah:3:4:5:17
2029-04-21	chul|shabbos|Tazria-Metzora|Omer(21)|afternoon	ALL	haftarah	-
2029-04-21	chul|shabbos|Tazria-Metzora|Omer(21)|afternoon	ALL	maftir	-
2029-04-21	chul|shabbos|Tazria-Metzora|Omer(21)|afternoon	ALL	torah	1:Leviticus:16:1:16:6 2:Leviticus:16:7:16:11 3:Leviticus:16:12:16:17
2029-04-21	chul|shabbos|Tazria-Metzora|Omer(21)|morning	ALL	maftir	Leviticus:15:31:15:33
2029-04-21	chul|shabbos|Tazria-Metzora|Omer(21)|morning	ALL	torah	1:Leviticus:12:1:13:23 2:Leviticus:13:24:13:39 3:Leviticus:13:40:13:54 4:Leviticus:13:55:14:20 5:Leviticus:14:21:14:32 6:Leviticus:14:33:15:15 7:Leviticus:15:16:15:33
2029-04-21	chul|shabbos|Tazria-Metzora|Omer(21)|morning	Agadir+Algeria+Algiers+Ashkenaz+Bavlim+Chabad+ChayeyOdom+Djerba+Fes+Frankfurt+Hagra+Libya+Lita+Magreb+Marrakesh+Morocco+Persia+Poznan+PureSephardim+Romania+Sefard+Toshbim	haftarah	KingsII:7:3:7:20
2029-04-21	chul|shabbos|Tazria-Metzora|Omer(21)|morning	Baladi+Italki+Shami+Teiman	haftarah	KingsII:7:1:7:20 KingsII:13:23:13:23
2029-04-23	EY|Monday|Emor|Omer(23)|morning	ALL	haftarah	-
2029-04-23	EY|Monday|Emor|Omer(23)|morning	ALL	maftir	-
2029-04-23	EY|Monday|Emor|Omer(23)|morning	ALL	torah	1:Leviticus:21:1:21:6 2:Leviticus:21:7:21:12 3:Leviticus:21:13:21:15
2029-04-23	chul|Monday|Acharei-Kedoshim|Omer(23)|morning	ALL	haftarah	-
2029-04-23	chul|Monday|Acharei-Kedoshim|Omer(23)|morning	ALL	maftir	-
2029-04-23	chul|Monday|Acharei-Kedoshim|Omer(23)|morning	ALL	torah	1:Leviticus:16:1:16:6 2:Leviticus:16:7:16:11 3:Leviticus:16:12:16:17
2029-04-26	EY|Thursday|Emor|Omer(26)|morning	ALL	haftarah	-
2029-04-26	EY|Thursday|Emor|Omer(26)|morning	ALL	maftir	-
2029-04-26	EY|Thursday|Emor|Omer(26)|morning	ALL	torah	1:Leviticus:21:1:21:6 2:Leviticus:21:7:21:12 3:Leviticus:21:13:21:15
2029-04-26	chul|Thursday|Acharei-Kedoshim|Omer(26)|morning	ALL	haftarah	-
2029-04-26	chul|Thursday|Acharei-Kedoshim|Omer(26)|morning	ALL	maftir	-
2029-04-26	chul|Thursday|Acharei-Kedoshim|Omer(26)|morning	ALL	torah	1:Leviticus:16:1:16:6 2:Leviticus:16:7:16:11 3:Leviticus:16:12:16:17
2029-04-28	EY|shabbos|Emor|Omer(28)|afternoon	ALL	haftarah	-
2029-04-28	EY|shabbos|Emor|Omer(28)|afternoon	ALL	maftir	-
2029-04-28	EY|shabbos|Emor|Omer(28)|afternoon	ALL	torah	1:Leviticus:25:1:25:3 2:Leviticus:25:4:25:7 3:Leviticus:25:8:25:13
2029-04-28	EY|shabbos|Emor|Omer(28)|morning	ALL	haftarah	Ezekiel:44:15:44:31
2029-04-28	EY|shabbos|Emor|Omer(28)|morning	ALL	maftir	Leviticus:24:21:24:23
2029-04-28	EY|shabbos|Emor|Omer(28)|morning	ALL	torah	1:Leviticus:21:1:21:15 2:Leviticus:21:16:22:16 3:Leviticus:22:17:22:33 4:Leviticus:23:1:23:22 5:Leviticus:23:23:23:32 6:Leviticus:23:33:23:44 7:Leviticus:24:1:24:23
2029-04-28	chul|shabbos|Acharei-Kedoshim|Omer(28)|afternoon	ALL	haftarah	-
2029-04-28	chul|shabbos|Acharei-Kedoshim|Omer(28)|afternoon	ALL	maftir	-
2029-04-28	chul|shabbos|Acharei-Kedoshim|Omer(28)|afternoon	ALL	torah	1:Leviticus:21:1:21:6 2:Leviticus:21:7:21:12 3:Leviticus:21:13:21:15
2029-04-28	chul|shabbos|Acharei-Kedoshim|Omer(28)|morning	ALL	maftir	Leviticus:20:25:20:27
2029-04-28	chul|shabbos|Acharei-Kedoshim|Omer(28)|morning	ALL	torah	1:Leviticus:16:1:16:24 2:Leviticus:16:25:17:7 3:Leviticus:17:8:18:21 4:Leviticus:18:22:19:14 5:Leviticus:19:15:19:32 6:Leviticus:19:33:20:7 7:Leviticus:20:8:20:27
2029-04-28	chul|shabbos|Acharei-Kedoshim|Omer(28)|morning	Agadir+Algeria+Algiers+Bavlim+Djerba+Fes+Libya+Magreb+Marrakesh+Morocco+Persia+PureSephardim+Sefard+Toshbim	haftarah	Ezekiel:20:2:20:20
2029-04-28	chul|shabbos|Acharei-Kedoshim|Omer(28)|morning	Ashkenaz+Chabad+Frankfurt+Hagra+Poznan	haftarah	Amos:9:7:9:15
2029-04-28	chul|shabbos|Acharei-Kedoshim|Omer(28)|morning	Baladi	haftarah	Ezekiel:20:1:20:15
2029-04-28	chul|shabbos|Acharei-Kedoshim|Omer(28)|morning	ChayeyOdom+Lita	haftarah	Ezekiel:22:1:22:16
2029-04-28	chul|shabbos|Acharei-Kedoshim|Omer(28)|morning	Italki+Shami+Teiman	haftarah	Ezekiel:20:1:20:20
2029-04-28	chul|shabbos|Acharei-Kedoshim|Omer(28)|morning	Romania	haftarah	Isaiah:3:4:5:17
2029-04-30	EY|Monday|Behar|Omer(30)|morning	ALL	haftarah	-
2029-04-30	EY|Monday|Behar|Omer(30)|morning	ALL	maftir	-
2029-04-30	EY|Monday|Behar|Omer(30)|morning	ALL	torah	1:Leviticus:25:1:25:3 2:Leviticus:25:4:25:7 3:Leviticus:25:8:25:13
2029-04-30	chul|Monday|Emor|Omer(30)|morning	ALL	haftarah	-
2029-04-30	chul|Monday|Emor|Omer(30)|morning	ALL	maftir	-
2029-04-30	chul|Monday|Emor|Omer(30)|morning	ALL	torah	1:Leviticus:21:1:21:6 2:Leviticus:21:7:21:12 3:Leviticus:21:13:21:15
2029-05-03	EY|Thursday|Behar|Omer(33)|morning	ALL	haftarah	-
2029-05-03	EY|Thursday|Behar|Omer(33)|morning	ALL	maftir	-
2029-05-03	EY|Thursday|Behar|Omer(33)|morning	ALL	torah	1:Leviticus:25:1:25:3 2:Leviticus:25:4:25:7 3:Leviticus:25:8:25:13
2029-05-03	chul|Thursday|Emor|Omer(33)|morning	ALL	haftarah	-
2029-05-03	chul|Thursday|Emor|Omer(33)|morning	ALL	maftir	-
2029-05-03	chul|Thursday|Emor|Omer(33)|morning	ALL	torah	1:Leviticus:21:1:21:6 2:Leviticus:21:7:21:12 3:Leviticus:21:13:21:15
2029-05-05	EY|shabbos|Behar|Omer(35)|afternoon	ALL	haftarah	-
2029-05-05	EY|shabbos|Behar|Omer(35)|afternoon	ALL	maftir	-
2029-05-05	EY|shabbos|Behar|Omer(35)|afternoon	ALL	torah	1:Leviticus:26:3:26:5 2:Leviticus:26:6:26:9 3:Leviticus:26:10:26:13
2029-05-05	EY|shabbos|Behar|Omer(35)|morning	ALL	maftir	Leviticus:25:55:26:2
2029-05-05	EY|shabbos|Behar|Omer(35)|morning	ALL	torah	1:Leviticus:25:1:25:13 2:Leviticus:25:14:25:18 3:Leviticus:25:19:25:24 4:Leviticus:25:25:25:28 5:Leviticus:25:29:25:38 6:Leviticus:25:39:25:46 7:Leviticus:25:47:26:2
2029-05-05	EY|shabbos|Behar|Omer(35)|morning	Agadir+Algeria+Algiers+Ashkenaz+Bavlim+ChayeyOdom+Djerba+Fes+Frankfurt+Hagra+Libya+Lita+Magreb+Marrakesh+Morocco+Persia+PureSephardim+Romania+Sefard+Toshbim	haftarah	Jeremiah:32:6:32:27
2029-05-05	EY|shabbos|Behar|Omer(35)|morning	Baladi+Italki+Shami+Teiman	haftarah	Jeremiah:16:19:17:14
2029-05-05	EY|shabbos|Behar|Omer(35)|morning	Chabad+Poznan	haftarah	Jeremiah:32:6:32:22
2029-05-05	chul|shabbos|Emor|Omer(35)|afternoon	ALL	haftarah	-
2029-05-05	chul|shabbos|Emor|Omer(35)|afternoon	ALL	maftir	-
2029-05-05	chul|shabbos|Emor|Omer(35)|afternoon	ALL	torah	1:Leviticus:25:1:25:3 2:Leviticus:25:4:25:7 3:Leviticus:25:8:25:13
2029-05-05	chul|shabbos|Emor|Omer(35)|morning	ALL	haftarah	Ezekiel:44:15:44:31
2029-05-05	chul|shabbos|Emor|Omer(35)|morning	ALL	maftir	Leviticus:24:21:24:23
2029-05-05	chul|shabbos|Emor|Omer(35)|morning	ALL	torah	1:Leviticus:21:1:21:15 2:Leviticus:21:16:22:16 3:Leviticus:22:17:22:33 4:Leviticus:23:1:23:22 5:Leviticus:23:23:23:32 6:Leviticus:23:33:23:44 7:Leviticus:24:1:24:23
2029-05-07	EY|Monday|Bechukosai|Omer(37)|morning	ALL	haftarah	-
2029-05-07	EY|Monday|Bechukosai|Omer(37)|morning	ALL	maftir	-
2029-05-07	EY|Monday|Bechukosai|Omer(37)|morning	ALL	torah	1:Leviticus:26:3:26:5 2:Leviticus:26:6:26:9 3:Leviticus:26:10:26:13
2029-05-07	chul|Monday|Behar-Bechukosai|Omer(37)|morning	ALL	haftarah	-
2029-05-07	chul|Monday|Behar-Bechukosai|Omer(37)|morning	ALL	maftir	-
2029-05-07	chul|Monday|Behar-Bechukosai|Omer(37)|morning	ALL	torah	1:Leviticus:25:1:25:3 2:Leviticus:25:4:25:7 3:Leviticus:25:8:25:13
2029-05-10	EY|Thursday|Bechukosai|Omer(40)|morning	ALL	haftarah	-
2029-05-10	EY|Thursday|Bechukosai|Omer(40)|morning	ALL	maftir	-
2029-05-10	EY|Thursday|Bechukosai|Omer(40)|morning	ALL	torah	1:Leviticus:26:3:26:5 2:Leviticus:26:6:26:9 3:Leviticus:26:10:26:13
2029-05-10	chul|Thursday|Behar-Bechukosai|Omer(40)|morning	ALL	haftarah	-
2029-05-10	chul|Thursday|Behar-Bechukosai|Omer(40)|morning	ALL	maftir	-
2029-05-10	chul|Thursday|Behar-Bechukosai|Omer(40)|morning	ALL	torah	1:Leviticus:25:1:25:3 2:Leviticus:25:4:25:7 3:Leviticus:25:8:25:13
2029-05-12	EY|shabbos|Bechukosai|Omer(42)|afternoon	ALL	haftarah	-
2029-05-12	EY|shabbos|Bechukosai|Omer(42)|afternoon	ALL	maftir	-
2029-05-12	EY|shabbos|Bechukosai|Omer(42)|afternoon	ALL	torah	1:Numbers:1:1:1:4 2:Numbers:1:5:1:16 3:Numbers:1:17:1:19
2029-05-12	EY|shabbos|Bechukosai|Omer(42)|morning	ALL	maftir	Leviticus:27:32:27:34
2029-05-12	EY|shabbos|Bechukosai|Omer(42)|morning	ALL	torah	1:Leviticus:26:3:26:5 2:Leviticus:26:6:26:9 3:Leviticus:26:10:26:46 4:Leviticus:27:1:27:15 5:Leviticus:27:16:27:21 6:Leviticus:27:22:27:28 7:Leviticus:27:29:27:34
2029-05-12	EY|shabbos|Bechukosai|Omer(42)|morning	Agadir+Algeria+Algiers+Ashkenaz+Bavlim+Chabad+ChayeyOdom+Djerba+Fes+Frankfurt+Hagra+Libya+Lita+Magreb+Marrakesh+Morocco+Persia+PureSephardim+Romania+Sefard+Toshbim	haftarah	Jeremiah:16:19:17:14
2029-05-12	EY|shabbos|Bechukosai|Omer(42)|morning	Baladi+Shami+Teiman	haftarah	Ezekiel:34:1:34:27
2029-05-12	EY|shabbos|Bechukosai|Omer(42)|morning	Italki+Poznan	haftarah	Ezekiel:34:1:34:15
2029-05-12	chul|shabbos|Behar-Bechukosai|Omer(42)|afternoon	ALL	haftarah	-
2029-05-12	chul|shabbos|Behar-Bechukosai|Omer(42)|afternoon	ALL	maftir	-
2029-05-12	chul|shabbos|Behar-Bechukosai|Omer(42)|afternoon	ALL	torah	1:Numbers:1:1:1:4 2:Numbers:1:5:1:16 3:Numbers:1:17:1:19
2029-05-12	chul|shabbos|Behar-Bechukosai|Omer(42)|morning	ALL	maftir	Leviticus:27:32:27:34
2029-05-12	chul|shabbos|Behar-Bechukosai|Omer(42)|morning	ALL	torah	1:Leviticus:25:1:25:18 2:Leviticus:25:19:25:28 3:Leviticus:25:29:25:38 4:Leviticus:25:39:26:9 5:Leviticus:26:10:26:46 6:Leviticus:27:1:27:15 7:Leviticus:27:16:27:34
2029-05-12	chul|shabbos|Behar-Bechukosai|Omer(42)|morning	Agadir+Algeria+Algiers+Ashkenaz+Bavlim+Chabad+ChayeyOdom+Djerba+Fes+Frankfurt+Hagra+Libya+Lita+Magreb+Marrakesh+Morocco+Persia+PureSephardim+Romania+Sefard+Toshbim	haftarah	Jeremiah:16:19:17:14
2029-05-12	chul|shabbos|Behar-Bechukosai|Omer(42)|morning	Baladi+Shami+Teiman	haftarah	Ezekiel:34:1:34:27
2029-05-12	chul|shabbos|Behar-Bechukosai|Omer(42)|morning	Italki+Poznan	haftarah	Ezekiel:34:1:34:15
2029-05-14	EY|Monday|Bemidbar|ErevRoshChodesh+Omer(44)|morning	ALL	haftarah	-
2029-05-14	EY|Monday|Bemidbar|ErevRoshChodesh+Omer(44)|morning	ALL	maftir	-
2029-05-14	EY|Monday|Bemidbar|ErevRoshChodesh+Omer(44)|morning	ALL	torah	1:Numbers:1:1:1:4 2:Numbers:1:5:1:16 3:Numbers:1:17:1:19
2029-05-15	EY|Tuesday|Bemidbar|Omer(45)+RoshChodesh|morning	ALL	haftarah	-
2029-05-15	EY|Tuesday|Bemidbar|Omer(45)+RoshChodesh|morning	ALL	maftir	-
2029-05-15	EY|Tuesday|Bemidbar|Omer(45)+RoshChodesh|morning	Agadir+Algeria+Algiers+Ashkenaz+Baladi+Bavlim+Chabad+ChayeyOdom+Djerba+Fes+Frankfurt+Italki+Libya+Lita+Magreb+Marrakesh+Morocco+Persia+Poznan+PureSephardim+Romania+Sefard+Shami+Teiman+Toshbim	torah	1:Numbers:28:1:28:3 2:Numbers:28:3:28:5 3:Numbers:28:6:28:10 4:Numbers:28:11:28:15
2029-05-15	EY|Tuesday|Bemidbar|Omer(45)+RoshChodesh|morning	Hagra	torah	1:Numbers:28:1:28:3 2:Numbers:28:4:28:8 3:Numbers:28:6:28:10 4:Numbers:28:11:28:15
2029-05-17	EY|Thursday|Bemidbar|Omer(47)|morning	ALL	haftarah	-
2029-05-17	EY|Thursday|Bemidbar|Omer(47)|morning	ALL	maftir	-
2029-05-17	EY|Thursday|Bemidbar|Omer(47)|morning	ALL	torah	1:Numbers:1:1:1:4 2:Numbers:1:5:1:16 3:Numbers:1:17:1:19
2029-05-19	EY|shabbos|Bemidbar|Omer(49)|afternoon	ALL	haftarah	-
2029-05-19	EY|shabbos|Bemidbar|Omer(49)|afternoon	ALL	maftir	-
2029-05-19	EY|shabbos|Bemidbar|Omer(49)|afternoon	ALL	torah	1:Numbers:4:21:4:24 2:Numbers:4:25:4:28 3:Numbers:4:29:4:37
2029-05-19	EY|shabbos|Bemidbar|Omer(49)|morning	ALL	haftarah	Hosea:2:1:2:22
2029-05-19	EY|shabbos|Bemidbar|Omer(49)|morning	ALL	maftir	Numbers:4:17:4:20
2029-05-19	EY|shabbos|Bemidbar|Omer(49)|morning	ALL	torah	1:Numbers:1:1:1:19 2:Numbers:1:20:1:54 3:Numbers:2:1:2:34 4:Numbers:3:1:3:13 5:Numbers:3:14:3:39 6:Numbers:3:40:3:51 7:Numbers:4:1:4:20
2029-05-20	EY|Sunday|Nasso|Shavuos1|morning	ALL	maftir	Numbers:28:26:28:31
2029-05-20	EY|Sunday|Nasso|Shavuos1|morning	ALL	torah	1:Exodus:19:1:19:6 2:Exodus:19:7:19:13 3:Exodus:19:14:19:19 4:Exodus:19:20:20:14 5:Exodus:20:15:20:22
2029-05-20	EY|Sunday|Nasso|Shavuos1|morning	Agadir+Algeria+Algiers+Ashkenaz+Bavlim+Chabad+ChayeyOdom+Djerba+Fes+Frankfurt+Hagra+Italki+Libya+Lita+Magreb+Marrakesh+Morocco+Persia+Poznan+PureSephardim+Romania+Sefard+Toshbim	haftarah	Ezekiel:1:1:1:28 Ezekiel:3:12:3:12
2029-05-20	EY|Sunday|Nasso|Shavuos1|morning	Baladi+Shami+Teiman	haftarah	Ezekiel:1:1:2:2 Ezekiel:3:12:3:12
2029-05-21	EY|Monday|Nasso|-|morning	ALL	haftarah	-
2029-05-21	EY|Monday|Nasso|-|morning	ALL	maftir	-
2029-05-21	EY|Monday|Nasso|-|morning	ALL	torah	1:Numbers:4:21:4:24 2:Numbers:4:25:4:28 3:Numbers:4:29:4:37
2029-06-13	EY|Wednesday|Korach|ErevRoshChodesh+RoshChodesh|morning	ALL	haftarah	-
2029-06-13	EY|Wednesday|Korach|ErevRoshChodesh+RoshChodesh|morning	ALL	maftir	-
2029-06-13	EY|Wednesday|Korach|ErevRoshChodesh+RoshChodesh|morning	Agadir+Algeria+Algiers+Ashkenaz+Baladi+Bavlim+Chabad+ChayeyOdom+Djerba+Fes+Frankfurt+Italki+Libya+Lita+Magreb+Marrakesh+Morocco+Persia+Poznan+PureSephardim+Romania+Sefard+Shami+Teiman+Toshbim	torah	1:Numbers:28:1:28:3 2:Numbers:28:3:28:5 3:Numbers:28:6:28:10 4:Numbers:28:11:28:15
2029-06-13	EY|Wednesday|Korach|ErevRoshChodesh+RoshChodesh|morning	Hagra	torah	1:Numbers:28:1:28:3 2:Numbers:28:4:28:8 3:Numbers:28:6:28:10 4:Numbers:28:11:28:15
2029-06-14	EY|Thursday|Korach|RoshChodesh|morning	ALL	haftarah	-
2029-06-14	EY|Thursday|Korach|RoshChodesh|morning	ALL	maftir	-
2029-06-14	EY|Thursday|Korach|RoshChodesh|morning	Agadir+Algeria+Algiers+Ashkenaz+Baladi+Bavlim+Chabad+ChayeyOdom+Djerba+Fes+Frankfurt+Italki+Libya+Lita+Magreb+Marrakesh+Morocco+Persia+Poznan+PureSephardim+Romania+Sefard+Shami+Teiman+Toshbim	torah	1:Numbers:28:1:28:3 2:Numbers:28:3:28:5 3:Numbers:28:6:28:10 4:Numbers:28:11:28:15
2029-06-14	EY|Thursday|Korach|RoshChodesh|morning	Hagra	torah	1:Numbers:28:1:28:3 2:Numbers:28:4:28:8 3:Numbers:28:6:28:10 4:Numbers:28:11:28:15
2029-07-12	EY|Thursday|Mattos-Masei|ErevRoshChodesh|morning	ALL	haftarah	-
2029-07-12	EY|Thursday|Mattos-Masei|ErevRoshChodesh|morning	ALL	maftir	-
2029-07-12	EY|Thursday|Mattos-Masei|ErevRoshChodesh|morning	ALL	torah	1:Numbers:30:2:30:9 2:Numbers:30:10:30:13 3:Numbers:30:14:30:17
2029-07-13	EY|Friday|Mattos-Masei|RoshChodesh|morning	ALL	haftarah	-
2029-07-13	EY|Friday|Mattos-Masei|RoshChodesh|morning	ALL	maftir	-
2029-07-13	EY|Friday|Mattos-Masei|RoshChodesh|morning	Agadir+Algeria+Algiers+Ashkenaz+Baladi+Bavlim+Chabad+ChayeyOdom+Djerba+Fes+Frankfurt+Italki+Libya+Lita+Magreb+Marrakesh+Morocco+Persia+Poznan+PureSephardim+Romania+Sefard+Shami+Teiman+Toshbim	torah	1:Numbers:28:1:28:3 2:Numbers:28:3:28:5 3:Numbers:28:6:28:10 4:Numbers:28:11:28:15
2029-07-13	EY|Friday|Mattos-Masei|RoshChodesh|morning	Hagra	torah	1:Numbers:28:1:28:3 2:Numbers:28:4:28:8 3:Numbers:28:6:28:10 4:Numbers:28:11:28:15
2029-11-08	EY|Thursday|Toldos|RoshChodesh|morning	ALL	haftarah	-
2029-11-08	EY|Thursday|Toldos|RoshChodesh|morning	ALL	maftir	-
2029-11-08	EY|Thursday|Toldos|RoshChodesh|morning	Agadir+Algeria+Algiers+Ashkenaz+Baladi+Bavlim+Chabad+ChayeyOdom+Djerba+Fes+Frankfurt+Italki+Libya+Lita+Magreb+Marrakesh+Morocco+Persia+Poznan+PureSephardim+Romania+Sefard+Shami+Teiman+Toshbim	torah	1:Numbers:28:1:28:3 2:Numbers:28:3:28:5 3:Numbers:28:6:28:10 4:Numbers:28:11:28:15
2029-11-08	EY|Thursday|Toldos|RoshChodesh|morning	Hagra	torah	1:Numbers:28:1:28:3 2:Numbers:28:4:28:8 3:Numbers:28:6:28:10 4:Numbers:28:11:28:15
2029-11-08	chul|Thursday|Toldos|RoshChodesh|morning	ALL	haftarah	-
2029-11-08	chul|Thursday|Toldos|RoshChodesh|morning	ALL	maftir	-
2029-11-08	chul|Thursday|Toldos|RoshChodesh|morning	Agadir+Algeria+Algiers+Ashkenaz+Baladi+Bavlim+Chabad+ChayeyOdom+Djerba+Fes+Frankfurt+Italki+Libya+Lita+Magreb+Marrakesh+Morocco+Persia+Poznan+PureSephardim+Romania+Sefard+Shami+Teiman+Toshbim	torah	1:Numbers:28:1:28:3 2:Numbers:28:3:28:5 3:Numbers:28:6:28:10 4:Numbers:28:11:28:15
2029-11-08	chul|Thursday|Toldos|RoshChodesh|morning	Hagra	torah	1:Numbers:28:1:28:3 2:Numbers:28:4:28:8 3:Numbers:28:6:28:10 4:Numbers:28:11:28:15
2029-12-02	EY|Sunday|Mikeitz|Chanukah1|morning	ALL	haftarah	-
2029-12-02	EY|Sunday|Mikeitz|Chanukah1|morning	ALL	maftir	-
2029-12-02	EY|Sunday|Mikeitz|Chanukah1|morning	Agadir+Algeria+Algiers+Baladi+Bavlim+Djerba+Fes+Libya+Magreb+Marrakesh+Morocco+Persia+PureSephardim+Sefard+Shami+Teiman+Toshbim	torah	1:Numbers:6:22:7:11 2:Numbers:7:12:7:14 3:Numbers:7:15:7:17
2029-12-02	EY|Sunday|Mikeitz|Chanukah1|morning	Ashkenaz+Chabad+ChayeyOdom+Frankfurt+Hagra+Italki+Lita+Poznan+Romania	torah	1:Numbers:7:1:7:11 2:Numbers:7:12:7:14 3:Numbers:7:15:7:17
2029-12-02	chul|Sunday|Mikeitz|Chanukah1|morning	ALL	haftarah	-
2029-12-02	chul|Sunday|Mikeitz|Chanukah1|morning	ALL	maftir	-
2029-12-02	chul|Sunday|Mikeitz|Chanukah1|morning	Agadir+Algeria+Algiers+Baladi+Bavlim+Djerba+Fes+Libya+Magreb+Marrakesh+Morocco+Persia+PureSephardim+Sefard+Shami+Teiman+Toshbim	torah	1:Numbers:6:22:7:11 2:Numbers:7:12:7:14 3:Numbers:7:15:7:17
2029-12-02	chul|Sunday|Mikeitz|Chanukah1|morning	Ashkenaz+Chabad+ChayeyOdom+Frankfurt+Hagra+Italki+Lita+Poznan+Romania	torah	1:Numbers:7:1:7:11 2:Numbers:7:12:7:14 3:Numbers:7:15:7:17
2029-12-03	EY|Monday|Mikeitz|Chanukah2|morning	ALL	haftarah	-
2029-12-03	EY|Monday|Mikeitz|Chanukah2|morning	ALL	maftir	-
2029-12-03	EY|Monday|Mikeitz|Chanukah2|morning	Agadir+Algeria+Algiers+Baladi+Bavlim+Djerba+Fes+Libya+Magreb+Marrakesh+Morocco+Persia+PureSephardim+Sefard+Shami+Teiman+Toshbim	torah	1:Numbers:7:18:7:20 2:Numbers:7:21:7:23 3:Numbers:7:18:7:23
2029-12-03	EY|Monday|Mikeitz|Chanukah2|morning	Ashkenaz+Chabad+ChayeyOdom+Frankfurt+Hagra+Italki+Lita+Poznan+Romania	torah	1:Numbers:7:18:7:20 2:Numbers:7:21:7:23 3:Numbers:7:24:7:29
2029-12-03	chul|Monday|Mikeitz|Chanukah2|morning	ALL	haftarah	-
2029-12-03	chul|Monday|Mikeitz|Chanukah2|morning	ALL	maftir	-
2029-12-03	chul|Monday|Mikeitz|Chanukah2|morning	Agadir+Algeria+Algiers+Baladi+Bavlim+Djerba+Fes+Libya+Magreb+Marrakesh+Morocco+Persia+PureSephardim+Sefard+Shami+Teiman+Toshbim	torah	1:Numbers:7:18:7:20 2:Numbers:7:21:7:23 3:Numbers:7:18:7:23
2029-12-03	chul|Monday|Mikeitz|Chanukah2|morning	Ashkenaz+Chabad+ChayeyOdom+Frankfurt+Hagra+Italki+Lita+Poznan+Romania	torah	1:Numbers:7:18:7:20 2:Numbers:7:21:7:23 3:Numbers:7:24:7:29
2029-12-04	EY|Tuesday|Mikeitz|Chanukah3|morning	ALL	haftarah	-
2029-12-04	EY|Tuesday|Mikeitz|Chanukah3|morning	ALL	maftir	-
2029-12-04	EY|Tuesday|Mikeitz|Chanukah3|morning	Agadir+Algeria+Algiers+Baladi+Bavlim+Djerba+Fes+Libya+Magreb+Marrakesh+Morocco+Persia+PureSephardim+Sefard+Shami+Teiman+Toshbim	torah	1:Numbers:7:24:7:26 2:Numbers:7:27:7:29 3:Numbers:7:24:7:29
2029-12-04	EY|Tuesday|Mikeitz|Chanukah3|morning	Ashkenaz+Chabad+ChayeyOdom+Frankfurt+Hagra+Italki+Lita+Poznan+Romania	torah	1:Numbers:7:24:7:26 2:Numbers:7:27:7:29 3:Numbers:7:30:7:35
2029-12-04	chul|Tuesday|Mikeitz|Chanukah3|morning	ALL	haftarah	-
2029-12-04	chul|Tuesday|Mikeitz|Chanukah3|morning	ALL	maftir	-
2029-12-04	chul|Tuesday|Mikeitz|Chanukah3|morning	Agadir+Algeria+Algiers+Baladi+Bavlim+Djerba+Fes+Libya+Magreb+Marrakesh+Morocco+Persia+PureSephardim+Sefard+Shami+Teiman+Toshbim	torah	1:Numbers:7:24:7:26 2:Numbers:7:27:7:29 3:Numbers:7:24:7:29
2029-12-04	chul|Tuesday|Mikeitz|Chanukah3|morning	Ashkenaz+Chabad+ChayeyOdom+Frankfurt+Hagra+Italki+Lita+Poznan+Romania	torah	1:Numbers:7:24:7:26 2:Numbers:7:27:7:29 3:Numbers:7:30:7:35
2029-12-05	EY|Wednesday|Mikeitz|Chanukah4|morning	ALL	haftarah	-
2029-12-05	EY|Wednesday|Mikeitz|Chanukah4|morning	ALL	maftir	-
2029-12-05	EY|Wednesday|Mikeitz|Chanukah4|morning	Agadir+Algeria+Algiers+Baladi+Bavlim+Djerba+Fes+Libya+Magreb+Marrakesh+Morocco+Persia+PureSephardim+Sefard+Shami+Teiman+Toshbim	torah	1:Numbers:7:30:7:32 2:Numbers:7:33:7:35 3:Numbers:7:30:7:35
2029-12-05	EY|Wednesday|Mikeitz|Chanukah4|morning	Ashkenaz+Chabad+ChayeyOdom+Frankfurt+Hagra+Italki+Lita+Poznan+Romania	torah	1:Numbers:7:30:7:32 2:Numbers:7:33:7:35 3:Numbers:7:36:7:41
2029-12-05	chul|Wednesday|Mikeitz|Chanukah4|morning	ALL	haftarah	-
2029-12-05	chul|Wednesday|Mikeitz|Chanukah4|morning	ALL	maftir	-
2029-12-05	chul|Wednesday|Mikeitz|Chanukah4|morning	Agadir+Algeria+Algiers+Baladi+Bavlim+Djerba+Fes+Libya+Magreb+Marrakesh+Morocco+Persia+PureSephardim+Sefard+Shami+Teiman+Toshbim	torah	1:Numbers:7:30:7:32 2:Numbers:7:33:7:35 3:Numbers:7:30:7:35
2029-12-05	chul|Wednesday|Mikeitz|Chanukah4|morning	Ashkenaz+Chabad+ChayeyOdom+Frankfurt+Hagra+Italki+Lita+Poznan+Romania	torah	1:Numbers:7:30:7:32 2:Numbers:7:33:7:35 3:Numbers:7:36:7:41
2029-12-06	EY|Thursday|Mikeitz|Chanukah5+ErevRoshChodesh|morning	ALL	haftarah	-
2029-12-06	EY|Thursday|Mikeitz|Chanukah5+ErevRoshChodesh|morning	ALL	maftir	-
2029-12-06	EY|Thursday|Mikeitz|Chanukah5+ErevRoshChodesh|morning	Agadir+Algeria+Algiers+Baladi+Bavlim+Djerba+Fes+Libya+Magreb+Marrakesh+Morocco+Persia+PureSephardim+Sefard+Shami+Teiman+Toshbim	torah	1:Numbers:7:36:7:38 2:Numbers:7:39:7:41 3:Numbers:7:36:7:41
2029-12-06	EY|Thursday|Mikeitz|Chanukah5+ErevRoshChodesh|morning	Ashkenaz+Chabad+ChayeyOdom+Frankfurt+Hagra+Italki+Lita+Poznan+Romania	torah	1:Numbers:7:36:7:38 2:Numbers:7:39:7:41 3:Numbers:7:42:7:47
2029-12-06	chul|Thursday|Mikeitz|Chanukah5+ErevRoshChodesh|morning	ALL	haftarah	-
2029-12-06	chul|Thursday|Mikeitz|Chanukah5+ErevRoshChodesh|morning	ALL	maftir	-
2029-12-06	chul|Thursday|Mikeitz|Chanukah5+ErevRoshChodesh|morning	Agadir+Algeria+Algiers+Baladi+Bavlim+Djerba+Fes+Libya+Magreb+Marrakesh+Morocco+Persia+PureSephardim+Sefard+Shami+Teiman+Toshbim	torah	1:Numbers:7:36:7:38 2:Numbers:7:39:7:41 3:Numbers:7:36:7:41
2029-12-06	chul|Thursday|Mikeitz|Chanukah5+ErevRoshChodesh|morning	Ashkenaz+Chabad+ChayeyOdom+Frankfurt+Hagra+Italki+Lita+Poznan+Romania	torah	1:Numbers:7:36:7:38 2:Numbers:7:39:7:41 3:Numbers:7:42:7:47
2029-12-07	EY|Friday|Mikeitz|Chanukah6+RoshChodesh|morning	ALL	haftarah	-
2029-12-07	EY|Friday|Mikeitz|Chanukah6+RoshChodesh|morning	ALL	maftir	-
2029-12-07	EY|Friday|Mikeitz|Chanukah6+RoshChodesh|morning	ALL	torah	1:Numbers:28:1:28:5 2:Numbers:28:6:28:10 3:Numbers:28:11:28:15 4:Numbers:7:42:7:47
2029-12-07	chul|Friday|Mikeitz|Chanukah6+RoshChodesh|morning	ALL	haftarah	-
2029-12-07	chul|Friday|Mikeitz|Chanukah6+RoshChodesh|morning	ALL	maftir	-
2029-12-07	chul|Friday|Mikeitz|Chanukah6+RoshChodesh|morning	ALL	torah	1:Numbers:28:1:28:5 2:Numbers:28:6:28:10 3:Numbers:28:11:28:15 4:Numbers:7:42:7:47
2029-12-08	EY|shabbos|Mikeitz|Chanukah7|afternoon	ALL	haftarah	-
2029-12-08	EY|shabbos|Mikeitz|Chanukah7|afternoon	ALL	maftir	-
2029-12-08	EY|shabbos|Mikeitz|Chanukah7|afternoon	ALL	torah	1:Genesis:44:18:44:20 2:Genesis:44:21:44:24 3:Genesis:44:25:44:30
2029-12-08	EY|shabbos|Mikeitz|Chanukah7|morning	ALL	haftarah	Zechariah:2:14:4:7
2029-12-08	EY|shabbos|Mikeitz|Chanukah7|morning	ALL	maftir	Numbers:7:48:7:53
2029-12-08	EY|shabbos|Mikeitz|Chanukah7|morning	ALL	torah	1:Genesis:41:1:41:14 2:Genesis:41:15:41:38 3:Genesis:41:39:41:52 4:Genesis:41:53:42:18 5:Genesis:42:19:43:15 6:Genesis:43:16:43:29 7:Genesis:43:30:44:17
2029-12-08	chul|shabbos|Mikeitz|Chanukah7|afternoon	ALL	haftarah	-
2029-12-08	chul|shabbos|Mikeitz|Chanukah7|afternoon	ALL	maftir	-
2029-12-08	chul|shabbos|Mikeitz|Chanukah7|afternoon	ALL	torah	1:Genesis:44:18:44:20 2:Genesis:44:21:44:24 3:Genesis:44:25:44:30
2029-12-08	chul|shabbos|Mikeitz|Chanukah7|morning	ALL	haftarah	Zechariah:2:14:4:7
2029-12-08	chul|shabbos|Mikeitz|Chanukah7|morning	ALL	maftir	Numbers:7:48:7:53
2029-12-08	chul|shabbos|Mikeitz|Chanukah7|morning	ALL	torah	1:Genesis:41:1:41:14 2:Genesis:41:15:41:38 3:Genesis:41:39:41:52 4:Genesis:41:53:42:18 5:Genesis:42:19:43:15 6:Genesis:43:16:43:29 7:Genesis:43:30:44:17
2029-12-09	EY|Sunday|Vayigash|Chanukah8|morning	ALL	haftarah	-
2029-12-09	EY|Sunday|Vayigash|Chanukah8|morning	ALL	maftir	-
2029-12-09	EY|Sunday|Vayigash|Chanukah8|morning	Agadir+Algeria+Algiers+Baladi+Bavlim+Djerba+Fes+Libya+Magreb+Marrakesh+Morocco+Persia+PureSephardim+Sefard+Shami+Teiman+Toshbim	torah	1:Numbers:7:54:7:56 2:Numbers:7:57:7:59 3:Numbers:7:54:8:4
2029-12-09	EY|Sunday|Vayigash|Chanukah8|morning	Ashkenaz+Chabad+ChayeyOdom+Frankfurt+Hagra+Italki+Lita+Poznan+Romania	torah	1:Numbers:7:54:7:56 2:Numbers:7:57:7:59 3:Numbers:7:60:8:4
2029-12-09	chul|Sunday|Vayigash|Chanukah8|morning	ALL	haftarah	-
2029-12-09	chul|Sunday|Vayigash|Chanukah8|morning	ALL	maftir	-
2029-12-09	chul|Sunday|Vayigash|Chanukah8|morning	Agadir+Algeria+Algiers+Baladi+Bavlim+Djerba+Fes+Libya+Magreb+Marrakesh+Morocco+Persia+PureSephardim+Sefard+Shami+Teiman+Toshbim	torah	1:Numbers:7:54:7:56 2:Numbers:7:57:7:59 3:Numbers:7:54:8:4
2029-12-09	chul|Sunday|Vayigash|Chanukah8|morning	Ashkenaz+Chabad+ChayeyOdom+Frankfurt+Hagra+Italki+Lita+Poznan+Romania	torah	1:Numbers:7:54:7:56 2:Numbers:7:57:7:59 3:Numbers:7:60:8:4
2035-02-10	EY|shabbos|Terumah|RoshChodesh|afternoon	ALL	haftarah	-
2035-02-10	EY|shabbos|Terumah|RoshChodesh|afternoon	ALL	maftir	-
2035-02-10	EY|shabbos|Terumah|RoshChodesh|afternoon	ALL	torah	1:Exodus:27:20:28:5 2:Exodus:28:6:28:9 3:Exodus:28:10:28:12
2035-02-10	EY|shabbos|Terumah|RoshChodesh|morning	ALL	haftarah	Isaiah:66:1:66:24 Isaiah:66:23:66:23
2035-02-10	EY|shabbos|Terumah|RoshChodesh|morning	ALL	maftir	Numbers:28:9:28:15
2035-02-10	EY|shabbos|Terumah|RoshChodesh|morning	ALL	torah	1:Exodus:25:1:25:16 2:Exodus:25:17:25:30 3:Exodus:25:31:26:14 4:Exodus:26:15:26:30 5:Exodus:26:31:26:37 6:Exodus:27:1:27:8 7:Exodus:27:9:27:19
2035-02-10	chul|shabbos|Terumah|RoshChodesh|afternoon	ALL	haftarah	-
2035-02-10	chul|shabbos|Terumah|RoshChodesh|afternoon	ALL	maftir	-
2035-02-10	chul|shabbos|Terumah|RoshChodesh|afternoon	ALL	torah	1:Exodus:27:20:28:5 2:Exodus:28:6:28:9 3:Exodus:28:10:28:12
2035-02-10	chul|shabbos|Terumah|RoshChodesh|morning	ALL	haftarah	Isaiah:66:1:66:24 Isaiah:66:23:66:23
2035-02-10	chul|shabbos|Terumah|RoshChodesh|morning	ALL	maftir	Numbers:28:9:28:15
2035-02-10	chul|shabbos|Terumah|RoshChodesh|morning	ALL	torah	1:Exodus:25:1:25:16 2:Exodus:25:17:25:30 3:Exodus:25:31:26:14 4:Exodus:26:15:26:30 5:Exodus:26:31:26:37 6:Exodus:27:1:27:8 7:Exodus:27:9:27:19
2035-03-03	EY|shabbos|Vayakhel|-|afternoon	ALL	haftarah	-
2035-03-03	EY|shabbos|Vayakhel|-|afternoon	ALL	maftir	-
2035-03-03	EY|shabbos|Vayakhel|-|afternoon	ALL	torah	1:Exodus:38:21:38:23 2:Exodus:38:24:38:27 3:Exodus:38:28:39:1
2035-03-03	EY|shabbos|Vayakhel|-|morning	ALL	maftir	Exodus:38:18:38:20
2035-03-03	EY|shabbos|Vayakhel|-|morning	ALL	torah	1:Exodus:35:1:35:20 2:Exodus:35:21:35:29 3:Exodus:35:30:36:7 4:Exodus:36:8:36:19 5:Exodus:36:20:37:16 6:Exodus:37:17:37:29 7:Exodus:38:1:38:20
2035-03-03	EY|shabbos|Vayakhel|-|morning	Agadir+Algeria+Algiers+Bavlim+Chabad+Djerba+Fes+Italki+Libya+Magreb+Marrakesh+Morocco+Persia+PureSephardim+Sefard+Toshbim	haftarah	KingsI:7:13:7:26
2035-03-03	EY|shabbos|Vayakhel|-|morning	Ashkenaz+ChayeyOdom+Frankfurt+Hagra+Lita+Poznan	haftarah	KingsI:7:40:7:50
2035-03-03	EY|shabbos|Vayakhel|-|morning	Baladi+Shami+Teiman	haftarah	KingsI:7:13:7:22
2035-03-03	EY|shabbos|Vayakhel|-|morning	Romania	haftarah	KingsI:8:1:8:10
2035-03-03	chul|shabbos|Vayakhel|-|afternoon	ALL	haftarah	-
2035-03-03	chul|shabbos|Vayakhel|-|afternoon	ALL	maftir	-
2035-03-03	chul|shabbos|Vayakhel|-|afternoon	ALL	torah	1:Exodus:38:21:38:23 2:Exodus:38:24:38:27 3:Exodus:38:28:39:1
2035-03-03	chul|shabbos|Vayakhel|-|morning	ALL	maftir	Exodus:38:18:38:20
2035-03-03	chul|shabbos|Vayakhel|-|morning	ALL	torah	1:Exodus:35:1:35:20 2:Exodus:35:21:35:29 3:Exodus:35:30:36:7 4:Exodus:36:8:36:19 5:Exodus:36:20:37:16 6:Exodus:37:17:37:29 7:Exodus:38:1:38:20
2035-03-03	chul|shabbos|Vayakhel|-|morning	Agadir+Algeria+Algiers+Bavlim+Chabad+Djerba+Fes+Italki+Libya+Magreb+Marrakesh+Morocco+Persia+PureSephardim+Sefard+Toshbim	haftarah	KingsI:7:13:7:26
2035-03-03	chul|shabbos|Vayakhel|-|morning	Ashkenaz+ChayeyOdom+Frankfurt+Hagra+Lita+Poznan	haftarah	KingsI:7:40:7:50
2035-03-03	chul|shabbos|Vayakhel|-|morning	Baladi+Shami+Teiman	haftarah	KingsI:7:13:7:22
2035-03-03	chul|shabbos|Vayakhel|-|morning	Romania	haftarah	KingsI:8:1:8:10
2035-03-10	EY|shabbos|Pekudei|ErevRoshChodesh+ParshasShekalim|afternoon	ALL	haftarah	-
2035-03-10	EY|shabbos|Pekudei|ErevRoshChodesh+ParshasShekalim|afternoon	ALL	maftir	-
2035-03-10	EY|shabbos|Pekudei|ErevRoshChodesh+ParshasShekalim|afternoon	ALL	torah	1:Leviticus:1:1:1:4 2:Leviticus:1:5:1:9 3:Leviticus:1:10:1:13
2035-03-10	EY|shabbos|Pekudei|ErevRoshChodesh+ParshasShekalim|morning	ALL	maftir	Exodus:30:11:30:16
2035-03-10	EY|shabbos|Pekudei|ErevRoshChodesh+ParshasShekalim|morning	ALL	torah	1:Exodus:38:21:39:1 2:Exodus:39:2:39:21 3:Exodus:39:22:39:32 4:Exodus:39:33:39:43 5:Exodus:40:1:40:16 6:Exodus:40:17:40:27 7:Exodus:40:28:40:38
2035-03-10	EY|shabbos|Pekudei|ErevRoshChodesh+ParshasShekalim|morning	Agadir+Algeria+Algiers+Bavlim+Djerba+Libya+Magreb+Marrakesh+Morocco+Persia+PureSephardim+Sefard+Toshbim	haftarah	KingsII:11:17:12:17
2035-03-10	EY|shabbos|Pekudei|ErevRoshChodesh+ParshasShekalim|morning	Ashkenaz+Baladi+ChayeyOdom+Frankfurt+Hagra+Italki+Lita+Poznan+Shami+Teiman	haftarah	KingsII:12:1:12:17
2035-03-10	EY|shabbos|Pekudei|ErevRoshChodesh+ParshasShekalim|morning	Chabad	haftarah	KingsII:12:1:12:17 SamuelI:20:18:20:18 SamuelI:20:42:20:42
2035-03-10	EY|shabbos|Pekudei|ErevRoshChodesh+ParshasShekalim|morning	Fes	haftarah	KingsII:11:17:12:17 SamuelI:20:18:20:18 SamuelI:20:42:20:42
2035-03-10	EY|shabbos|Pekudei|ErevRoshChodesh+ParshasShekalim|morning	Romania	haftarah	Ezekiel:45:12:46:5
2035-03-10	chul|shabbos|Pekudei|ErevRoshChodesh+ParshasShekalim|afternoon	ALL	haftarah	-
2035-03-10	chul|shabbos|Pekudei|ErevRoshChodesh+ParshasShekalim|afternoon	ALL	maftir	-
2035-03-10	chul|shabbos|Pekudei|ErevRoshChodesh+ParshasShekalim|afternoon	ALL	torah	1:Leviticus:1:1:1:4 2:Leviticus:1:5:1:9 3:Leviticus:1:10:1:13
2035-03-10	chul|shabbos|Pekudei|ErevRoshChodesh+ParshasShekalim|morning	ALL	maftir	Exodus:30:11:30:16
2035-03-10	chul|shabbos|Pekudei|ErevRoshChodesh+ParshasShekalim|morning	ALL	torah	1:Exodus:38:21:39:1 2:Exodus:39:2:39:21 3:Exodus:39:22:39:32 4:Exodus:39:33:39:43 5:Exodus:40:1:40:16 6:Exodus:40:17:40:27 7:Exodus:40:28:40:38
2035-03-10	chul|shabbos|Pekudei|ErevRoshChodesh+ParshasShekalim|morning	Agadir+Algeria+Algiers+Bavlim+Djerba+Libya+Magreb+Marrakesh+Morocco+Persia+PureSephardim+Sefard+Toshbim	haftarah	KingsII:11:17:12:17
2035-03-10	chul|shabbos|Pekudei|ErevRoshChodesh+ParshasShekalim|morning	Ashkenaz+Baladi+ChayeyOdom+Frankfurt+Hagra+Italki+Lita+Poznan+Shami+Teiman	haftarah	KingsII:12:1:12:17
2035-03-10	chul|shabbos|Pekudei|ErevRoshChodesh+ParshasShekalim|morning	Chabad	haftarah	KingsII:12:1:12:17 SamuelI:20:18:20:18 SamuelI:20:42:20:42
2035-03-10	chul|shabbos|Pekudei|ErevRoshChodesh+ParshasShekalim|morning	Fes	haftarah	KingsII:11:17:12:17 SamuelI:20:18:20:18 SamuelI:20:42:20:42
2035-03-10	chul|shabbos|Pekudei|ErevRoshChodesh+ParshasShekalim|morning	Romania	haftarah	Ezekiel:45:12:46:5
2035-03-11	EY|Sunday|Vayikra|ErevRoshChodesh+RoshChodesh|morning	ALL	haftarah	-
2035-03-11	EY|Sunday|Vayikra|ErevRoshChodesh+RoshChodesh|morning	ALL	maftir	-
2035-03-11	EY|Sunday|Vayikra|ErevRoshChodesh+RoshChodesh|morning	Agadir+Algeria+Algiers+Ashkenaz+Baladi+Bavlim+Chabad+ChayeyOdom+Djerba+Fes+Frankfurt+Italki+Libya+Lita+Magreb+Marrakesh+Morocco+Persia+Poznan+PureSephardim+Romania+Sefard+Shami+Teiman+Toshbim	torah	1:Numbers:28:1:28:3 2:Numbers:28:3:28:5 3:Numbers:28:6:28:10 4:Numbers:28:11:28:15
2035-03-11	EY|Sunday|Vayikra|ErevRoshChodesh+RoshChodesh|morning	Hagra	torah	1:Numbers:28:1:28:3 2:Numbers:28:4:28:8 3:Numbers:28:6:28:10 4:Numbers:28:11:28:15
2035-03-11	chul|Sunday|Vayikra|ErevRoshChodesh+RoshChodesh|morning	ALL	haftarah	-
2035-03-11	chul|Sunday|Vayikra|ErevRoshChodesh+RoshChodesh|morning	ALL	maftir	-
2035-03-11	chul|Sunday|Vayikra|ErevRoshChodesh+RoshChodesh|morning	Agadir+Algeria+Algiers+Ashkenaz+Baladi+Bavlim+Chabad+ChayeyOdom+Djerba+Fes+Frankfurt+Italki+Libya+Lita+Magreb+Marrakesh+Morocco+Persia+Poznan+PureSephardim+Romania+Sefard+Shami+Teiman+Toshbim	torah	1:Numbers:28:1:28:3 2:Numbers:28:3:28:5 3:Numbers:28:6:28:10 4:Numbers:28:11:28:15
2035-03-11	chul|Sunday|Vayikra|ErevRoshChodesh+RoshChodesh|morning	Hagra	torah	1:Numbers:28:1:28:3 2:Numbers:28:4:28:8 3:Numbers:28:6:28:10 4:Numbers:28:11:28:15
2035-03-12	EY|Monday|Vayikra|RoshChodesh|morning	ALL	haftarah	-
2035-03-12	EY|Monday|Vayikra|RoshChodesh|morning	ALL	maftir	-
2035-03-12	EY|Monday|Vayikra|RoshChodesh|morning	Agadir+Algeria+Algiers+Ashkenaz+Baladi+Bavlim+Chabad+ChayeyOdom+Djerba+Fes+Frankfurt+Italki+Libya+Lita+Magreb+Marrakesh+Morocco+Persia+Poznan+PureSephardim+Romania+Sefard+Shami+Teiman+Toshbim	torah	1:Numbers:28:1:28:3 2:Numbers:28:3:28:5 3:Numbers:28:6:28:10 4:Numbers:28:11:28:15
2035-03-12	EY|Monday|Vayikra|RoshChodesh|morning	Hagra	torah	1:Numbers:28:1:28:3 2:Numbers:28:4:28:8 3:Numbers:28:6:28:10 4:Numbers:28:11:28:15
2035-03-12	chul|Monday|Vayikra|RoshChodesh|morning	ALL	haftarah	-
2035-03-12	chul|Monday|Vayikra|RoshChodesh|morning	ALL	maftir	-
2035-03-12	chul|Monday|Vayikra|RoshChodesh|morning	Agadir+Algeria+Algiers+Ashkenaz+Baladi+Bavlim+Chabad+ChayeyOdom+Djerba+Fes+Frankfurt+Italki+Libya+Lita+Magreb+Marrakesh+Morocco+Persia+Poznan+PureSephardim+Romania+Sefard+Shami+Teiman+Toshbim	torah	1:Numbers:28:1:28:3 2:Numbers:28:3:28:5 3:Numbers:28:6:28:10 4:Numbers:28:11:28:15
2035-03-12	chul|Monday|Vayikra|RoshChodesh|morning	Hagra	torah	1:Numbers:28:1:28:3 2:Numbers:28:4:28:8 3:Numbers:28:6:28:10 4:Numbers:28:11:28:15
2035-03-22	EY|Thursday|Tzav|FastOfEster|afternoon	ALL	maftir	-
2035-03-22	EY|Thursday|Tzav|FastOfEster|afternoon	ALL	torah	1:Exodus:32:11:32:14 2:Exodus:34:1:34:3 3:Exodus:34:4:34:10
2035-03-22	EY|Thursday|Tzav|FastOfEster|afternoon	Agadir+Baladi+Bavlim+Djerba+Fes+Libya+Magreb+Morocco+Persia+PureSephardim+Sefard+Shami+Teiman+Toshbim	haftarah	-
2035-03-22	EY|Thursday|Tzav|FastOfEster|afternoon	Algeria+Marrakesh	haftarah	Hosea:14:2:14:10 Micah:7:18:7:20
2035-03-22	EY|Thursday|Tzav|FastOfEster|afternoon	Algiers+Ashkenaz+Chabad+ChayeyOdom+Frankfurt+Hagra+Italki+Lita+Poznan+Romania	haftarah	Isaiah:55:6:56:8
2035-03-22	EY|Thursday|Tzav|FastOfEster|morning	ALL	haftarah	-
2035-03-22	EY|Thursday|Tzav|FastOfEster|morning	ALL	maftir	-
2035-03-22	EY|Thursday|Tzav|FastOfEster|morning	ALL	torah	1:Exodus:32:11:32:14 2:Exodus:34:1:34:3 3:Exodus:34:4:34:10
2035-03-22	chul|Thursday|Tzav|FastOfEster|afternoon	ALL	maftir	-
2035-03-22	chul|Thursday|Tzav|FastOfEster|afternoon	ALL	torah	1:Exodus:32:11:32:14 2:Exodus:34:1:34:3 3:Exodus:34:4:34:10
2035-03-22	chul|Thursday|Tzav|FastOfEster|afternoon	Agadir+Baladi+Bavlim+Djerba+Fes+Libya+Magreb+Morocco+Persia+PureSephardim+Sefard+Shami+Teiman+Toshbim	haftarah	-
2035-03-22	chul|Thursday|Tzav|FastOfEster|afternoon	Algeria+Marrakesh	haftarah	Hosea:14:2:14:10 Micah:7:18:7:20
2035-03-22	chul|Thursday|Tzav|FastOfEster|afternoon	Algiers+Ashkenaz+Chabad+ChayeyOdom+Frankfurt+Hagra+Italki+Lita+Poznan+Romania	haftarah	Isaiah:55:6:56:8
2035-03-22	chul|Thursday|Tzav|FastOfEster|morning	ALL	haftarah	-
2035-03-22	chul|Thursday|Tzav|FastOfEster|morning	ALL	maftir	-
2035-03-22	chul|Thursday|Tzav|FastOfEster|morning	ALL	torah	1:Exodus:32:11:32:14 2:Exodus:34:1:34:3 3:Exodus:34:4:34:10
2035-03-24	EY|shabbos|Tzav|ParshasZachor|afternoon	ALL	haftarah	-
2035-03-24	EY|shabbos|Tzav|ParshasZachor|afternoon	ALL	maftir	-
2035-03-24	EY|shabbos|Tzav|ParshasZachor|afternoon	ALL	torah	1:Leviticus:9:1:9:5 2:Leviticus:9:6:9:10 3:Leviticus:9:11:9:16
2035-03-24	EY|shabbos|Tzav|ParshasZachor|morning	ALL	maftir	Deuteronomy:25:17:25:19
2035-03-24	EY|shabbos|Tzav|ParshasZachor|morning	ALL	torah	1:Leviticus:6:1:6:11 2:Leviticus:6:12:7:10 3:Leviticus:7:11:7:38 4:Leviticus:8:1:8:13 5:Leviticus:8:14:8:21 6:Leviticus:8:22:8:29 7:Leviticus:8:30:8:36
2035-03-24	EY|shabbos|Tzav|ParshasZachor|morning	Agadir+Algeria+Algiers+Bavlim+Djerba+Fes+Libya+Magreb+Marrakesh+Morocco+Persia+PureSephardim+Sefard+Toshbim	haftarah	SamuelI:15:1:15:34
2035-03-24	EY|shabbos|Tzav|ParshasZachor|morning	Ashkenaz+Chabad+ChayeyOdom+Frankfurt+Hagra+Italki+Lita	haftarah	SamuelI:15:2:15:34
2035-03-24	EY|shabbos|Tzav|ParshasZachor|morning	Baladi+Shami+Teiman	haftarah	SamuelI:14:52:15:33
2035-03-24	EY|shabbos|Tzav|ParshasZachor|morning	Poznan	haftarah	SamuelI:15:2:15:33
2035-03-24	EY|shabbos|Tzav|ParshasZachor|morning	Romania	haftarah	SamuelI:15:2:15:22
2035-03-24	chul|shabbos|Tzav|ParshasZachor|afternoon	ALL	haftarah	-
2035-03-24	chul|shabbos|Tzav|ParshasZachor|afternoon	ALL	maftir	-
2035-03-24	chul|shabbos|Tzav|ParshasZachor|afternoon	ALL	torah	1:Leviticus:9:1:9:5 2:Leviticus:9:6:9:10 3:Leviticus:9:11:9:16
2035-03-24	chul|shabbos|Tzav|ParshasZachor|morning	ALL	maftir	Deuteronomy:25:17:25:19
2035-03-24	chul|shabbos|Tzav|ParshasZachor|morning	ALL	torah	1:Leviticus:6:1:6:11 2:Leviticus:6:12:7:10 3:Leviticus:7:11:7:38 4:Leviticus:8:1:8:13 5:Leviticus:8:14:8:21 6:Leviticus:8:22:8:29 7:Leviticus:8:30:8:36
2035-03-24	chul|shabbos|Tzav|ParshasZachor|morning	Agadir+Algeria+Algiers+Bavlim+Djerba+Fes+Libya+Magreb+Marrakesh+Morocco+Persia+PureSephardim+Sefard+Toshbim	haftarah	SamuelI:15:1:15:34
2035-03-24	chul|shabbos|Tzav|ParshasZachor|morning	Ashkenaz+Chabad+ChayeyOdom+Frankfurt+Hagra+Italki+Lita	haftarah	SamuelI:15:2:15:34
2035-03-24	chul|shabbos|Tzav|ParshasZachor|morning	Baladi+Shami+Teiman	haftarah	SamuelI:14:52:15:33
2035-03-24	chul|shabbos|Tzav|ParshasZachor|morning	Poznan	haftarah	SamuelI:15:2:15:33
2035-03-24	chul|shabbos|Tzav|ParshasZachor|morning	Romania	haftarah	SamuelI:15:2:15:22
2035-03-25	EY|Sunday|Shemini|Purim|morning	ALL	haftarah	-
2035-03-25	EY|Sunday|Shemini|Purim|morning	ALL	maftir	-
2035-03-25	EY|Sunday|Shemini|Purim|morning	ALL	torah	1:Exodus:17:8:17:10 2:Exodus:17:11:17:13 3:Exodus:17:14:17:16
2035-03-25	chul|Sunday|Shemini|Purim|morning	ALL	haftarah	-
2035-03-25	chul|Sunday|Shemini|Purim|morning	ALL	maftir	-
2035-03-25	chul|Sunday|Shemini|Purim|morning	ALL	torah	1:Exodus:17:8:17:10 2:Exodus:17:11:17:13 3:Exodus:17:14:17:16
2035-03-26	EY|Monday|Shemini|ShushanPurim|morning	ALL	haftarah	-
2035-03-26	EY|Monday|Shemini|ShushanPurim|morning	ALL	maftir	-
2035-03-26	EY|Monday|Shemini|ShushanPurim|morning	ALL	torah	1:Exodus:17:8:17:10 2:Exodus:17:11:17:13 3:Exodus:17:14:17:16
2035-03-26	chul|Monday|Shemini|ShushanPurim|morning	ALL	haftarah	-
2035-03-26	chul|Monday|Shemini|ShushanPurim|morning	ALL	maftir	-
2035-03-26	chul|Monday|Shemini|ShushanPurim|morning	ALL	torah	1:Exodus:17:8:17:10 2:Exodus:17:11:17:13 3:Exodus:17:14:17:16
2035-04-07	EY|shabbos|Tazria|ParshasHachodesh|afternoon	ALL	haftarah	-
2035-04-07	EY|shabbos|Tazria|ParshasHachodesh|afternoon	ALL	maftir	-
2035-04-07	EY|shabbos|Tazria|ParshasHachodesh|afternoon	ALL	torah	1:Leviticus:14:1:14:5 2:Leviticus:14:6:14:9 3:Leviticus:14:10:14:12
2035-04-07	EY|shabbos|Tazria|ParshasHachodesh|morning	ALL	maftir	Exodus:12:1:12:20
2035-04-07	EY|shabbos|Tazria|ParshasHachodesh|morning	ALL	torah	1:Leviticus:12:1:13:5 2:Leviticus:13:6:13:17 3:Leviticus:13:18:13:23 4:Leviticus:13:24:13:28 5:Leviticus:13:29:13:39 6:Leviticus:13:40:13:54 7:Leviticus:13:55:13:59
2035-04-07	EY|shabbos|Tazria|ParshasHachodesh|morning	Agadir+Algeria+Algiers+Bavlim+Chabad+Djerba+Fes+Libya+Magreb+Marrakesh+Morocco+Persia+Poznan+PureSephardim+Sefard+Toshbim	haftarah	Ezekiel:45:18:46:15
2035-04-07	EY|shabbos|Tazria|ParshasHachodesh|morning	Ashkenaz+ChayeyOdom+Frankfurt+Hagra+Lita	haftarah	Ezekiel:45:16:46:18
2035-04-07	EY|shabbos|Tazria|ParshasHachodesh|morning	Baladi+Shami+Teiman	haftarah	Ezekiel:45:9:46:11
2035-04-07	EY|shabbos|Tazria|ParshasHachodesh|morning	Italki	haftarah	Ezekiel:45:18:46:11
2035-04-07	EY|shabbos|Tazria|ParshasHachodesh|morning	Romania	haftarah	Ezekiel:45:21:46:13
2035-04-07	chul|shabbos|Tazria|ParshasHachodesh|afternoon	ALL	haftarah	-
2035-04-07	chul|shabbos|Tazria|ParshasHachodesh|afternoon	ALL	maftir	-
2035-04-07	chul|shabbos|Tazria|ParshasHachodesh|afternoon	ALL	torah	1:Leviticus:14:1:14:5 2:Leviticus:14:6:14:9 3:Leviticus:14:10:14:12
2035-04-07	chul|shabbos|Tazria|ParshasHachodesh|morning	ALL	maftir	Exodus:12:1:12:20
2035-04-07	chul|shabbos|Tazria|ParshasHachodesh|morning	ALL	torah	1:Leviticus:12:1:13:5 2:Leviticus:13:6:13:17 3:Leviticus:13:18:13:23 4:Leviticus:13:24:13:28 5:Leviticus:13:29:13:39 6:Leviticus:13:40:13:54 7:Leviticus:13:55:13:59
2035-04-07	chul|shabbos|Tazria|ParshasHachodesh|morning	Agadir+Algeria+Algiers+Bavlim+Chabad+Djerba+Fes+Libya+Magreb+Marrakesh+Morocco+Persia+Poznan+PureSephardim+Sefard+Toshbim	haftarah	Ezekiel:45:18:46:15
2035-04-07	chul|shabbos|Tazria|ParshasHachodesh|morning	Ashkenaz+ChayeyOdom+Frankfurt+Hagra+Lita	haftarah	Ezekiel:45:16:46:18
2035-04-07	chul|shabbos|Tazria|ParshasHachodesh|morning	Baladi+Shami+Teiman	haftarah	Ezekiel:45:9:46:11
2035-04-07	chul|shabbos|Tazria|ParshasHachodesh|morning	Italki	haftarah	Ezekiel:45:18:46:11
2035-04-07	chul|shabbos|Tazria|ParshasHachodesh|morning	Romania	haftarah	Ezekiel:45:21:46:13
2035-04-09	EY|Monday|Metzora|ErevRoshChodesh|morning	ALL	haftarah	-
2035-04-09	EY|Monday|Metzora|ErevRoshChodesh|morning	ALL	maftir	-
2035-04-09	EY|Monday|Metzora|ErevRoshChodesh|morning	ALL	torah	1:Leviticus:14:1:14:5 2:Leviticus:14:6:14:9 3:Leviticus:14:10:14:12
2035-04-09	chul|Monday|Metzora|ErevRoshChodesh|morning	ALL	haftarah	-
2035-04-09	chul|Monday|Metzora|ErevRoshChodesh|morning	ALL	maftir	-
2035-04-09	chul|Monday|Metzora|ErevRoshChodesh|morning	ALL	torah	1:Leviticus:14:1:14:5 2:Leviticus:14:6:14:9 3:Leviticus:14:10:14:12
2035-04-10	EY|Tuesday|Metzora|RoshChodesh|morning	ALL	haftarah	-
2035-04-10	EY|Tuesday|Metzora|RoshChodesh|morning	ALL	maftir	-
2035-04-10	EY|Tuesday|Metzora|RoshChodesh|morning	Agadir+Algeria+Algiers+Ashkenaz+Baladi+Bavlim+Chabad+ChayeyOdom+Djerba+Fes+Frankfurt+Italki+Libya+Lita+Magreb+Marrakesh+Morocco+Persia+Poznan+PureSephardim+Romania+Sefard+Shami+Teiman+Toshbim	torah	1:Numbers:28:1:28:3 2:Numbers:28:3:28:5 3:Numbers:28:6:28:10 4:Numbers:28:11:28:15
2035-04-10	EY|Tuesday|Metzora|RoshChodesh|morning	Hagra	torah	1:Numbers:28:1:28:3 2:Numbers:28:4:28:8 3:Numbers:28:6:28:10 4:Numbers:28:11:28:15
2035-04-10	chul|Tuesday|Metzora|RoshChodesh|morning	ALL	haftarah	-
2035-04-10	chul|Tuesday|Metzora|RoshChodesh|morning	ALL	maftir	-
2035-04-10	chul|Tuesday|Metzora|RoshChodesh|morning	Agadir+Algeria+Algiers+Ashkenaz+Baladi+Bavlim+Chabad+ChayeyOdom+Djerba+Fes+Frankfurt+Italki+Libya+Lita+Magreb+Marrakesh+Morocco+Persia+Poznan+PureSephardim+Romania+Sefard+Shami+Teiman+Toshbim	torah	1:Numbers:28:1:28:3 2:Numbers:28:3:28:5 3:Numbers:28:6:28:10 4:Numbers:28:11:28:15
2035-04-10	chul|Tuesday|Metzora|RoshChodesh|morning	Hagra	torah	1:Numbers:28:1:28:3 2:Numbers:28:4:28:8 3:Numbers:28:6:28:10 4:Numbers:28:11:28:15
2035-04-14	EY|shabbos|Metzora|-|afternoon	ALL	haftarah	-
2035-04-14	EY|shabbos|Metzora|-|afternoon	ALL	maftir	-
2035-04-14	EY|shabbos|Metzora|-|afternoon	ALL	torah	1:Leviticus:16:1:16:6 2:Leviticus:16:7:16:11 3:Leviticus:16:12:16:17
2035-04-14	EY|shabbos|Metzora|-|morning	ALL	maftir	Leviticus:15:31:15:33
2035-04-14	EY|shabbos|Metzora|-|morning	ALL	torah	1:Leviticus:14:1:14:12 2:Leviticus:14:13:14:20 3:Leviticus:14:21:14:32 4:Leviticus:14:33:14:53 5:Leviticus:14:54:15:15 6:Leviticus:15:16:15:28 7:Leviticus:15:29:15:33
2035-04-14	EY|shabbos|Metzora|-|morning	Agadir+Algeria+Algiers+Ashkenaz+Bavlim+Chabad+ChayeyOdom+Djerba+Fes+Frankfurt+Hagra+Libya+Lita+Magreb+Marrakesh+Morocco+Persia+Poznan+PureSephardim+Romania+Sefard+Toshbim	haftarah	KingsII:7:3:7:20
2035-04-14	EY|shabbos|Metzora|-|morning	Baladi+Italki+Shami+Teiman	haftarah	KingsII:7:1:7:20 KingsII:13:23:13:23
2035-04-14	chul|shabbos|Metzora|-|afternoon	ALL	haftarah	-
2035-04-14	chul|shabbos|Metzora|-|afternoon	ALL	maftir	-
2035-04-14	chul|shabbos|Metzora|-|afternoon	ALL	torah	1:Leviticus:16:1:16:6 2:Leviticus:16:7:16:11 3:Leviticus:16:12:16:17
2035-04-14	chul|shabbos|Metzora|-|morning	ALL	maftir	Leviticus:15:31:15:33
2035-04-14	chul|shabbos|Metzora|-|morning	ALL	torah	1:Leviticus:14:1:14:12 2:Leviticus:14:13:14:20 3:Leviticus:14:21:14:32 4:Leviticus:14:33:14:53 5:Leviticus:14:54:15:15 6:Leviticus:15:16:15:28 7:Leviticus:15:29:15:33
2035-04-14	chul|shabbos|Metzora|-|morning	Agadir+Algeria+Algiers+Ashkenaz+Bavlim+Chabad+ChayeyOdom+Djerba+Fes+Frankfurt+Hagra+Libya+Lita+Magreb+Marrakesh+Morocco+Persia+Poznan+PureSephardim+Romania+Sefard+Toshbim	haftarah	KingsII:7:3:7:20
2035-04-14	chul|shabbos|Metzora|-|morning	Baladi+Italki+Shami+Teiman	haftarah	KingsII:7:1:7:20 KingsII:13:23:13:23
2035-04-16	EY|Monday|Acharei|-|morning	ALL	haftarah	-
2035-04-16	EY|Monday|Acharei|-|morning	ALL	maftir	-
2035-04-16	EY|Monday|Acharei|-|morning	ALL	torah	1:Leviticus:16:1:16:6 2:Leviticus:16:7:16:11 3:Leviticus:16:12:16:17
2035-04-16	chul|Monday|Acharei|-|morning	ALL	haftarah	-
2035-04-16	chul|Monday|Acharei|-|morning	ALL	maftir	-
2035-04-16	chul|Monday|Acharei|-|morning	ALL	torah	1:Leviticus:16:1:16:6 2:Leviticus:16:7:16:11 3:Leviticus:16:12:16:17
2035-04-19	EY|Thursday|Acharei|-|morning	ALL	haftarah	-
2035-04-19	EY|Thursday|Acharei|-|morning	ALL	maftir	-
2035-04-19	EY|Thursday|Acharei|-|morning	ALL	torah	1:Leviticus:16:1:16:6 2:Leviticus:16:7:16:11 3:Leviticus:16:12:16:17
2035-04-19	chul|Thursday|Acharei|-|morning	ALL	haftarah	-
2035-04-19	chul|Thursday|Acharei|-|morning	ALL	maftir	-
2035-04-19	chul|Thursday|Acharei|-|morning	ALL	torah	1:Leviticus:16:1:16:6 2:Leviticus:16:7:16:11 3:Leviticus:16:12:16:17
2035-04-21	EY|shabbos|Acharei|ShabbosHagodol|afternoon	ALL	haftarah	-
2035-04-21	EY|shabbos|Acharei|ShabbosHagodol|afternoon	ALL	maftir	-
2035-04-21	EY|shabbos|Acharei|ShabbosHagodol|afternoon	ALL	torah	1:Leviticus:19:1:19:4 2:Leviticus:19:5:19:10 3:Leviticus:19:11:19:14
2035-04-21	EY|shabbos|Acharei|ShabbosHagodol|morning	ALL	maftir	Leviticus:18:28:18:30
2035-04-21	EY|shabbos|Acharei|ShabbosHagodol|morning	ALL	torah	1:Leviticus:16:1:16:17 2:Leviticus:16:18:16:24 3:Leviticus:16:25:16:34 4:Leviticus:17:1:17:7 5:Leviticus:17:8:18:5 6:Leviticus:18:6:18:21 7:Leviticus:18:22:18:30
2035-04-21	EY|shabbos|Acharei|ShabbosHagodol|morning	Agadir+Algeria+Algiers+Ashkenaz+Baladi+Bavlim+ChayeyOdom+Djerba+Fes+Frankfurt+Hagra+Italki+Libya+Lita+Magreb+Marrakesh+Morocco+Persia+Poznan+PureSephardim+Romania+Sefard+Shami+Teiman+Toshbim	haftarah	Malachi:3:4:3:24
2035-04-21	EY|shabbos|Acharei|ShabbosHagodol|morning	Chabad	haftarah	Amos:9:7:9:15
2035-04-21	chul|shabbos|Acharei|ShabbosHagodol|afternoon	ALL	haftarah	-
2035-04-21	chul|shabbos|Acharei|ShabbosHagodol|afternoon	ALL	maftir	-
2035-04-21	chul|shabbos|Acharei|ShabbosHagodol|afternoon	ALL	torah	1:Leviticus:19:1:19:4 2:Leviticus:19:5:19:10 3:Leviticus:19:11:19:14
2035-04-21	chul|shabbos|Acharei|ShabbosHagodol|morning	ALL	maftir	Leviticus:18:28:18:30
2035-04-21	chul|shabbos|Acharei|ShabbosHagodol|morning	ALL	torah	1:Leviticus:16:1:16:17 2:Leviticus:16:18:16:24 3:Leviticus:16:25:16:34 4:Leviticus:17:1:17:7 5:Leviticus:17:8:18:5 6:Leviticus:18:6:18:21 7:Leviticus:18:22:18:30
2035-04-21	chul|shabbos|Acharei|ShabbosHagodol|morning	Agadir+Algeria+Algiers+Ashkenaz+Baladi+Bavlim+ChayeyOdom+Djerba+Fes+Frankfurt+Hagra+Italki+Libya+Lita+Magreb+Marrakesh+Morocco+Persia+Poznan+PureSephardim+Romania+Sefard+Shami+Teiman+Toshbim	haftarah	Malachi:3:4:3:24
2035-04-21	chul|shabbos|Acharei|ShabbosHagodol|morning	Chabad	haftarah	Amos:9:7:9:15
2035-04-29	EY|Sunday|Kedoshim|Omer(5)+PesachIntermediate5InHolyLand|morning	ALL	haftarah	-
2035-04-29	EY|Sunday|Kedoshim|Omer(5)+PesachIntermediate5InHolyLand|morning	ALL	maftir	-
2035-04-29	EY|Sunday|Kedoshim|Omer(5)+PesachIntermediate5InHolyLand|morning	ALL	torah	1:Numbers:9:1:9:6 2:Numbers:9:7:9:8 3:Numbers:9:9:9:14 4:Numbers:28:19:28:25
2035-04-29	chul|Sunday|Kedoshim|Omer(5)+PesachIntermediate4|morning	ALL	haftarah	-
2035-04-29	chul|Sunday|Kedoshim|Omer(5)+PesachIntermediate4|morning	ALL	maftir	-
2035-04-29	chul|Sunday|Kedoshim|Omer(5)+PesachIntermediate4|morning	ALL	torah	1:Numbers:9:1:9:6 2:Numbers:9:7:9:8 3:Numbers:9:9:9:14 4:Numbers:28:19:28:25
2035-04-30	EY|Monday|Kedoshim|Omer(6)+Pesach7|morning	ALL	haftarah	SamuelII:22:1:22:51
2035-04-30	EY|Monday|Kedoshim|Omer(6)+Pesach7|morning	ALL	maftir	Numbers:28:19:28:25
2035-04-30	EY|Monday|Kedoshim|Omer(6)+Pesach7|morning	ALL	torah	1:Exodus:13:17:13:22 2:Exodus:14:1:14:8 3:Exodus:14:9:14:14 4:Exodus:14:15:14:25 5:Exodus:14:26:15:26
2035-04-30	chul|Monday|Kedoshim|Omer(6)+Pesach7|morning	ALL	haftarah	SamuelII:22:1:22:51
2035-04-30	chul|Monday|Kedoshim|Omer(6)+Pesach7|morning	ALL	maftir	Numbers:28:19:28:25
2035-04-30	chul|Monday|Kedoshim|Omer(6)+Pesach7|morning	ALL	torah	1:Exodus:13:17:13:22 2:Exodus:14:1:14:8 3:Exodus:14:9:14:14 4:Exodus:14:15:14:25 5:Exodus:14:26:15:26
2035-05-01	chul|Tuesday|Kedoshim|Omer(7)+Pesach8|morning	ALL	haftarah	Isaiah:10:32:12:6
2035-05-01	chul|Tuesday|Kedoshim|Omer(7)+Pesach8|morning	ALL	maftir	Numbers:28:19:28:25
2035-05-01	chul|Tuesday|Kedoshim|Omer(7)+Pesach8|morning	ALL	torah	1:Deuteronomy:15:19:15:23 2:Deuteronomy:16:1:16:3 3:Deuteronomy:16:4:16:8 4:Deuteronomy:16:9:16:12 5:Deuteronomy:16:13:16:17
2035-05-03	EY|Thursday|Kedoshim|Omer(9)|morning	ALL	haftarah	-
2035-05-03	EY|Thursday|Kedoshim|Omer(9)|morning	ALL	maftir	-
2035-05-03	EY|Thursday|Kedoshim|Omer(9)|morning	ALL	torah	1:Leviticus:19:1:19:4 2:Leviticus:19:5:19:10 3:Leviticus:19:11:19:14
2035-05-03	chul|Thursday|Kedoshim|Omer(9)|morning	ALL	haftarah	-
2035-05-03	chul|Thursday|Kedoshim|Omer(9)|morning	ALL	maftir	-
2035-05-03	chul|Thursday|Kedoshim|Omer(9)|morning	ALL	torah	1:Leviticus:19:1:19:4 2:Leviticus:19:5:19:10 3:Leviticus:19:11:19:14
2035-05-05	EY|shabbos|Kedoshim|Omer(11)|afternoon	ALL	haftarah	-
2035-05-05	EY|shabbos|Kedoshim|Omer(11)|afternoon	ALL	maftir	-
2035-05-05	EY|shabbos|Kedoshim|Omer(11)|afternoon	ALL	torah	1:Leviticus:21:1:21:6 2:Leviticus:21:7:21:12 3:Leviticus:21:13:21:15
2035-05-05	EY|shabbos|Kedoshim|Omer(11)|morning	ALL	maftir	Leviticus:20:25:20:27
2035-05-05	EY|shabbos|Kedoshim|Omer(11)|morning	ALL	torah	1:Leviticus:19:1:19:14 2:Leviticus:19:15:19:22 3:Leviticus:19:23:19:32 4:Leviticus:19:33:19:37 5:Leviticus:20:1:20:7 6:Leviticus:20:8:20:22 7:Leviticus:20:23:20:27
2035-05-05	EY|shabbos|Kedoshim|Omer(11)|morning	Agadir+Algeria+Algiers+Bavlim+Chabad+Djerba+Fes+Libya+Magreb+Marrakesh+Morocco+Persia+PureSephardim+Sefard+Toshbim	haftarah	Ezekiel:20:2:20:20
2035-05-05	EY|shabbos|Kedoshim|Omer(11)|morning	Ashkenaz+Frankfurt+Hagra+Poznan	haftarah	Amos:9:7:9:15
2035-05-05	EY|shabbos|Kedoshim|Omer(11)|morning	Baladi	haftarah	Ezekiel:20:1:20:15
2035-05-05	EY|shabbos|Kedoshim|Omer(11)|morning	ChayeyOdom+Lita	haftarah	Ezekiel:22:1:22:16
2035-05-05	EY|shabbos|Kedoshim|Omer(11)|morning	Italki+Shami+Teiman	haftarah	Ezekiel:20:1:20:20
2035-05-05	EY|shabbos|Kedoshim|Omer(11)|morning	Romania	haftarah	Isaiah:3:4:5:17
2035-05-05	chul|shabbos|Kedoshim|Omer(11)|afternoon	ALL	haftarah	-
2035-05-05	chul|shabbos|Kedoshim|Omer(11)|afternoon	ALL	maftir	-
2035-05-05	chul|shabbos|Kedoshim|Omer(11)|afternoon	ALL	torah	1:Leviticus:21:1:21:6 2:Leviticus:21:7:21:12 3:Leviticus:21:13:21:15
2035-05-05	chul|shabbos|Kedoshim|Omer(11)|morning	ALL	maftir	Leviticus:20:25:20:27
2035-05-05	chul|shabbos|Kedoshim|Omer(11)|morning	ALL	torah	1:Leviticus:19:1:19:14 2:Leviticus:19:15:19:22 3:Leviticus:19:23:19:32 4:Leviticus:19:33:19:37 5:Leviticus:20:1:20:7 6:Leviticus:20:8:20:22 7:Leviticus:20:23:20:27
2035-05-05	chul|shabbos|Kedoshim|Omer(11)|morning	Agadir+Algeria+Algiers+Bavlim+Chabad+Djerba+Fes+Libya+Magreb+Marrakesh+Morocco+Persia+PureSephardim+Sefard+Toshbim	haftarah	Ezekiel:20:2:20:20
2035-05-05	chul|shabbos|Kedoshim|Omer(11)|morning	Ashkenaz+Frankfurt+Hagra+Poznan	haftarah	Amos:9:7:9:15
2035-05-05	chul|shabbos|Kedoshim|Omer(11)|morning	Baladi	haftarah	Ezekiel:20:1:20:15
2035-05-05	chul|shabbos|Kedoshim|Omer(11)|morning	ChayeyOdom+Lita	haftarah	Ezekiel:22:1:22:16
2035-05-05	chul|shabbos|Kedoshim|Omer(11)|morning	Italki+Shami+Teiman	haftarah	Ezekiel:20:1:20:20
2035-05-05	chul|shabbos|Kedoshim|Omer(11)|morning	Romania	haftarah	Isaiah:3:4:5:17
2035-05-07	EY|Monday|Emor|Omer(13)|morning	ALL	haftarah	-
2035-05-07	EY|Monday|Emor|Omer(13)|morning	ALL	maftir	-
2035-05-07	EY|Monday|Emor|Omer(13)|morning	ALL	torah	1:Leviticus:21:1:21:6 2:Leviticus:21:7:21:12 3:Leviticus:21:13:21:15
2035-05-07	chul|Monday|Emor|Omer(13)|morning	ALL	haftarah	-
2035-05-07	chul|Monday|Emor|Omer(13)|morning	ALL	maftir	-
2035-05-07	chul|Monday|Emor|Omer(13)|morning	ALL	torah	1:Leviticus:21:1:21:6 2:Leviticus:21:7:21:12 3:Leviticus:21:13:21:15
2035-05-09	EY|Wednesday|Emor|ErevRoshChodesh+Omer(15)+RoshChodesh|morning	ALL	haftarah	-
2035-05-09	EY|Wednesday|Emor|ErevRoshChodesh+Omer(15)+RoshChodesh|morning	ALL	maftir	-
2035-05-09	EY|Wednesday|Emor|ErevRoshChodesh+Omer(15)+RoshChodesh|morning	Agadir+Algeria+Algiers+Ashkenaz+Baladi+Bavlim+Chabad+ChayeyOdom+Djerba+Fes+Frankfurt+Italki+Libya+Lita+Magreb+Marrakesh+Morocco+Persia+Poznan+PureSephardim+Romania+Sefard+Shami+Teiman+Toshbim	torah	1:Numbers:28:1:28:3 2:Numbers:28:3:28:5 3:Numbers:28:6:28:10 4:Numbers:28:11:28:15
2035-05-09	EY|Wednesday|Emor|ErevRoshChodesh+Omer(15)+RoshChodesh|morning	Hagra	torah	1:Numbers:28:1:28:3 2:Numbers:28:4:28:8 3:Numbers:28:6:28:10 4:Numbers:28:11:28:15
2035-05-09	chul|Wednesday|Emor|ErevRoshChodesh+Omer(15)+RoshChodesh|morning	ALL	haftarah	-
2035-05-09	chul|Wednesday|Emor|ErevRoshChodesh+Omer(15)+RoshChodesh|morning	ALL	maftir	-
2035-05-09	chul|Wednesday|Emor|ErevRoshChodesh+Omer(15)+RoshChodesh|morning	Agadir+Algeria+Algiers+Ashkenaz+Baladi+Bavlim+Chabad+ChayeyOdom+Djerba+Fes+Frankfurt+Italki+Libya+Lita+Magreb+Marrakesh+Morocco+Persia+Poznan+PureSephardim+Romania+Sefard+Shami+Teiman+Toshbim	torah	1:Numbers:28:1:28:3 2:Numbers:28:3:28:5 3:Numbers:28:6:28:10 4:Numbers:28:11:28:15
2035-05-09	chul|Wednesday|Emor|ErevRoshChodesh+Omer(15)+RoshChodesh|morning	Hagra	torah	1:Numbers:28:1:28:3 2:Numbers:28:4:28:8 3:Numbers:28:6:28:10 4:Numbers:28:11:28:15
2035-05-10	EY|Thursday|Emor|Omer(16)+RoshChodesh|morning	ALL	haftarah	-
2035-05-10	EY|Thursday|Emor|Omer(16)+RoshChodesh|morning	ALL	maftir	-
2035-05-10	EY|Thursday|Emor|Omer(16)+RoshChodesh|morning	Agadir+Algeria+Algiers+Ashkenaz+Baladi+Bavlim+Chabad+ChayeyOdom+Djerba+Fes+Frankfurt+Italki+Libya+Lita+Magreb+Marrakesh+Morocco+Persia+Poznan+PureSephardim+Romania+Sefard+Shami+Teiman+Toshbim	torah	1:Numbers:28:1:28:3 2:Numbers:28:3:28:5 3:Numbers:28:6:28:10 4:Numbers:28:11:28:15
2035-05-10	EY|Thursday|Emor|Omer(16)+RoshChodesh|morning	Hagra	torah	1:Numbers:28:1:28:3 2:Numbers:28:4:28:8 3:Numbers:28:6:28:10 4:Numbers:28:11:28:15
2035-05-10	chul|Thursday|Emor|Omer(16)+RoshChodesh|morning	ALL	haftarah	-
2035-05-10	chul|Thursday|Emor|Omer(16)+RoshChodesh|morning	ALL	maftir	-
2035-05-10	chul|Thursday|Emor|Omer(16)+RoshChodesh|morning	Agadir+Algeria+Algiers+Ashkenaz+Baladi+Bavlim+Chabad+ChayeyOdom+Djerba+Fes+Frankfurt+Italki+Libya+Lita+Magreb+Marrakesh+Morocco+Persia+Poznan+PureSephardim+Romania+Sefard+Shami+Teiman+Toshbim	torah	1:Numbers:28:1:28:3 2:Numbers:28:3:28:5 3:Numbers:28:6:28:10 4:Numbers:28:11:28:15
2035-05-10	chul|Thursday|Emor|Omer(16)+RoshChodesh|morning	Hagra	torah	1:Numbers:28:1:28:3 2:Numbers:28:4:28:8 3:Numbers:28:6:28:10 4:Numbers:28:11:28:15
2035-05-12	EY|shabbos|Emor|Omer(18)|afternoon	ALL	haftarah	-
2035-05-12	EY|shabbos|Emor|Omer(18)|afternoon	ALL	maftir	-
2035-05-12	EY|shabbos|Emor|Omer(18)|afternoon	ALL	torah	1:Leviticus:25:1:25:3 2:Leviticus:25:4:25:7 3:Leviticus:25:8:25:13
2035-05-12	EY|shabbos|Emor|Omer(18)|morning	ALL	haftarah	Ezekiel:44:15:44:31
2035-05-12	EY|shabbos|Emor|Omer(18)|morning	ALL	maftir	Leviticus:24:21:24:23
2035-05-12	EY|shabbos|Emor|Omer(18)|morning	ALL	torah	1:Leviticus:21:1:21:15 2:Leviticus:21:16:22:16 3:Leviticus:22:17:22:33 4:Leviticus:23:1:23:22 5:Leviticus:23:23:23:32 6:Leviticus:23:33:23:44 7:Leviticus:24:1:24:23
2035-05-12	chul|shabbos|Emor|Omer(18)|afternoon	ALL	haftarah	-
2035-05-12	chul|shabbos|Emor|Omer(18)|afternoon	ALL	maftir	-
2035-05-12	chul|shabbos|Emor|Omer(18)|afternoon	ALL	torah	1:Leviticus:25:1:25:3 2:Leviticus:25:4:25:7 3:Leviticus:25:8:25:13
2035-05-12	chul|shabbos|Emor|Omer(18)|morning	ALL	haftarah	Ezekiel:44:15:44:31
2035-05-12	chul|shabbos|Emor|Omer(18)|morning	ALL	maftir	Leviticus:24:21:24:23
2035-05-12	chul|shabbos|Emor|Omer(18)|morning	ALL	torah	1:Leviticus:21:1:21:15 2:Leviticus:21:16:22:16 3:Leviticus:22:17:22:33 4:Leviticus:23:1:23:22 5:Leviticus:23:23:23:32 6:Leviticus:23:33:23:44 7:Leviticus:24:1:24:23
2035-05-14	EY|Monday|Behar|Omer(20)|morning	ALL	haftarah	-
2035-05-14	EY|Monday|Behar|Omer(20)|morning	ALL	maftir	-
2035-05-14	EY|Monday|Behar|Omer(20)|morning	ALL	torah	1:Leviticus:25:1:25:3 2:Leviticus:25:4:25:7 3:Leviticus:25:8:25:13
2035-05-14	chul|Monday|Behar|Omer(20)|morning	ALL	haftarah	-
2035-05-14	chul|Monday|Behar|Omer(20)|morning	ALL	maftir	-
2035-05-14	chul|Monday|Behar|Omer(20)|morning	ALL	torah	1:Leviticus:25:1:25:3 2:Leviticus:25:4:25:7 3:Leviticus:25:8:25:13
2035-05-17	EY|Thursday|Behar|Omer(23)|morning	ALL	haftarah	-
2035-05-17	EY|Thursday|Behar|Omer(23)|morning	ALL	maftir	-
2035-05-17	EY|Thursday|Behar|Omer(23)|morning	ALL	torah	1:Leviticus:25:1:25:3 2:Leviticus:25:4:25:7 3:Leviticus:25:8:25:13
2035-05-17	chul|Thursday|Behar|Omer(23)|morning	ALL	haftarah	-
2035-05-17	chul|Thursday|Behar|Omer(23)|morning	ALL	maftir	-
2035-05-17	chul|Thursday|Behar|Omer(23)|morning	ALL	torah	1:Leviticus:25:1:25:3 2:Leviticus:25:4:25:7 3:Leviticus:25:8:25:13
2035-05-19	EY|shabbos|Behar|Omer(25)|afternoon	ALL	haftarah	-
2035-05-19	EY|shabbos|Behar|Omer(25)|afternoon	ALL	maftir	-
2035-05-19	EY|shabbos|Behar|Omer(25)|afternoon	ALL	torah	1:Leviticus:26:3:26:5 2:Leviticus:26:6:26:9 3:Leviticus:26:10:26:13
2035-05-19	EY|shabbos|Behar|Omer(25)|morning	ALL	maftir	Leviticus:25:55:26:2
2035-05-19	EY|shabbos|Behar|Omer(25)|morning	ALL	torah	1:Leviticus:25:1:25:13 2:Leviticus:25:14:25:18 3:Leviticus:25:19:25:24 4:Leviticus:25:25:25:28 5:Leviticus:25:29:25:38 6:Leviticus:25:39:25:46 7:Leviticus:25:47:26:2
2035-05-19	EY|shabbos|Behar|Omer(25)|morning	Agadir+Algeria+Algiers+Ashkenaz+Bavlim+ChayeyOdom+Djerba+Fes+Frankfurt+Hagra+Libya+Lita+Magreb+Marrakesh+Morocco+Persia+PureSephardim+Romania+Sefard+Toshbim	haftarah	Jeremiah:32:6:32:27
2035-05-19	EY|shabbos|Behar|Omer(25)|morning	Baladi+Italki+Shami+Teiman	haftarah	Jeremiah:16:19:17:14
2035-05-19	EY|shabbos|Behar|Omer(25)|morning	Chabad+Poznan	haftarah	Jeremiah:32:6:32:22
2035-05-19	chul|shabbos|Behar|Omer(25)|afternoon	ALL	haftarah	-
2035-05-19	chul|shabbos|Behar|Omer(25)|afternoon	ALL	maftir	-
2035-05-19	chul|shabbos|Behar|Omer(25)|afternoon	ALL	torah	1:Leviticus:26:3:26:5 2:Leviticus:26:6:26:9 3:Leviticus:26:10:26:13
2035-05-19	chul|shabbos|Behar|Omer(25)|morning	ALL	maftir	Leviticus:25:55:26:2
2035-05-19	chul|shabbos|Behar|Omer(25)|morning	ALL	torah	1:Leviticus:25:1:25:13 2:Leviticus:25:14:25:18 3:Leviticus:25:19:25:24 4:Leviticus:25:25:25:28 5:Leviticus:25:29:25:38 6:Leviticus:25:39:25:46 7:Leviticus:25:47:26:2
2035-05-19	chul|shabbos|Behar|Omer(25)|morning	Agadir+Algeria+Algiers+Ashkenaz+Bavlim+ChayeyOdom+Djerba+Fes+Frankfurt+Hagra+Libya+Lita+Magreb+Marrakesh+Morocco+Persia+PureSephardim+Romania+Sefard+Toshbim	haftarah	Jeremiah:32:6:32:27
2035-05-19	chul|shabbos|Behar|Omer(25)|morning	Baladi+Italki+Shami+Teiman	haftarah	Jeremiah:16:19:17:14
2035-05-19	chul|shabbos|Behar|Omer(25)|morning	Chabad+Poznan	haftarah	Jeremiah:32:6:32:22
2035-05-21	EY|Monday|Bechukosai|Omer(27)|morning	ALL	haftarah	-
2035-05-21	EY|Monday|Bechukosai|Omer(27)|morning	ALL	maftir	-
2035-05-21	EY|Monday|Bechukosai|Omer(27)|morning	ALL	torah	1:Leviticus:26:3:26:5 2:Leviticus:26:6:26:9 3:Leviticus:26:10:26:13
2035-05-21	chul|Monday|Bechukosai|Omer(27)|morning	ALL	haftarah	-
2035-05-21	chul|Monday|Bechukosai|Omer(27)|morning	ALL	maftir	-
2035-05-21	chul|Monday|Bechukosai|Omer(27)|morning	ALL	torah	1:Leviticus:26:3:26:5 2:Leviticus:26:6:26:9 3:Leviticus:26:10:26:13
2035-05-24	EY|Thursday|Bechukosai|Omer(30)|morning	ALL	haftarah	-
2035-05-24	EY|Thursday|Bechukosai|Omer(30)|morning	ALL	maftir	-
2035-05-24	EY|Thursday|Bechukosai|Omer(30)|morning	ALL	torah	1:Leviticus:26:3:26:5 2:Leviticus:26:6:26:9 3:Leviticus:26:10:26:13
2035-05-24	chul|Thursday|Bechukosai|Omer(30)|morning	ALL	haftarah	-
2035-05-24	chul|Thursday|Bechukosai|Omer(30)|morning	ALL	maftir	-
2035-05-24	chul|Thursday|Bechukosai|Omer(30)|morning	ALL	torah	1:Leviticus:26:3:26:5 2:Leviticus:26:6:26:9 3:Leviticus:26:10:26:13
2035-05-26	EY|shabbos|Bechukosai|Omer(32)|afternoon	ALL	haftarah	-
2035-05-26	EY|shabbos|Bechukosai|Omer(32)|afternoon	ALL	maftir	-
2035-05-26	EY|shabbos|Bechukosai|Omer(32)|afternoon	ALL	torah	1:Numbers:1:1:1:4 2:Numbers:1:5:1:16 3:Numbers:1:17:1:19
2035-05-26	EY|shabbos|Bechukosai|Omer(32)|morning	ALL	maftir	Leviticus:27:32:27:34
2035-05-26	EY|shabbos|Bechukosai|Omer(32)|morning	ALL	torah	1:Leviticus:26:3:26:5 2:Leviticus:26:6:26:9 3:Leviticus:26:10:26:46 4:Leviticus:27:1:27:15 5:Leviticus:27:16:27:21 6:Leviticus:27:22:27:28 7:Leviticus:27:29:27:34
2035-05-26	EY|shabbos|Bechukosai|Omer(32)|morning	Agadir+Algeria+Algiers+Ashkenaz+Bavlim+Chabad+ChayeyOdom+Djerba+Fes+Frankfurt+Hagra+Libya+Lita+Magreb+Marrakesh+Morocco+Persia+PureSephardim+Romania+Sefard+Toshbim	haftarah	Jeremiah:16:19:17:14
2035-05-26	EY|shabbos|Bechukosai|Omer(32)|morning	Baladi+Shami+Teiman	haftarah	Ezekiel:34:1:34:27
2035-05-26	EY|shabbos|Bechukosai|Omer(32)|morning	Italki+Poznan	haftarah	Ezekiel:34:1:34:15
2035-05-26	chul|shabbos|Bechukosai|Omer(32)|afternoon	ALL	haftarah	-
2035-05-26	chul|shabbos|Bechukosai|Omer(32)|afternoon	ALL	maftir	-
2035-05-26	chul|shabbos|Bechukosai|Omer(32)|afternoon	ALL	torah	1:Numbers:1:1:1:4 2:Numbers:1:5:1:16 3:Numbers:1:17:1:19
2035-05-26	chul|shabbos|Bechukosai|Omer(32)|morning	ALL	maftir	Leviticus:27:32:27:34
2035-05-26	chul|shabbos|Bechukosai|Omer(32)|morning	ALL	torah	1:Leviticus:26:3:26:5 2:Leviticus:26:6:26:9 3:Leviticus:26:10:26:46 4:Leviticus:27:1:27:15 5:Leviticus:27:16:27:21 6:Leviticus:27:22:27:28 7:Leviticus:27:29:27:34
2035-05-26	chul|shabbos|Bechukosai|Omer(32)|morning	Agadir+Algeria+Algiers+Ashkenaz+Bavlim+Chabad+ChayeyOdom+Djerba+Fes+Frankfurt+Hagra+Libya+Lita+Magreb+Marrakesh+Morocco+Persia+PureSephardim+Romania+Sefard+Toshbim	haftarah	Jeremiah:16:19:17:14
2035-05-26	chul|shabbos|Bechukosai|Omer(32)|morning	Baladi+Shami+Teiman	haftarah	Ezekiel:34:1:34:27
2035-05-26	chul|shabbos|Bechukosai|Omer(32)|morning	Italki+Poznan	haftarah	Ezekiel:34:1:34:15
2035-05-28	EY|Monday|Bemidbar|Omer(34)|morning	ALL	haftarah	-
2035-05-28	EY|Monday|Bemidbar|Omer(34)|morning	ALL	maftir	-
2035-05-28	EY|Monday|Bemidbar|Omer(34)|morning	ALL	torah	1:Numbers:1:1:1:4 2:Numbers:1:5:1:16 3:Numbers:1:17:1:19
2035-05-28	chul|Monday|Bemidbar|Omer(34)|morning	ALL	haftarah	-
2035-05-28	chul|Monday|Bemidbar|Omer(34)|morning	ALL	maftir	-
2035-05-28	chul|Monday|Bemidbar|Omer(34)|morning	ALL	torah	1:Numbers:1:1:1:4 2:Numbers:1:5:1:16 3:Numbers:1:17:1:19
2035-05-31	EY|Thursday|Bemidbar|Omer(37)|morning	ALL	haftarah	-
2035-05-31	EY|Thursday|Bemidbar|Omer(37)|morning	ALL	maftir	-
2035-05-31	EY|Thursday|Bemidbar|Omer(37)|morning	ALL	torah	1:Numbers:1:1:1:4 2:Numbers:1:5:1:16 3:Numbers:1:17:1:19
2035-05-31	chul|Thursday|Bemidbar|Omer(37)|morning	ALL	haftarah	-
2035-05-31	chul|Thursday|Bemidbar|Omer(37)|morning	ALL	maftir	-
2035-05-31	chul|Thursday|Bemidbar|Omer(37)|morning	ALL	torah	1:Numbers:1:1:1:4 2:Numbers:1:5:1:16 3:Numbers:1:17:1:19
2035-06-02	EY|shabbos|Bemidbar|Omer(39)|afternoon	ALL	haftarah	-
2035-06-02	EY|shabbos|Bemidbar|Omer(39)|afternoon	ALL	maftir	-
2035-06-02	EY|shabbos|Bemidbar|Omer(39)|afternoon	ALL	torah	1:Numbers:4:21:4:24 2:Numbers:4:25:4:28 3:Numbers:4:29:4:37
2035-06-02	EY|shabbos|Bemidbar|Omer(39)|morning	ALL	haftarah	Hosea:2:1:2:22
2035-06-02	EY|shabbos|Bemidbar|Omer(39)|morning	ALL	maftir	Numbers:4:17:4:20
2035-06-02	EY|shabbos|Bemidbar|Omer(39)|morning	ALL	torah	1:Numbers:1:1:1:19 2:Numbers:1:20:1:54 3:Numbers:2:1:2:34 4:Numbers:3:1:3:13 5:Numbers:3:14:3:39 6:Numbers:3:40:3:51 7:Numbers:4:1:4:20
2035-06-02	chul|shabbos|Bemidbar|Omer(39)|afternoon	ALL	haftarah	-
2035-06-02	chul|shabbos|Bemidbar|Omer(39)|afternoon	ALL	maftir	-
2035-06-02	chul|shabbos|Bemidbar|Omer(39)|afternoon	ALL	torah	1:Numbers:4:21:4:24 2:Numbers:4:25:4:28 3:Numbers:4:29:4:37
2035-06-02	chul|shabbos|Bemidbar|Omer(39)|morning	ALL	haftarah	Hosea:2:1:2:22
2035-06-02	chul|shabbos|Bemidbar|Omer(39)|morning	ALL	maftir	Numbers:4:17:4:20
2035-06-02	chul|shabbos|Bemidbar|Omer(39)|morning	ALL	torah	1:Numbers:1:1:1:19 2:Numbers:1:20:1:54 3:Numbers:2:1:2:34 4:Numbers:3:1:3:13 5:Numbers:3:14:3:39 6:Numbers:3:40:3:51 7:Numbers:4:1:4:20
2035-06-04	EY|Monday|Nasso|Omer(41)|morning	ALL	haftarah	-
2035-06-04	EY|Monday|Nasso|Omer(41)|morning	ALL	maftir	-
2035-06-04	EY|Monday|Nasso|Omer(41)|morning	ALL	torah	1:Numbers:4:21:4:24 2:Numbers:4:25:4:28 3:Numbers:4:29:4:37
2035-06-04	chul|Monday|Nasso|Omer(41)|morning	ALL	haftarah	-
2035-06-04	chul|Monday|Nasso|Omer(41)|morning	ALL	maftir	-
2035-06-04	chul|Monday|Nasso|Omer(41)|morning	ALL	torah	1:Numbers:4:21:4:24 2:Numbers:4:25:4:28 3:Numbers:4:29:4:37
2035-06-07	EY|Thursday|Nasso|ErevRoshChodesh+Omer(44)|morning	ALL	haftarah	-
2035-06-07	EY|Thursday|Nasso|ErevRoshChodesh+Omer(44)|morning	ALL	maftir	-
2035-06-07	EY|Thursday|Nasso|ErevRoshChodesh+Omer(44)|morning	ALL	torah	1:Numbers:4:21:4:24 2:Numbers:4:25:4:28 3:Numbers:4:29:4:37
2035-06-07	chul|Thursday|Nasso|ErevRoshChodesh+Omer(44)|morning	ALL	haftarah	-
2035-06-07	chul|Thursday|Nasso|ErevRoshChodesh+Omer(44)|morning	ALL	maftir	-
2035-06-07	chul|Thursday|Nasso|ErevRoshChodesh+Omer(44)|morning	ALL	torah	1:Numbers:4:21:4:24 2:Numbers:4:25:4:28 3:Numbers:4:29:4:37
2035-06-08	EY|Friday|Nasso|Omer(45)+RoshChodesh|morning	ALL	haftarah	-
2035-06-08	EY|Friday|Nasso|Omer(45)+RoshChodesh|morning	ALL	maftir	-
2035-06-08	EY|Friday|Nasso|Omer(45)+RoshChodesh|morning	Agadir+Algeria+Algiers+Ashkenaz+Baladi+Bavlim+Chabad+ChayeyOdom+Djerba+Fes+Frankfurt+Italki+Libya+Lita+Magreb+Marrakesh+Morocco+Persia+Poznan+PureSephardim+Romania+Sefard+Shami+Teiman+Toshbim	torah	1:Numbers:28:1:28:3 2:Numbers:28:3:28:5 3:Numbers:28:6:28:10 4:Numbers:28:11:28:15
2035-06-08	EY|Friday|Nasso|Omer(45)+RoshChodesh|morning	Hagra	torah	1:Numbers:28:1:28:3 2:Numbers:28:4:28:8 3:Numbers:28:6:28:10 4:Numbers:28:11:28:15
2035-06-08	chul|Friday|Nasso|Omer(45)+RoshChodesh|morning	ALL	haftarah	-
2035-06-08	chul|Friday|Nasso|Omer(45)+RoshChodesh|morning	ALL	maftir	-
2035-06-08	chul|Friday|Nasso|Omer(45)+RoshChodesh|morning	Agadir+Algeria+Algiers+Ashkenaz+Baladi+Bavlim+Chabad+ChayeyOdom+Djerba+Fes+Frankfurt+Italki+Libya+Lita+Magreb+Marrakesh+Morocco+Persia+Poznan+PureSephardim+Romania+Sefard+Shami+Teiman+Toshbim	torah	1:Numbers:28:1:28:3 2:Numbers:28:3:28:5 3:Numbers:28:6:28:10 4:Numbers:28:11:28:15
2035-06-08	chul|Friday|Nasso|Omer(45)+RoshChodesh|morning	Hagra	torah	1:Numbers:28:1:28:3 2:Numbers:28:4:28:8 3:Numbers:28:6:28:10 4:Numbers:28:11:28:15
2035-06-09	EY|shabbos|Nasso|Omer(46)|afternoon	ALL	haftarah	-
2035-06-09	EY|shabbos|Nasso|Omer(46)|afternoon	ALL	maftir	-
2035-06-09	EY|shabbos|Nasso|Omer(46)|afternoon	ALL	torah	1:Numbers:8:1:8:4 2:Numbers:8:5:8:9 3:Numbers:8:10:8:14
2035-06-09	EY|shabbos|Nasso|Omer(46)|morning	ALL	maftir	Numbers:7:87:7:89
2035-06-09	EY|shabbos|Nasso|Omer(46)|morning	Agadir+Algeria+Algiers+Ashkenaz+Baladi+Bavlim+ChayeyOdom+Djerba+Fes+Frankfurt+Hagra+Italki+Libya+Lita+Magreb+Marrakesh+Morocco+Persia+Poznan+PureSephardim+Romania+Sefard+Shami+Teiman+Toshbim	torah	1:Numbers:4:21:4:37 2:Numbers:4:38:4:49 3:Numbers:5:1:5:10 4:Numbers:5:11:6:27 5:Numbers:7:1:7:41 6:Numbers:7:42:7:71 7:Numbers:7:72:7:89
2035-06-09	EY|shabbos|Nasso|Omer(46)|morning	Agadir+Algeria+Algiers+Ashkenaz+Bavlim+Chabad+ChayeyOdom+Djerba+Fes+Frankfurt+Hagra+Italki+Libya+Lita+Magreb+Marrakesh+Morocco+Persia+Poznan+PureSephardim+Romania+Sefard+Toshbim	haftarah	Judges:13:2:13:25
2035-06-09	EY|shabbos|Nasso|Omer(46)|morning	Baladi+Shami+Teiman	haftarah	Judges:13:2:13:24
2035-06-09	EY|shabbos|Nasso|Omer(46)|morning	Chabad	torah	1:Numbers:4:21:4:37 2:Numbers:4:38:4:49 3:Numbers:5:1:5:10 4:Numbers:5:11:6:27 5:Numbers:7:1:7:41 6:Numbers:7:42:7:83 7:Numbers:7:84:7:89
2035-06-09	chul|shabbos|Nasso|Omer(46)|afternoon	ALL	haftarah	-
2035-06-09	chul|shabbos|Nasso|Omer(46)|afternoon	ALL	maftir	-
2035-06-09	chul|shabbos|Nasso|Omer(46)|afternoon	ALL	torah	1:Numbers:8:1:8:4 2:Numbers:8:5:8:9 3:Numbers:8:10:8:14
2035-06-09	chul|shabbos|Nasso|Omer(46)|morning	ALL	maftir	Numbers:7:87:7:89
2035-06-09	chul|shabbos|Nasso|Omer(46)|morning	Agadir+Algeria+Algiers+Ashkenaz+Baladi+Bavlim+ChayeyOdom+Djerba+Fes+Frankfurt+Hagra+Italki+Libya+Lita+Magreb+Marrakesh+Morocco+Persia+Poznan+PureSephardim+Romania+Sefard+Shami+Teiman+Toshbim	torah	1:Numbers:4:21:4:37 2:Numbers:4:38:4:49 3:Numbers:5:1:5:10 4:Numbers:5:11:6:27 5:Numbers:7:1:7:41 6:Numbers:7:42:7:71 7:Numbers:7:72:7:89
2035-06-09	chul|shabbos|Nasso|Omer(46)|morning	Agadir+Algeria+Algiers+Ashkenaz+Bavlim+Chabad+ChayeyOdom+Djerba+Fes+Frankfurt+Hagra+Italki+Libya+Lita+Magreb+Marrakesh+Morocco+Persia+Poznan+PureSephardim+Romania+Sefard+Toshbim	haftarah	Judges:13:2:13:25
2035-06-09	chul|shabbos|Nasso|Omer(46)|morning	Baladi+Shami+Teiman	haftarah	Judges:13:2:13:24
2035-06-09	chul|shabbos|Nasso|Omer(46)|morning	Chabad	torah	1:Numbers:4:21:4:37 2:Numbers:4:38:4:49 3:Numbers:5:1:5:10 4:Numbers:5:11:6:27 5:Numbers:7:1:7:41 6:Numbers:7:42:7:83 7:Numbers:7:84:7:89
2035-06-11	EY|Monday|Beha_aloscha|Omer(48)|morning	ALL	haftarah	-
2035-06-11	EY|Monday|Beha_aloscha|Omer(48)|morning	ALL	maftir	-
2035-06-11	EY|Monday|Beha_aloscha|Omer(48)|morning	ALL	torah	1:Numbers:8:1:8:4 2:Numbers:8:5:8:9 3:Numbers:8:10:8:14
2035-06-11	chul|Monday|Beha_aloscha|Omer(48)|morning	ALL	haftarah	-
2035-06-11	chul|Monday|Beha_aloscha|Omer(48)|morning	ALL	maftir	-
2035-06-11	chul|Monday|Beha_aloscha|Omer(48)|morning	ALL	torah	1:Numbers:8:1:8:4 2:Numbers:8:5:8:9 3:Numbers:8:10:8:14
2035-06-13	EY|Wednesday|Beha_aloscha|Shavuos1|morning	ALL	maftir	Numbers:28:26:28:31
2035-06-13	EY|Wednesday|Beha_aloscha|Shavuos1|morning	ALL	torah	1:Exodus:19:1:19:6 2:Exodus:19:7:19:13 3:Exodus:19:14:19:19 4:Exodus:19:20:20:14 5:Exodus:20:15:20:22
2035-06-13	EY|Wednesday|Beha_aloscha|Shavuos1|morning	Agadir+Algeria+Algiers+Ashkenaz+Bavlim+Chabad+ChayeyOdom+Djerba+Fes+Frankfurt+Hagra+Italki+Libya+Lita+Magreb+Marrakesh+Morocco+Persia+Poznan+PureSephardim+Romania+Sefard+Toshbim	haftarah	Ezekiel:1:1:1:28 Ezekiel:3:12:3:12
2035-06-13	EY|Wednesday|Beha_aloscha|Shavuos1|morning	Baladi+Shami+Teiman	haftarah	Ezekiel:1:1:2:2 Ezekiel:3:12:3:12
2035-06-13	chul|Wednesday|Beha_aloscha|Shavuos1|morning	ALL	maftir	Numbers:28:26:28:31
2035-06-13	chul|Wednesday|Beha_aloscha|Shavuos1|morning	ALL	torah	1:Exodus:19:1:19:6 2:Exodus:19:7:19:13 3:Exodus:19:14:19:19 4:Exodus:19:20:20:14 5:Exodus:20:15:20:22
2035-06-13	chul|Wednesday|Beha_aloscha|Shavuos1|morning	Agadir+Algeria+Algiers+Ashkenaz+Bavlim+Chabad+ChayeyOdom+Djerba+Fes+Frankfurt+Hagra+Italki+Libya+Lita+Magreb+Marrakesh+Morocco+Persia+Poznan+PureSephardim+Romania+Sefard+Toshbim	haftarah	Ezekiel:1:1:1:28 Ezekiel:3:12:3:12
2035-06-13	chul|Wednesday|Beha_aloscha|Shavuos1|morning	Baladi+Shami+Teiman	haftarah	Ezekiel:1:1:2:2 Ezekiel:3:12:3:12
2035-06-14	chul|Thursday|Beha_aloscha|Shavuos2|morning	ALL	maftir	Numbers:28:26:28:31
2035-06-14	chul|Thursday|Beha_aloscha|Shavuos2|morning	ALL	torah	1:Deuteronomy:15:19:15:23 2:Deuteronomy:16:1:16:3 3:Deuteronomy:16:4:16:8 4:Deuteronomy:16:9:16:12 5:Deuteronomy:16:13:16:17
2035-06-14	chul|Thursday|Beha_aloscha|Shavuos2|morning	Agadir+Algeria+Algiers+Baladi+Bavlim+Chabad+Djerba+Fes+Italki+Libya+Magreb+Marrakesh+Morocco+Persia+PureSephardim+Sefard+Shami+Teiman+Toshbim	haftarah	Habakkuk:2:20:3:19
2035-06-14	chul|Thursday|Beha_aloscha|Shavuos2|morning	Ashkenaz+ChayeyOdom+Frankfurt+Hagra+Lita+Poznan+Romania	haftarah	Habakkuk:3:1:3:19
2035-07-07	EY|shabbos|Chukas|ErevRoshChodesh+RoshChodesh|afternoon	ALL	haftarah	-
2035-07-07	EY|shabbos|Chukas|ErevRoshChodesh+RoshChodesh|afternoon	ALL	maftir	-
2035-07-07	EY|shabbos|Chukas|ErevRoshChodesh+RoshChodesh|afternoon	ALL	torah	1:Numbers:22:2:22:4 2:Numbers:22:5:22:7 3:Numbers:22:8:22:12
2035-07-07	EY|shabbos|Chukas|ErevRoshChodesh+RoshChodesh|morning	ALL	maftir	Numbers:28:9:28:15
2035-07-07	EY|shabbos|Chukas|ErevRoshChodesh+RoshChodesh|morning	ALL	torah	1:Numbers:19:1:19:17 2:Numbers:19:18:20:6 3:Numbers:20:7:20:13 4:Numbers:20:14:20:21 5:Numbers:20:22:21:9 6:Numbers:21:10:21:20 7:Numbers:21:21:22:1
2035-07-07	EY|shabbos|Chukas|ErevRoshChodesh+RoshChodesh|morning	Agadir+Algeria+Algiers+Ashkenaz+Baladi+Bavlim+ChayeyOdom+Djerba+Frankfurt+Hagra+Italki+Libya+Lita+Magreb+Marrakesh+Morocco+Persia+Poznan+PureSephardim+Romania+Sefard+Shami+Teiman+Toshbim	haftarah	Isaiah:66:1:66:24 Isaiah:66:23:66:23
2035-07-07	EY|shabbos|Chukas|ErevRoshChodesh+RoshChodesh|morning	Chabad+Fes	haftarah	Isaiah:66:1:66:24 Isaiah:66:23:66:23 SamuelI:20:18:20:18 SamuelI:20:42:20:42
2035-07-07	chul|shabbos|Chukas|ErevRoshChodesh+RoshChodesh|afternoon	ALL	haftarah	-
2035-07-07	chul|shabbos|Chukas|ErevRoshChodesh+RoshChodesh|afternoon	ALL	maftir	-
2035-07-07	chul|shabbos|Chukas|ErevRoshChodesh+RoshChodesh|afternoon	ALL	torah	1:Numbers:22:2:22:4 2:Numbers:22:5:22:7 3:Numbers:22:8:22:12
2035-07-07	chul|shabbos|Chukas|ErevRoshChodesh+RoshChodesh|morning	ALL	maftir	Numbers:28:9:28:15
2035-07-07	chul|shabbos|Chukas|ErevRoshChodesh+RoshChodesh|morning	ALL	torah	1:Numbers:19:1:19:17 2:Numbers:19:18:20:6 3:Numbers:20:7:20:13 4:Numbers:20:14:20:21 5:Numbers:20:22:21:9 6:Numbers:21:10:21:20 7:Numbers:21:21:22:1
2035-07-07	chul|shabbos|Chukas|ErevRoshChodesh+RoshChodesh|morning	Agadir+Algeria+Algiers+Ashkenaz+Baladi+Bavlim+ChayeyOdom+Djerba+Frankfurt+Hagra+Italki+Libya+Lita+Magreb+Marrakesh+Morocco+Persia+Poznan+PureSephardim+Romania+Sefard+Shami+Teiman+Toshbim	haftarah	Isaiah:66:1:66:24 Isaiah:66:23:66:23
2035-07-07	chul|shabbos|Chukas|ErevRoshChodesh+RoshChodesh|morning	Chabad+Fes	haftarah	Isaiah:66:1:66:24 Isaiah:66:23:66:23 SamuelI:20:18:20:18 SamuelI:20:42:20:42
2035-07-08	EY|Sunday|Balak|RoshChodesh|morning	ALL	haftarah	-
2035-07-08	EY|Sunday|Balak|RoshChodesh|morning	ALL	maftir	-
2035-07-08	EY|Sunday|Balak|RoshChodesh|morning	Agadir+Algeria+Algiers+Ashkenaz+Baladi+Bavlim+Chabad+ChayeyOdom+Djerba+Fes+Frankfurt+Italki+Libya+Lita+Magreb+Marrakesh+Morocco+Persia+Poznan+PureSephardim+Romania+Sefard+Shami+Teiman+Toshbim	torah	1:Numbers:28:1:28:3 2:Numbers:28:3:28:5 3:Numbers:28:6:28:10 4:Numbers:28:11:28:15
2035-07-08	EY|Sunday|Balak|RoshChodesh|morning	Hagra	torah	1:Numbers:28:1:28:3 2:Numbers:28:4:28:8 3:Numbers:28:6:28:10 4:Numbers:28:11:28:15
2035-07-08	chul|Sunday|Balak|RoshChodesh|morning	ALL	haftarah	-
2035-07-08	chul|Sunday|Balak|RoshChodesh|morning	ALL	maftir	-
2035-07-08	chul|Sunday|Balak|RoshChodesh|morning	Agadir+Algeria+Algiers+Ashkenaz+Baladi+Bavlim+Chabad+ChayeyOdom+Djerba+Fes+Frankfurt+Italki+Libya+Lita+Magreb+Marrakesh+Morocco+Persia+Poznan+PureSephardim+Romania+Sefard+Shami+Teiman+Toshbim	torah	1:Numbers:28:1:28:3 2:Numbers:28:3:28:5 3:Numbers:28:6:28:10 4:Numbers:28:11:28:15
2035-07-08	chul|Sunday|Balak|RoshChodesh|morning	Hagra	torah	1:Numbers:28:1:28:3 2:Numbers:28:4:28:8 3:Numbers:28:6:28:10 4:Numbers:28:11:28:15
2035-07-23	chul|Monday|Mattos|-|morning	ALL	haftarah	-
2035-07-23	chul|Monday|Mattos|-|morning	ALL	maftir	-
2035-07-23	chul|Monday|Mattos|-|morning	ALL	torah	1:Numbers:30:2:30:9 2:Numbers:30:10:30:13 3:Numbers:30:14:30:17
2035-07-24	EY|Tuesday|Mattos|FastOfTammuz|afternoon	ALL	maftir	-
2035-07-24	EY|Tuesday|Mattos|FastOfTammuz|afternoon	ALL	torah	1:Exodus:32:11:32:14 2:Exodus:34:1:34:3 3:Exodus:34:4:34:10
2035-07-24	EY|Tuesday|Mattos|FastOfTammuz|afternoon	Agadir+Baladi+Bavlim+Djerba+Fes+Libya+Magreb+Morocco+Persia+PureSephardim+Sefard+Shami+Teiman+Toshbim	haftarah	-
2035-07-24	EY|Tuesday|Mattos|FastOfTammuz|afternoon	Algeria+Marrakesh	haftarah	Hosea:14:2:14:10 Micah:7:18:7:20
2035-07-24	EY|Tuesday|Mattos|FastOfTammuz|afternoon	Algiers+Ashkenaz+Chabad+ChayeyOdom+Frankfurt+Hagra+Italki+Lita+Poznan+Romania	haftarah	Isaiah:55:6:56:8
2035-07-24	EY|Tuesday|Mattos|FastOfTammuz|morning	ALL	haftarah	-
2035-07-24	EY|Tuesday|Mattos|FastOfTammuz|morning	ALL	maftir	-
2035-07-24	EY|Tuesday|Mattos|FastOfTammuz|morning	ALL	torah	1:Exodus:32:11:32:14 2:Exodus:34:1:34:3 3:Exodus:34:4:34:10
2035-07-24	chul|Tuesday|Mattos|FastOfTammuz|afternoon	ALL	maftir	-
2035-07-24	chul|Tuesday|Mattos|FastOfTammuz|afternoon	ALL	torah	1:Exodus:32:11:32:14 2:Exodus:34:1:34:3 3:Exodus:34:4:34:10
2035-07-24	chul|Tuesday|Mattos|FastOfTammuz|afternoon	Agadir+Baladi+Bavlim+Djerba+Fes+Libya+Magreb+Morocco+Persia+PureSephardim+Sefard+Shami+Teiman+Toshbim	haftarah	-
2035-07-24	chul|Tuesday|Mattos|FastOfTammuz|afternoon	Algeria+Marrakesh	haftarah	Hosea:14:2:14:10 Micah:7:18:7:20
2035-07-24	chul|Tuesday|Mattos|FastOfTammuz|afternoon	Algiers+Ashkenaz+Chabad+ChayeyOdom+Frankfurt+Hagra+Italki+Lita+Poznan+Romania	haftarah	Isaiah:55:6:56:8
2035-07-24	chul|Tuesday|Mattos|FastOfTammuz|morning	ALL	haftarah	-
2035-07-24	chul|Tuesday|Mattos|FastOfTammuz|morning	ALL	maftir	-
2035-07-24	chul|Tuesday|Mattos|FastOfTammuz|morning	ALL	torah	1:Exodus:32:11:32:14 2:Exodus:34:1:34:3 3:Exodus:34:4:34:10
2035-07-26	chul|Thursday|Mattos|-|morning	ALL	haftarah	-
2035-07-26	chul|Thursday|Mattos|-|morning	ALL	maftir	-
2035-07-26	chul|Thursday|Mattos|-|morning	ALL	torah	1:Numbers:30:2:30:9 2:Numbers:30:10:30:13 3:Numbers:30:14:30:17
2035-07-28	chul|shabbos|Mattos|-|afternoon	ALL	haftarah	-
2035-07-28	chul|shabbos|Mattos|-|afternoon	ALL	maftir	-
2035-07-28	chul|shabbos|Mattos|-|afternoon	ALL	torah	1:Numbers:33:1:33:3 2:Numbers:33:4:33:49 3:Numbers:33:50:33:53
2035-07-28	chul|shabbos|Mattos|-|morning	ALL	maftir	Numbers:32:39:32:42
2035-07-28	chul|shabbos|Mattos|-|morning	ALL	torah	1:Numbers:30:2:30:17 2:Numbers:31:1:31:12 3:Numbers:31:13:31:24 4:Numbers:31:25:31:41 5:Numbers:31:42:31:54 6:Numbers:32:1:32:19 7:Numbers:32:20:32:42
2035-07-28	chul|shabbos|Mattos|-|morning	Agadir+Algeria+Algiers+Ashkenaz+Bavlim+Chabad+ChayeyOdom+Djerba+Fes+Frankfurt+Hagra+Libya+Lita+Magreb+Marrakesh+Morocco+Persia+Poznan+PureSephardim+Romania+Sefard+Toshbim	haftarah	Jeremiah:1:1:2:3
2035-07-28	chul|shabbos|Mattos|-|morning	Baladi+Shami+Teiman	haftarah	Jeremiah:1:1:1:19
2035-07-28	chul|shabbos|Mattos|-|morning	Italki	haftarah	Joshua:13:15:13:33
2035-07-30	chul|Monday|Masei|-|morning	ALL	haftarah	-
2035-07-30	chul|Monday|Masei|-|morning	ALL	maftir	-
2035-07-30	chul|Monday|Masei|-|morning	ALL	torah	1:Numbers:33:1:33:3 2:Numbers:33:4:33:49 3:Numbers:33:50:33:53
2035-08-02	EY|Thursday|Masei|-|morning	ALL	haftarah	-
2035-08-02	EY|Thursday|Masei|-|morning	ALL	maftir	-
2035-08-02	EY|Thursday|Masei|-|morning	ALL	torah	1:Numbers:33:1:33:3 2:Numbers:33:4:33:49 3:Numbers:33:50:33:53
2035-08-02	chul|Thursday|Masei|-|morning	ALL	haftarah	-
2035-08-02	chul|Thursday|Masei|-|morning	ALL	maftir	-
2035-08-02	chul|Thursday|Masei|-|morning	ALL	torah	1:Numbers:33:1:33:3 2:Numbers:33:4:33:49 3:Numbers:33:50:33:53
2035-08-04	chul|shabbos|Masei|-|afternoon	ALL	haftarah	-
2035-08-04	chul|shabbos|Masei|-|afternoon	ALL	maftir	-
2035-08-04	chul|shabbos|Masei|-|afternoon	ALL	torah	1:Deuteronomy:1:1:1:3 2:Deuteronomy:1:4:1:7 3:Deuteronomy:1:8:1:10
2035-08-04	chul|shabbos|Masei|-|morning	ALL	maftir	Numbers:36:11:36:13
2035-08-04	chul|shabbos|Masei|-|morning	Agadir+Algeria+Algiers+Baladi+Bavlim+Chabad+Djerba+Fes+Libya+Magreb+Marrakesh+Morocco+Persia+PureSephardim+Romania+Sefard+Shami+Teiman+Toshbim	torah	1:Numbers:33:1:33:49 2:Numbers:33:50:33:53 3:Numbers:33:54:34:15 4:Numbers:34:16:34:29 5:Numbers:35:1:35:8 6:Numbers:35:9:35:34 7:Numbers:36:1:36:13
2035-08-04	chul|shabbos|Masei|-|morning	Agadir+Algeria+Algiers+Bavlim+Chabad+Djerba+Fes+Libya+Magreb+Marrakesh+Morocco+Persia+PureSephardim+Romania+Sefard+Shami+Toshbim	haftarah	Jeremiah:2:4:2:28 Jeremiah:4:1:4:2
2035-08-04	chul|shabbos|Masei|-|morning	Ashkenaz+ChayeyOdom+Frankfurt+Hagra+Italki+Lita+Poznan	torah	1:Numbers:33:1:33:10 2:Numbers:33:11:33:49 3:Numbers:33:50:34:15 4:Numbers:34:16:34:29 5:Numbers:35:1:35:8 6:Numbers:35:9:35:34 7:Numbers:36:1:36:13
2035-08-04	chul|shabbos|Masei|-|morning	Ashkenaz+ChayeyOdom+Frankfurt+Hagra+Lita+Poznan	haftarah	Jeremiah:2:4:2:28 Jeremiah:3:4:3:4
2035-08-04	chul|shabbos|Masei|-|morning	Baladi+Teiman	haftarah	Isaiah:1:1:1:20
2035-08-04	chul|shabbos|Masei|-|morning	Italki	haftarah	Joshua:19:21:21:3
2051-12-04	EY|Monday|Vayigash|Chanukah6+RoshChodesh|morning	ALL	haftarah	-
2051-12-04	EY|Monday|Vayigash|Chanukah6+RoshChodesh|morning	ALL	maftir	-
2051-12-04	EY|Monday|Vayigash|Chanukah6+RoshChodesh|morning	ALL	torah	1:Numbers:28:1:28:5 2:Numbers:28:6:28:10 3:Numbers:28:11:28:15 4:Numbers:7:42:7:47
2051-12-04	chul|Monday|Vayigash|Chanukah6+RoshChodesh|morning	ALL	haftarah	-
2051-12-04	chul|Monday|Vayigash|Chanukah6+RoshChodesh|morning	ALL	maftir	-
2051-12-04	chul|Monday|Vayigash|Chanukah6+RoshChodesh|morning	ALL	torah	1:Numbers:28:1:28:5 2:Numbers:28:6:28:10 3:Numbers:28:11:28:15 4:Numbers:7:42:7:47
2051-12-05	EY|Tuesday|Vayigash|Chanukah7|morning	ALL	haftarah	-
2051-12-05	EY|Tuesday|Vayigash|Chanukah7|morning	ALL	maftir	-
2051-12-05	EY|Tuesday|Vayigash|Chanukah7|morning	Agadir+Algeria+Algiers+Baladi+Bavlim+Djerba+Fes+Libya+Magreb+Marrakesh+Morocco+Persia+PureSephardim+Sefard+Shami+Teiman+Toshbim	torah	1:Numbers:7:48:7:50 2:Numbers:7:51:7:53 3:Numbers:7:48:7:53
2051-12-05	EY|Tuesday|Vayigash|Chanukah7|morning	Ashkenaz+Chabad+ChayeyOdom+Frankfurt+Hagra+Italki+Lita+Poznan+Romania	torah	1:Numbers:7:48:7:50 2:Numbers:7:51:7:53 3:Numbers:7:54:7:59
2051-12-05	chul|Tuesday|Vayigash|Chanukah7|morning	ALL	haftarah	-
2051-12-05	chul|Tuesday|Vayigash|Chanukah7|morning	ALL	maftir	-
2051-12-05	chul|Tuesday|Vayigash|Chanukah7|morning	Agadir+Algeria+Algiers+Baladi+Bavlim+Djerba+Fes+Libya+Magreb+Marrakesh+Morocco+Persia+PureSephardim+Sefard+Shami+Teiman+Toshbim	torah	1:Numbers:7:48:7:50 2:Numbers:7:51:7:53 3:Numbers:7:48:7:53
2051-12-05	chul|Tuesday|Vayigash|Chanukah7|morning	Ashkenaz+Chabad+ChayeyOdom+Frankfurt+Hagra+Italki+Lita+Poznan+Romania	torah	1:Numbers:7:48:7:50 2:Numbers:7:51:7:53 3:Numbers:7:54:7:59
2051-12-13	EY|Wednesday|Vayechi|FastOfTeves|afternoon	ALL	maftir	-
2051-12-13	EY|Wednesday|Vayechi|FastOfTeves|afternoon	ALL	torah	1:Exodus:32:11:32:14 2:Exodus:34:1:34:3 3:Exodus:34:4:34:10
2051-12-13	EY|Wednesday|Vayechi|FastOfTeves|afternoon	Agadir+Baladi+Bavlim+Djerba+Fes+Libya+Magreb+Morocco+Persia+PureSephardim+Sefard+Shami+Teiman+Toshbim	haftarah	-
2051-12-13	EY|Wednesday|Vayechi|FastOfTeves|afternoon	Algeria+Marrakesh	haftarah	Hosea:14:2:14:10 Micah:7:18:7:20
2051-12-13	EY|Wednesday|Vayechi|FastOfTeves|afternoon	Algiers+Ashkenaz+Chabad+ChayeyOdom+Frankfurt+Hagra+Italki+Lita+Poznan+Romania	haftarah	Isaiah:55:6:56:8
2051-12-13	EY|Wednesday|Vayechi|FastOfTeves|morning	ALL	haftarah	-
2051-12-13	EY|Wednesday|Vayechi|FastOfTeves|morning	ALL	maftir	-
2051-12-13	EY|Wednesday|Vayechi|FastOfTeves|morning	ALL	torah	1:Exodus:32:11:32:14 2:Exodus:34:1:34:3 3:Exodus:34:4:34:10
2051-12-13	chul|Wednesday|Vayechi|FastOfTeves|afternoon	ALL	maftir	-
2051-12-13	chul|Wednesday|Vayechi|FastOfTeves|afternoon	ALL	torah	1:Exodus:32:11:32:14 2:Exodus:34:1:34:3 3:Exodus:34:4:34:10
2051-12-13	chul|Wednesday|Vayechi|FastOfTeves|afternoon	Agadir+Baladi+Bavlim+Djerba+Fes+Libya+Magreb+Morocco+Persia+PureSephardim+Sefard+Shami+Teiman+Toshbim	haftarah	-
2051-12-13	chul|Wednesday|Vayechi|FastOfTeves|afternoon	Algeria+Marrakesh	haftarah	Hosea:14:2:14:10 Micah:7:18:7:20
2051-12-13	chul|Wednesday|Vayechi|FastOfTeves|afternoon	Algiers+Ashkenaz+Chabad+ChayeyOdom+Frankfurt+Hagra+Italki+Lita+Poznan+Romania	haftarah	Isaiah:55:6:56:8
2051-12-13	chul|Wednesday|Vayechi|FastOfTeves|morning	ALL	haftarah	-
2051-12-13	chul|Wednesday|Vayechi|FastOfTeves|morning	ALL	maftir	-
2051-12-13	chul|Wednesday|Vayechi|FastOfTeves|morning	ALL	torah	1:Exodus:32:11:32:14 2:Exodus:34:1:34:3 3:Exodus:34:4:34:10
2052-01-01	EY|Monday|Bo|ErevRoshChodesh|morning	ALL	haftarah	-
2052-01-01	EY|Monday|Bo|ErevRoshChodesh|morning	ALL	maftir	-
2052-01-01	EY|Monday|Bo|ErevRoshChodesh|morning	ALL	torah	1:Exodus:10:1:10:3 2:Exodus:10:4:10:6 3:Exodus:10:7:10:11
2052-01-01	chul|Monday|Bo|ErevRoshChodesh|morning	ALL	haftarah	-
2052-01-01	chul|Monday|Bo|ErevRoshChodesh|morning	ALL	maftir	-
2052-01-01	chul|Monday|Bo|ErevRoshChodesh|morning	ALL	torah	1:Exodus:10:1:10:3 2:Exodus:10:4:10:6 3:Exodus:10:7:10:11
2052-01-02	EY|Tuesday|Bo|RoshChodesh|morning	ALL	haftarah	-
2052-01-02	EY|Tuesday|Bo|RoshChodesh|morning	ALL	maftir	-
2052-01-02	EY|Tuesday|Bo|RoshChodesh|morning	Agadir+Algeria+Algiers+Ashkenaz+Baladi+Bavlim+Chabad+ChayeyOdom+Djerba+Fes+Frankfurt+Italki+Libya+Lita+Magreb+Marrakesh+Morocco+Persia+Poznan+PureSephardim+Romania+Sefard+Shami+Teiman+Toshbim	torah	1:Numbers:28:1:28:3 2:Numbers:28:3:28:5 3:Numbers:28:6:28:10 4:Numbers:28:11:28:15
2052-01-02	EY|Tuesday|Bo|RoshChodesh|morning	Hagra	torah	1:Numbers:28:1:28:3 2:Numbers:28:4:28:8 3:Numbers:28:6:28:10 4:Numbers:28:11:28:15
2052-01-02	chul|Tuesday|Bo|RoshChodesh|morning	ALL	haftarah	-
2052-01-02	chul|Tuesday|Bo|RoshChodesh|morning	ALL	maftir	-
2052-01-02	chul|Tuesday|Bo|RoshChodesh|morning	Agadir+Algeria+Algiers+Ashkenaz+Baladi+Bavlim+Chabad+ChayeyOdom+Djerba+Fes+Frankfurt+Italki+Libya+Lita+Magreb+Marrakesh+Morocco+Persia+Poznan+PureSephardim+Romania+Sefard+Shami+Teiman+Toshbim	torah	1:Numbers:28:1:28:3 2:Numbers:28:3:28:5 3:Numbers:28:6:28:10 4:Numbers:28:11:28:15
2052-01-02	chul|Tuesday|Bo|RoshChodesh|morning	Hagra	torah	1:Numbers:28:1:28:3 2:Numbers:28:4:28:8 3:Numbers:28:6:28:10 4:Numbers:28:11:28:15
2052-01-31	EY|Wednesday|Terumah|ErevRoshChodesh+RoshChodesh|morning	ALL	haftarah	-
2052-01-31	EY|Wednesday|Terumah|ErevRoshChodesh+RoshChodesh|morning	ALL	maftir	-
2052-01-31	EY|Wednesday|Terumah|ErevRoshChodesh+RoshChodesh|morning	Agadir+Algeria+Algiers+Ashkenaz+Baladi+Bavlim+Chabad+ChayeyOdom+Djerba+Fes+Frankfurt+Italki+Libya+Lita+Magreb+Marrakesh+Morocco+Persia+Poznan+PureSephardim+Romania+Sefard+Shami+Teiman+Toshbim	torah	1:Numbers:28:1:28:3 2:Numbers:28:3:28:5 3:Numbers:28:6:28:10 4:Numbers:28:11:28:15
2052-01-31	EY|Wednesday|Terumah|ErevRoshChodesh+RoshChodesh|morning	Hagra	torah	1:Numbers:28:1:28:3 2:Numbers:28:4:28:8 3:Numbers:28:6:28:10 4:Numbers:28:11:28:15
2052-01-31	chul|Wednesday|Terumah|ErevRoshChodesh+RoshChodesh|morning	ALL	haftarah	-
2052-01-31	chul|Wednesday|Terumah|ErevRoshChodesh+RoshChodesh|morning	ALL	maftir	-
2052-01-31	chul|Wednesday|Terumah|ErevRoshChodesh+RoshChodesh|morning	Agadir+Algeria+Algiers+Ashkenaz+Baladi+Bavlim+Chabad+ChayeyOdom+Djerba+Fes+Frankfurt+Italki+Libya+Lita+Magreb+Marrakesh+Morocco+Persia+Poznan+PureSephardim+Romania+Sefard+Shami+Teiman+Toshbim	torah	1:Numbers:28:1:28:3 2:Numbers:28:3:28:5 3:Numbers:28:6:28:10 4:Numbers:28:11:28:15
2052-01-31	chul|Wednesday|Terumah|ErevRoshChodesh+RoshChodesh|morning	Hagra	torah	1:Numbers:28:1:28:3 2:Numbers:28:4:28:8 3:Numbers:28:6:28:10 4:Numbers:28:11:28:15
2052-02-01	EY|Thursday|Terumah|RoshChodesh|morning	ALL	haftarah	-
2052-02-01	EY|Thursday|Terumah|RoshChodesh|morning	ALL	maftir	-
2052-02-01	EY|Thursday|Terumah|RoshChodesh|morning	Agadir+Algeria+Algiers+Ashkenaz+Baladi+Bavlim+Chabad+ChayeyOdom+Djerba+Fes+Frankfurt+Italki+Libya+Lita+Magreb+Marrakesh+Morocco+Persia+Poznan+PureSephardim+Romania+Sefard+Shami+Teiman+Toshbim	torah	1:Numbers:28:1:28:3 2:Numbers:28:3:28:5 3:Numbers:28:6:28:10 4:Numbers:28:11:28:15
2052-02-01	EY|Thursday|Terumah|RoshChodesh|morning	Hagra	torah	1:Numbers:28:1:28:3 2:Numbers:28:4:28:8 3:Numbers:28:6:28:10 4:Numbers:28:11:28:15
2052-02-01	chul|Thursday|Terumah|RoshChodesh|morning	ALL	haftarah	-
2052-02-01	chul|Thursday|Terumah|RoshChodesh|morning	ALL	maftir	-
2052-02-01	chul|Thursday|Terumah|RoshChodesh|morning	Agadir+Algeria+Algiers+Ashkenaz+Baladi+Bavlim+Chabad+ChayeyOdom+Djerba+Fes+Frankfurt+Italki+Libya+Lita+Magreb+Marrakesh+Morocco+Persia+Poznan+PureSephardim+Romania+Sefard+Shami+Teiman+Toshbim	torah	1:Numbers:28:1:28:3 2:Numbers:28:3:28:5 3:Numbers:28:6:28:10 4:Numbers:28:11:28:15
2052-02-01	chul|Thursday|Terumah|RoshChodesh|morning	Hagra	torah	1:Numbers:28:1:28:3 2:Numbers:28:4:28:8 3:Numbers:28:6:28:10 4:Numbers:28:11:28:15
2052-02-29	EY|Thursday|Pekudei|ErevRoshChodesh|morning	ALL	haftarah	-
2052-02-29	EY|Thursday|Pekudei|ErevRoshChodesh|morning	ALL	maftir	-
2052-02-29	EY|Thursday|Pekudei|ErevRoshChodesh|morning	ALL	torah	1:Exodus:38:21:38:23 2:Exodus:38:24:38:27 3:Exodus:38:28:39:1
2052-02-29	chul|Thursday|Pekudei|ErevRoshChodesh|morning	ALL	haftarah	-
2052-02-29	chul|Thursday|Pekudei|ErevRoshChodesh|morning	ALL	maftir	-
2052-02-29	chul|Thursday|Pekudei|ErevRoshChodesh|morning	ALL	torah	1:Exodus:38:21:38:23 2:Exodus:38:24:38:27 3:Exodus:38:28:39:1
2052-03-01	EY|Friday|Pekudei|ErevRoshChodesh+RoshChodesh|morning	ALL	haftarah	-
2052-03-01	EY|Friday|Pekudei|ErevRoshChodesh+RoshChodesh|morning	ALL	maftir	-
2052-03-01	EY|Friday|Pekudei|ErevRoshChodesh+RoshChodesh|morning	Agadir+Algeria+Algiers+Ashkenaz+Baladi+Bavlim+Chabad+ChayeyOdom+Djerba+Fes+Frankfurt+Italki+Libya+Lita+Magreb+Marrakesh+Morocco+Persia+Poznan+PureSephardim+Romania+Sefard+Shami+Teiman+Toshbim	torah	1:Numbers:28:1:28:3 2:Numbers:28:3:28:5 3:Numbers:28:6:28:10 4:Numbers:28:11:28:15
2052-03-01	EY|Friday|Pekudei|ErevRoshChodesh+RoshChodesh|morning	Hagra	torah	1:Numbers:28:1:28:3 2:Numbers:28:4:28:8 3:Numbers:28:6:28:10 4:Numbers:28:11:28:15
2052-03-01	chul|Friday|Pekudei|ErevRoshChodesh+RoshChodesh|morning	ALL	haftarah	-
2052-03-01	chul|Friday|Pekudei|ErevRoshChodesh+RoshChodesh|morning	ALL	maftir	-
2052-03-01	chul|Friday|Pekudei|ErevRoshChodesh+RoshChodesh|morning	Agadir+Algeria+Algiers+Ashkenaz+Baladi+Bavlim+Chabad+ChayeyOdom+Djerba+Fes+Frankfurt+Italki+Libya+Lita+Magreb+Marrakesh+Morocco+Persia+Poznan+PureSephardim+Romania+Sefard+Shami+Teiman+Toshbim	torah	1:Numbers:28:1:28:3 2:Numbers:28:3:28:5 3:Numbers:28:6:28:10 4:Numbers:28:11:28:15
2052-03-01	chul|Friday|Pekudei|ErevRoshChodesh+RoshChodesh|morning	Hagra	torah	1:Numbers:28:1:28:3 2:Numbers:28:4:28:8 3:Numbers:28:6:28:10 4:Numbers:28:11:28:15
2052-03-02	EY|shabbos|Pekudei|ParshasShekalim+RoshChodesh|afternoon	ALL	haftarah	-
2052-03-02	EY|shabbos|Pekudei|ParshasShekalim+RoshChodesh|afternoon	ALL	maftir	-
2052-03-02	EY|shabbos|Pekudei|ParshasShekalim+RoshChodesh|afternoon	ALL	torah	1:Leviticus:1:1:1:4 2:Leviticus:1:5:1:9 3:Leviticus:1:10:1:13
2052-03-02	EY|shabbos|Pekudei|ParshasShekalim+RoshChodesh|morning	ALL	maftir	Exodus:30:11:30:16
2052-03-02	EY|shabbos|Pekudei|ParshasShekalim+RoshChodesh|morning	ALL	torah	1:Exodus:38:21:39:1 2:Exodus:39:2:39:21 3:Exodus:39:22:39:32 4:Exodus:39:33:39:43 5:Exodus:40:1:40:16 6:Exodus:40:17:40:38 7:Numbers:28:9:28:15
2052-03-02	EY|shabbos|Pekudei|ParshasShekalim+RoshChodesh|morning	Agadir+Algeria+Algiers+Bavlim+Djerba+Fes+Libya+Magreb+Marrakesh+Morocco+Persia+PureSephardim+Sefard+Toshbim	haftarah	KingsII:11:17:12:17
2052-03-02	EY|shabbos|Pekudei|ParshasShekalim+RoshChodesh|morning	Ashkenaz+Baladi+ChayeyOdom+Frankfurt+Hagra+Italki+Lita+Poznan+Shami+Teiman	haftarah	KingsII:12:1:12:17
2052-03-02	EY|shabbos|Pekudei|ParshasShekalim+RoshChodesh|morning	Chabad	haftarah	KingsII:12:1:12:17 Isaiah:66:1:66:1 Isaiah:66:23:66:24 Isaiah:66:23:66:23
2052-03-02	EY|shabbos|Pekudei|ParshasShekalim+RoshChodesh|morning	Romania	haftarah	Ezekiel:45:12:46:5
2052-03-02	chul|shabbos|Pekudei|ParshasShekalim+RoshChodesh|afternoon	ALL	haftarah	-
2052-03-02	chul|shabbos|Pekudei|ParshasShekalim+RoshChodesh|afternoon	ALL	maftir	-
2052-03-02	chul|shabbos|Pekudei|ParshasShekalim+RoshChodesh|afternoon	ALL	torah	1:Leviticus:1:1:1:4 2:Leviticus:1:5:1:9 3:Leviticus:1:10:1:13
2052-03-02	chul|shabbos|Pekudei|ParshasShekalim+RoshChodesh|morning	ALL	maftir	Exodus:30:11:30:16
2052-03-02	chul|shabbos|Pekudei|ParshasShekalim+RoshChodesh|morning	ALL	torah	1:Exodus:38:21:39:1 2:Exodus:39:2:39:21 3:Exodus:39:22:39:32 4:Exodus:39:33:39:43 5:Exodus:40:1:40:16 6:Exodus:40:17:40:38 7:Numbers:28:9:28:15
2052-03-02	chul|shabbos|Pekudei|ParshasShekalim+RoshChodesh|morning	Agadir+Algeria+Algiers+Bavlim+Djerba+Fes+Libya+Magreb+Marrakesh+Morocco+Persia+PureSephardim+Sefard+Toshbim	haftarah	KingsII:11:17:12:17
2052-03-02	chul|shabbos|Pekudei|ParshasShekalim+RoshChodesh|morning	Ashkenaz+Baladi+ChayeyOdom+Frankfurt+Hagra+Italki+Lita+Poznan+Shami+Teiman	haftarah	KingsII:12:1:12:17
2052-03-02	chul|shabbos|Pekudei|ParshasShekalim+RoshChodesh|morning	Chabad	haftarah	KingsII:12:1:12:17 Isaiah:66:1:66:1 Isaiah:66:23:66:24 Isaiah:66:23:66:23
2052-03-02	chul|shabbos|Pekudei|ParshasShekalim+RoshChodesh|morning	Romania	haftarah	Ezekiel:45:12:46:5
2052-03-15	EY|Friday|Tzav|Purim|morning	ALL	haftarah	-
2052-03-15	EY|Friday|Tzav|Purim|morning	ALL	maftir	-
2052-03-15	EY|Friday|Tzav|Purim|morning	ALL	torah	1:Exodus:17:8:17:10 2:Exodus:17:11:17:13 3:Exodus:17:14:17:16
2052-03-15	chul|Friday|Tzav|Purim|morning	ALL	haftarah	-
2052-03-15	chul|Friday|Tzav|Purim|morning	ALL	maftir	-
2052-03-15	chul|Friday|Tzav|Purim|morning	ALL	torah	1:Exodus:17:8:17:10 2:Exodus:17:11:17:13 3:Exodus:17:14:17:16
2052-03-16	EY|shabbos|Tzav|ShushanPurim|afternoon	ALL	haftarah	-
2052-03-16	EY|shabbos|Tzav|ShushanPurim|afternoon	ALL	maftir	-
2052-03-16	EY|shabbos|Tzav|ShushanPurim|afternoon	ALL	torah	1:Leviticus:9:1:9:5 2:Leviticus:9:6:9:10 3:Leviticus:9:11:9:16
2052-03-16	EY|shabbos|Tzav|ShushanPurim|morning	ALL	maftir	Exodus:17:8:17:16
2052-03-16	EY|shabbos|Tzav|ShushanPurim|morning	ALL	torah	1:Leviticus:6:1:6:11 2:Leviticus:6:12:7:10 3:Leviticus:7:11:7:38 4:Leviticus:8:1:8:13 5:Leviticus:8:14:8:21 6:Leviticus:8:22:8:29 7:Leviticus:8:30:8:36
2052-03-16	EY|shabbos|Tzav|ShushanPurim|morning	Agadir+Algeria+Algiers+Bavlim+Djerba+Fes+Libya+Magreb+Marrakesh+Morocco+Persia+PureSephardim+Sefard+Toshbim	haftarah	SamuelI:15:1:15:34
2052-03-16	EY|shabbos|Tzav|ShushanPurim|morning	Ashkenaz+Chabad+ChayeyOdom+Frankfurt+Hagra+Italki+Lita	haftarah	SamuelI:15:2:15:34
2052-03-16	EY|shabbos|Tzav|ShushanPurim|morning	Baladi+Shami+Teiman	haftarah	SamuelI:14:52:15:33
2052-03-16	EY|shabbos|Tzav|ShushanPurim|morning	Poznan	haftarah	SamuelI:15:2:15:33
2052-03-16	EY|shabbos|Tzav|ShushanPurim|morning	Romania	haftarah	SamuelI:15:2:15:22
2052-03-16	chul|shabbos|Tzav|ShushanPurim|afternoon	ALL	haftarah	-
2052-03-16	chul|shabbos|Tzav|ShushanPurim|afternoon	ALL	maftir	-
2052-03-16	chul|shabbos|Tzav|ShushanPurim|afternoon	ALL	torah	1:Leviticus:9:1:9:5 2:Leviticus:9:6:9:10 3:Leviticus:9:11:9:16
2052-03-16	chul|shabbos|Tzav|ShushanPurim|morning	ALL	maftir	Exodus:17:8:17:16
2052-03-16	chul|shabbos|Tzav|ShushanPurim|morning	ALL	torah	1:Leviticus:6:1:6:11 2:Leviticus:6:12:7:10 3:Leviticus:7:11:7:38 4:Leviticus:8:1:8:13 5:Leviticus:8:14:8:21 6:Leviticus:8:22:8:29 7:Leviticus:8:30:8:36
2052-03-16	chul|shabbos|Tzav|ShushanPurim|morning	Agadir+Algeria+Algiers+Bavlim+Djerba+Fes+Libya+Magreb+Marrakesh+Morocco+Persia+PureSephardim+Sefard+Toshbim	haftarah	SamuelI:15:1:15:34
2052-03-16	chul|shabbos|Tzav|ShushanPurim|morning	Ashkenaz+Chabad+ChayeyOdom+Frankfurt+Hagra+Italki+Lita	haftarah	SamuelI:15:2:15:34
2052-03-16	chul|shabbos|Tzav|ShushanPurim|morning	Baladi+Shami+Teiman	haftarah	SamuelI:14:52:15:33
2052-03-16	chul|shabbos|Tzav|ShushanPurim|morning	Poznan	haftarah	SamuelI:15:2:15:33
2052-03-16	chul|shabbos|Tzav|ShushanPurim|morning	Romania	haftarah	SamuelI:15:2:15:22
2052-03-30	EY|shabbos|Tazria|ErevRoshChodesh+ParshasHachodesh|afternoon	ALL	haftarah	-
2052-03-30	EY|shabbos|Tazria|ErevRoshChodesh+ParshasHachodesh|afternoon	ALL	maftir	-
2052-03-30	EY|shabbos|Tazria|ErevRoshChodesh+ParshasHachodesh|afternoon	ALL	torah	1:Leviticus:14:1:14:5 2:Leviticus:14:6:14:9 3:Leviticus:14:10:14:12
2052-03-30	EY|shabbos|Tazria|ErevRoshChodesh+ParshasHachodesh|morning	ALL	maftir	Exodus:12:1:12:20
2052-03-30	EY|shabbos|Tazria|ErevRoshChodesh+ParshasHachodesh|morning	ALL	torah	1:Leviticus:12:1:13:5 2:Leviticus:13:6:13:17 3:Leviticus:13:18:13:23 4:Leviticus:13:24:13:28 5:Leviticus:13:29:13:39 6:Leviticus:13:40:13:54 7:Leviticus:13:55:13:59
2052-03-30	EY|shabbos|Tazria|ErevRoshChodesh+ParshasHachodesh|morning	Agadir+Algeria+Algiers+Bavlim+Djerba+Libya+Magreb+Marrakesh+Morocco+Persia+Poznan+PureSephardim+Sefard+Toshbim	haftarah	Ezekiel:45:18:46:15
2052-03-30	EY|shabbos|Tazria|ErevRoshChodesh+ParshasHachodesh|morning	Ashkenaz+ChayeyOdom+Frankfurt+Hagra+Lita	haftarah	Ezekiel:45:16:46:18
2052-03-30	EY|shabbos|Tazria|ErevRoshChodesh+ParshasHachodesh|morning	Baladi+Shami+Teiman	haftarah	Ezekiel:45:9:46:11
2052-03-30	EY|shabbos|Tazria|ErevRoshChodesh+ParshasHachodesh|morning	Chabad+Fes	haftarah	Ezekiel:45:18:46:15 SamuelI:20:18:20:18 SamuelI:20:42:20:42
2052-03-30	EY|shabbos|Tazria|ErevRoshChodesh+ParshasHachodesh|morning	Italki	haftarah	Ezekiel:45:18:46:11
2052-03-30	EY|shabbos|Tazria|ErevRoshChodesh+ParshasHachodesh|morning	Romania	haftarah	Ezekiel:45:21:46:13
2052-03-30	chul|shabbos|Tazria|ErevRoshChodesh+ParshasHachodesh|afternoon	ALL	haftarah	-
2052-03-30	chul|shabbos|Tazria|ErevRoshChodesh+ParshasHachodesh|afternoon	ALL	maftir	-
2052-03-30	chul|shabbos|Tazria|ErevRoshChodesh+ParshasHachodesh|afternoon	ALL	torah	1:Leviticus:14:1:14:5 2:Leviticus:14:6:14:9 3:Leviticus:14:10:14:12
2052-03-30	chul|shabbos|Tazria|ErevRoshChodesh+ParshasHachodesh|morning	ALL	maftir	Exodus:12:1:12:20
2052-03-30	chul|shabbos|Tazria|ErevRoshChodesh+ParshasHachodesh|morning	ALL	torah	1:Leviticus:12:1:13:5 2:Leviticus:13:6:13:17 3:Leviticus:13:18:13:23 4:Leviticus:13:24:13:28 5:Leviticus:13:29:13:39 6:Leviticus:13:40:13:54 7:Leviticus:13:55:13:59
2052-03-30	chul|shabbos|Tazria|ErevRoshChodesh+ParshasHachodesh|morning	Agadir+Algeria+Algiers+Bavlim+Djerba+Libya+Magreb+Marrakesh+Morocco+Persia+Poznan+PureSephardim+Sefard+Toshbim	haftarah	Ezekiel:45:18:46:15
2052-03-30	chul|shabbos|Tazria|ErevRoshChodesh+ParshasHachodesh|morning	Ashkenaz+ChayeyOdom+Frankfurt+Hagra+Lita	haftarah	Ezekiel:45:16:46:18
2052-03-30	chul|shabbos|Tazria|ErevRoshChodesh+ParshasHachodesh|morning	Baladi+Shami+Teiman	haftarah	Ezekiel:45:9:46:11
2052-03-30	chul|shabbos|Tazria|ErevRoshChodesh+ParshasHachodesh|morning	Chabad+Fes	haftarah	Ezekiel:45:18:46:15 SamuelI:20:18:20:18 SamuelI:20:42:20:42
2052-03-30	chul|shabbos|Tazria|ErevRoshChodesh+ParshasHachodesh|morning	Italki	haftarah	Ezekiel:45:18:46:11
2052-03-30	chul|shabbos|Tazria|ErevRoshChodesh+ParshasHachodesh|morning	Romania	haftarah	Ezekiel:45:21:46:13
2052-03-31	EY|Sunday|Metzora|RoshChodesh|morning	ALL	haftarah	-
2052-03-31	EY|Sunday|Metzora|RoshChodesh|morning	ALL	maftir	-
2052-03-31	EY|Sunday|Metzora|RoshChodesh|morning	Agadir+Algeria+Algiers+Ashkenaz+Baladi+Bavlim+Chabad+ChayeyOdom+Djerba+Fes+Frankfurt+Italki+Libya+Lita+Magreb+Marrakesh+Morocco+Persia+Poznan+PureSephardim+Romania+Sefard+Shami+Teiman+Toshbim	torah	1:Numbers:28:1:28:3 2:Numbers:28:3:28:5 3:Numbers:28:6:28:10 4:Numbers:28:11:28:15
2052-03-31	EY|Sunday|Metzora|RoshChodesh|morning	Hagra	torah	1:Numbers:28:1:28:3 2:Numbers:28:4:28:8 3:Numbers:28:6:28:10 4:Numbers:28:11:28:15
2052-03-31	chul|Sunday|Metzora|RoshChodesh|morning	ALL	haftarah	-
2052-03-31	chul|Sunday|Metzora|RoshChodesh|morning	ALL	maftir	-
2052-03-31	chul|Sunday|Metzora|RoshChodesh|morning	Agadir+Algeria+Algiers+Ashkenaz+Baladi+Bavlim+Chabad+ChayeyOdom+Djerba+Fes+Frankfurt+Italki+Libya+Lita+Magreb+Marrakesh+Morocco+Persia+Poznan+PureSephardim+Romania+Sefard+Shami+Teiman+Toshbim	torah	1:Numbers:28:1:28:3 2:Numbers:28:3:28:5 3:Numbers:28:6:28:10 4:Numbers:28:11:28:15
2052-03-31	chul|Sunday|Metzora|RoshChodesh|morning	Hagra	torah	1:Numbers:28:1:28:3 2:Numbers:28:4:28:8 3:Numbers:28:6:28:10 4:Numbers:28:11:28:15
2052-04-21	chul|Sunday|Kedoshim|Omer(7)+Pesach8|morning	ALL	haftarah	Isaiah:10:32:12:6
2052-04-21	chul|Sunday|Kedoshim|Omer(7)+Pesach8|morning	ALL	maftir	Numbers:28:19:28:25
2052-04-21	chul|Sunday|Kedoshim|Omer(7)+Pesach8|morning	ALL	torah	1:Deuteronomy:15:19:15:23 2:Deuteronomy:16:1:16:3 3:Deuteronomy:16:4:16:8 4:Deuteronomy:16:9:16:12 5:Deuteronomy:16:13:16:17
2052-04-22	EY|Monday|Kedoshim|Omer(8)|morning	ALL	haftarah	-
2052-04-22	EY|Monday|Kedoshim|Omer(8)|morning	ALL	maftir	-
2052-04-22	EY|Monday|Kedoshim|Omer(8)|morning	ALL	torah	1:Leviticus:19:1:19:4 2:Leviticus:19:5:19:10 3:Leviticus:19:11:19:14
2052-04-22	chul|Monday|Kedoshim|Omer(8)|morning	ALL	haftarah	-
2052-04-22	chul|Monday|Kedoshim|Omer(8)|morning	ALL	maftir	-
2052-04-22	chul|Monday|Kedoshim|Omer(8)|morning	ALL	torah	1:Leviticus:19:1:19:4 2:Leviticus:19:5:19:10 3:Leviticus:19:11:19:14
2052-04-25	EY|Thursday|Kedoshim|Omer(11)|morning	ALL	haftarah	-
2052-04-25	EY|Thursday|Kedoshim|Omer(11)|morning	ALL	maftir	-
2052-04-25	EY|Thursday|Kedoshim|Omer(11)|morning	ALL	torah	1:Leviticus:19:1:19:4 2:Leviticus:19:5:19:10 3:Leviticus:19:11:19:14
2052-04-25	chul|Thursday|Kedoshim|Omer(11)|morning	ALL	haftarah	-
2052-04-25	chul|Thursday|Kedoshim|Omer(11)|morning	ALL	maftir	-
2052-04-25	chul|Thursday|Kedoshim|Omer(11)|morning	ALL	torah	1:Leviticus:19:1:19:4 2:Leviticus:19:5:19:10 3:Leviticus:19:11:19:14
2052-04-27	EY|shabbos|Kedoshim|Omer(13)|afternoon	ALL	haftarah	-
2052-04-27	EY|shabbos|Kedoshim|Omer(13)|afternoon	ALL	maftir	-
2052-04-27	EY|shabbos|Kedoshim|Omer(13)|afternoon	ALL	torah	1:Leviticus:21:1:21:6 2:Leviticus:21:7:21:12 3:Leviticus:21:13:21:15
2052-04-27	EY|shabbos|Kedoshim|Omer(13)|morning	ALL	maftir	Leviticus:20:25:20:27
2052-04-27	EY|shabbos|Kedoshim|Omer(13)|morning	ALL	torah	1:Leviticus:19:1:19:14 2:Leviticus:19:15:19:22 3:Leviticus:19:23:19:32 4:Leviticus:19:33:19:37 5:Leviticus:20:1:20:7 6:Leviticus:20:8:20:22 7:Leviticus:20:23:20:27
2052-04-27	EY|shabbos|Kedoshim|Omer(13)|morning	Agadir+Algeria+Algiers+Bavlim+Chabad+Djerba+Fes+Libya+Magreb+Marrakesh+Morocco+Persia+PureSephardim+Sefard+Toshbim	haftarah	Ezekiel:20:2:20:20
2052-04-27	EY|shabbos|Kedoshim|Omer(13)|morning	Ashkenaz+Frankfurt+Hagra+Poznan	haftarah	Amos:9:7:9:15
2052-04-27	EY|shabbos|Kedoshim|Omer(13)|morning	Baladi	haftarah	Ezekiel:20:1:20:15
2052-04-27	EY|shabbos|Kedoshim|Omer(13)|morning	ChayeyOdom+Lita	haftarah	Ezekiel:22:1:22:16
2052-04-27	EY|shabbos|Kedoshim|Omer(13)|morning	Italki+Shami+Teiman	haftarah	Ezekiel:20:1:20:20
2052-04-27	EY|shabbos|Kedoshim|Omer(13)|morning	Romania	haftarah	Isaiah:3:4:5:17
2052-04-27	chul|shabbos|Kedoshim|Omer(13)|afternoon	ALL	haftarah	-
2052-04-27	chul|shabbos|Kedoshim|Omer(13)|afternoon	ALL	maftir	-
2052-04-27	chul|shabbos|Kedoshim|Omer(13)|afternoon	ALL	torah	1:Leviticus:21:1:21:6 2:Leviticus:21:7:21:12 3:Leviticus:21:13:21:15
2052-04-27	chul|shabbos|Kedoshim|Omer(13)|morning	ALL	maftir	Leviticus:20:25:20:27
2052-04-27	chul|shabbos|Kedoshim|Omer(13)|morning	ALL	torah	1:Leviticus:19:1:19:14 2:Leviticus:19:15:19:22 3:Leviticus:19:23:19:32 4:Leviticus:19:33:19:37 5:Leviticus:20:1:20:7 6:Leviticus:20:8:20:22 7:Leviticus:20:23:20:27
2052-04-27	chul|shabbos|Kedoshim|Omer(13)|morning	Agadir+Algeria+Algiers+Bavlim+Chabad+Djerba+Fes+Libya+Magreb+Marrakesh+Morocco+Persia+PureSephardim+Sefard+Toshbim	haftarah	Ezekiel:20:2:20:20
2052-04-27	chul|shabbos|Kedoshim|Omer(13)|morning	Ashkenaz+Frankfurt+Hagra+Poznan	haftarah	Amos:9:7:9:15
2052-04-27	chul|shabbos|Kedoshim|Omer(13)|morning	Baladi	haftarah	Ezekiel:20:1:20:15
2052-04-27	chul|shabbos|Kedoshim|Omer(13)|morning	ChayeyOdom+Lita	haftarah	Ezekiel:22:1:22:16
2052-04-27	chul|shabbos|Kedoshim|Omer(13)|morning	Italki+Shami+Teiman	haftarah	Ezekiel:20:1:20:20
2052-04-27	chul|shabbos|Kedoshim|Omer(13)|morning	Romania	haftarah	Isaiah:3:4:5:17
2052-04-29	EY|Monday|Emor|ErevRoshChodesh+Omer(15)+RoshChodesh|morning	ALL	haftarah	-
2052-04-29	EY|Monday|Emor|ErevRoshChodesh+Omer(15)+RoshChodesh|morning	ALL	maftir	-
2052-04-29	EY|Monday|Emor|ErevRoshChodesh+Omer(15)+RoshChodesh|morning	Agadir+Algeria+Algiers+Ashkenaz+Baladi+Bavlim+Chabad+ChayeyOdom+Djerba+Fes+Frankfurt+Italki+Libya+Lita+Magreb+Marrakesh+Morocco+Persia+Poznan+PureSephardim+Romania+Sefard+Shami+Teiman+Toshbim	torah	1:Numbers:28:1:28:3 2:Numbers:28:3:28:5 3:Numbers:28:6:28:10 4:Numbers:28:11:28:15
2052-04-29	EY|Monday|Emor|ErevRoshChodesh+Omer(15)+RoshChodesh|morning	Hagra	torah	1:Numbers:28:1:28:3 2:Numbers:28:4:28:8 3:Numbers:28:6:28:10 4:Numbers:28:11:28:15
2052-04-29	chul|Monday|Emor|ErevRoshChodesh+Omer(15)+RoshChodesh|morning	ALL	haftarah	-
2052-04-29	chul|Monday|Emor|ErevRoshChodesh+Omer(15)+RoshChodesh|morning	ALL	maftir	-
2052-04-29	chul|Monday|Emor|ErevRoshChodesh+Omer(15)+RoshChodesh|morning	Agadir+Algeria+Algiers+Ashkenaz+Baladi+Bavlim+Chabad+ChayeyOdom+Djerba+Fes+Frankfurt+Italki+Libya+Lita+Magreb+Marrakesh+Morocco+Persia+Poznan+PureSephardim+Romania+Sefard+Shami+Teiman+Toshbim	torah	1:Numbers:28:1:28:3 2:Numbers:28:3:28:5 3:Numbers:28:6:28:10 4:Numbers:28:11:28:15
2052-04-29	chul|Monday|Emor|ErevRoshChodesh+Omer(15)+RoshChodesh|morning	Hagra	torah	1:Numbers:28:1:28:3 2:Numbers:28:4:28:8 3:Numbers:28:6:28:10 4:Numbers:28:11:28:15
2052-04-30	EY|Tuesday|Emor|Omer(16)+RoshChodesh|morning	ALL	haftarah	-
2052-04-30	EY|Tuesday|Emor|Omer(16)+RoshChodesh|morning	ALL	maftir	-
2052-04-30	EY|Tuesday|Emor|Omer(16)+RoshChodesh|morning	Agadir+Algeria+Algiers+Ashkenaz+Baladi+Bavlim+Chabad+ChayeyOdom+Djerba+Fes+Frankfurt+Italki+Libya+Lita+Magreb+Marrakesh+Morocco+Persia+Poznan+PureSephardim+Romania+Sefard+Shami+Teiman+Toshbim	torah	1:Numbers:28:1:28:3 2:Numbers:28:3:28:5 3:Numbers:28:6:28:10 4:Numbers:28:11:28:15
2052-04-30	EY|Tuesday|Emor|Omer(16)+RoshChodesh|morning	Hagra	torah	1:Numbers:28:1:28:3 2:Numbers:28:4:28:8 3:Numbers:28:6:28:10 4:Numbers:28:11:28:15
2052-04-30	chul|Tuesday|Emor|Omer(16)+RoshChodesh|morning	ALL	haftarah	-
2052-04-30	chul|Tuesday|Emor|Omer(16)+RoshChodesh|morning	ALL	maftir	-
2052-04-30	chul|Tuesday|Emor|Omer(16)+RoshChodesh|morning	Agadir+Algeria+Algiers+Ashkenaz+Baladi+Bavlim+Chabad+ChayeyOdom+Djerba+Fes+Frankfurt+Italki+Libya+Lita+Magreb+Marrakesh+Morocco+Persia+Poznan+PureSephardim+Romania+Sefard+Shami+Teiman+Toshbim	torah	1:Numbers:28:1:28:3 2:Numbers:28:3:28:5 3:Numbers:28:6:28:10 4:Numbers:28:11:28:15
2052-04-30	chul|Tuesday|Emor|Omer(16)+RoshChodesh|morning	Hagra	torah	1:Numbers:28:1:28:3 2:Numbers:28:4:28:8 3:Numbers:28:6:28:10 4:Numbers:28:11:28:15
2052-05-02	EY|Thursday|Emor|Omer(18)|morning	ALL	haftarah	-
2052-05-02	EY|Thursday|Emor|Omer(18)|morning	ALL	maftir	-
2052-05-02	EY|Thursday|Emor|Omer(18)|morning	ALL	torah	1:Leviticus:21:1:21:6 2:Leviticus:21:7:21:12 3:Leviticus:21:13:21:15
2052-05-02	chul|Thursday|Emor|Omer(18)|morning	ALL	haftarah	-
2052-05-02	chul|Thursday|Emor|Omer(18)|morning	ALL	maftir	-
2052-05-02	chul|Thursday|Emor|Omer(18)|morning	ALL	torah	1:Leviticus:21:1:21:6 2:Leviticus:21:7:21:12 3:Leviticus:21:13:21:15
2052-05-04	EY|shabbos|Emor|Omer(20)|afternoon	ALL	haftarah	-
2052-05-04	EY|shabbos|Emor|Omer(20)|afternoon	ALL	maftir	-
2052-05-04	EY|shabbos|Emor|Omer(20)|afternoon	ALL	torah	1:Leviticus:25:1:25:3 2:Leviticus:25:4:25:7 3:Leviticus:25:8:25:13
2052-05-04	EY|shabbos|Emor|Omer(20)|morning	ALL	haftarah	Ezekiel:44:15:44:31
2052-05-04	EY|shabbos|Emor|Omer(20)|morning	ALL	maftir	Leviticus:24:21:24:23
2052-05-04	EY|shabbos|Emor|Omer(20)|morning	ALL	torah	1:Leviticus:21:1:21:15 2:Leviticus:21:16:22:16 3:Leviticus:22:17:22:33 4:Leviticus:23:1:23:22 5:Leviticus:23:23:23:32 6:Leviticus:23:33:23:44 7:Leviticus:24:1:24:23
2052-05-04	chul|shabbos|Emor|Omer(20)|afternoon	ALL	haftarah	-
2052-05-04	chul|shabbos|Emor|Omer(20)|afternoon	ALL	maftir	-
2052-05-04	chul|shabbos|Emor|Omer(20)|afternoon	ALL	torah	1:Leviticus:25:1:25:3 2:Leviticus:25:4:25:7 3:Leviticus:25:8:25:13
2052-05-04	chul|shabbos|Emor|Omer(20)|morning	ALL	haftarah	Ezekiel:44:15:44:31
2052-05-04	chul|shabbos|Emor|Omer(20)|morning	ALL	maftir	Leviticus:24:21:24:23
2052-05-04	chul|shabbos|Emor|Omer(20)|morning	ALL	torah	1:Leviticus:21:1:21:15 2:Leviticus:21:16:22:16 3:Leviticus:22:17:22:33 4:Leviticus:23:1:23:22 5:Leviticus:23:23:23:32 6:Leviticus:23:33:23:44 7:Leviticus:24:1:24:23
2052-05-06	EY|Monday|Behar|Omer(22)|morning	ALL	haftarah	-
2052-05-06	EY|Monday|Behar|Omer(22)|morning	ALL	maftir	-
2052-05-06	EY|Monday|Behar|Omer(22)|morning	ALL	torah	1:Leviticus:25:1:25:3 2:Leviticus:25:4:25:7 3:Leviticus:25:8:25:13
2052-05-06	chul|Monday|Behar|Omer(22)|morning	ALL	haftarah	-
2052-05-06	chul|Monday|Behar|Omer(22)|morning	ALL	maftir	-
2052-05-06	chul|Monday|Behar|Omer(22)|morning	ALL	torah	1:Leviticus:25:1:25:3 2:Leviticus:25:4:25:7 3:Leviticus:25:8:25:13
2052-05-09	EY|Thursday|Behar|Omer(25)|morning	ALL	haftarah	-
2052-05-09	EY|Thursday|Behar|Omer(25)|morning	ALL	maftir	-
2052-05-09	EY|Thursday|Behar|Omer(25)|morning	ALL	torah	1:Leviticus:25:1:25:3 2:Leviticus:25:4:25:7 3:Leviticus:25:8:25:13
2052-05-09	chul|Thursday|Behar|Omer(25)|morning	ALL	haftarah	-
2052-05-09	chul|Thursday|Behar|Omer(25)|morning	ALL	maftir	-
2052-05-09	chul|Thursday|Behar|Omer(25)|morning	ALL	torah	1:Leviticus:25:1:25:3 2:Leviticus:25:4:25:7 3:Leviticus:25:8:25:13
2052-05-11	EY|shabbos|Behar|Omer(27)|afternoon	ALL	haftarah	-
2052-05-11	EY|shabbos|Behar|Omer(27)|afternoon	ALL	maftir	-
2052-05-11	EY|shabbos|Behar|Omer(27)|afternoon	ALL	torah	1:Leviticus:26:3:26:5 2:Leviticus:26:6:26:9 3:Leviticus:26:10:26:13
2052-05-11	EY|shabbos|Behar|Omer(27)|morning	ALL	maftir	Leviticus:25:55:26:2
2052-05-11	EY|shabbos|Behar|Omer(27)|morning	ALL	torah	1:Leviticus:25:1:25:13 2:Leviticus:25:14:25:18 3:Leviticus:25:19:25:24 4:Leviticus:25:25:25:28 5:Leviticus:25:29:25:38 6:Leviticus:25:39:25:46 7:Leviticus:25:47:26:2
2052-05-11	EY|shabbos|Behar|Omer(27)|morning	Agadir+Algeria+Algiers+Ashkenaz+Bavlim+ChayeyOdom+Djerba+Fes+Frankfurt+Hagra+Libya+Lita+Magreb+Marrakesh+Morocco+Persia+PureSephardim+Romania+Sefard+Toshbim	haftarah	Jeremiah:32:6:32:27
2052-05-11	EY|shabbos|Behar|Omer(27)|morning	Baladi+Italki+Shami+Teiman	haftarah	Jeremiah:16:19:17:14
2052-05-11	EY|shabbos|Behar|Omer(27)|morning	Chabad+Poznan	haftarah	Jeremiah:32:6:32:22
2052-05-11	chul|shabbos|Behar|Omer(27)|afternoon	ALL	haftarah	-
2052-05-11	chul|shabbos|Behar|Omer(27)|afternoon	ALL	maftir	-
2052-05-11	chul|shabbos|Behar|Omer(27)|afternoon	ALL	torah	1:Leviticus:26:3:26:5 2:Leviticus:26:6:26:9 3:Leviticus:26:10:26:13
2052-05-11	chul|shabbos|Behar|Omer(27)|morning	ALL	maftir	Leviticus:25:55:26:2
2052-05-11	chul|shabbos|Behar|Omer(27)|morning	ALL	torah	1:Leviticus:25:1:25:13 2:Leviticus:25:14:25:18 3:Leviticus:25:19:25:24 4:Leviticus:25:25:25:28 5:Leviticus:25:29:25:38 6:Leviticus:25:39:25:46 7:Leviticus:25:47:26:2
2052-05-11	chul|shabbos|Behar|Omer(27)|morning	Agadir+Algeria+Algiers+Ashkenaz+Bavlim+ChayeyOdom+Djerba+Fes+Frankfurt+Hagra+Libya+Lita+Magreb+Marrakesh+Morocco+Persia+PureSephardim+Romania+Sefard+Toshbim	haftarah	Jeremiah:32:6:32:27
2052-05-11	chul|shabbos|Behar|Omer(27)|morning	Baladi+Italki+Shami+Teiman	haftarah	Jeremiah:16:19:17:14
2052-05-11	chul|shabbos|Behar|Omer(27)|morning	Chabad+Poznan	haftarah	Jeremiah:32:6:32:22
2052-05-13	EY|Monday|Bechukosai|Omer(29)|morning	ALL	haftarah	-
2052-05-13	EY|Monday|Bechukosai|Omer(29)|morning	ALL	maftir	-
2052-05-13	EY|Monday|Bechukosai|Omer(29)|morning	ALL	torah	1:Leviticus:26:3:26:5 2:Leviticus:26:6:26:9 3:Leviticus:26:10:26:13
2052-05-13	chul|Monday|Bechukosai|Omer(29)|morning	ALL	haftarah	-
2052-05-13	chul|Monday|Bechukosai|Omer(29)|morning	ALL	maftir	-
2052-05-13	chul|Monday|Bechukosai|Omer(29)|morning	ALL	torah	1:Leviticus:26:3:26:5 2:Leviticus:26:6:26:9 3:Leviticus:26:10:26:13
2052-05-16	EY|Thursday|Bechukosai|Omer(32)|morning	ALL	haftarah	-
2052-05-16	EY|Thursday|Bechukosai|Omer(32)|morning	ALL	maftir	-
2052-05-16	EY|Thursday|Bechukosai|Omer(32)|morning	ALL	torah	1:Leviticus:26:3:26:5 2:Leviticus:26:6:26:9 3:Leviticus:26:10:26:13
2052-05-16	chul|Thursday|Bechukosai|Omer(32)|morning	ALL	haftarah	-
2052-05-16	chul|Thursday|Bechukosai|Omer(32)|morning	ALL	maftir	-
2052-05-16	chul|Thursday|Bechukosai|Omer(32)|morning	ALL	torah	1:Leviticus:26:3:26:5 2:Leviticus:26:6:26:9 3:Leviticus:26:10:26:13
2052-05-18	EY|shabbos|Bechukosai|Omer(34)|afternoon	ALL	haftarah	-
2052-05-18	EY|shabbos|Bechukosai|Omer(34)|afternoon	ALL	maftir	-
2052-05-18	EY|shabbos|Bechukosai|Omer(34)|afternoon	ALL	torah	1:Numbers:1:1:1:4 2:Numbers:1:5:1:16 3:Numbers:1:17:1:19
2052-05-18	EY|shabbos|Bechukosai|Omer(34)|morning	ALL	maftir	Leviticus:27:32:27:34
2052-05-18	EY|shabbos|Bechukosai|Omer(34)|morning	ALL	torah	1:Leviticus:26:3:26:5 2:Leviticus:26:6:26:9 3:Leviticus:26:10:26:46 4:Leviticus:27:1:27:15 5:Leviticus:27:16:27:21 6:Leviticus:27:22:27:28 7:Leviticus:27:29:27:34
2052-05-18	EY|shabbos|Bechukosai|Omer(34)|morning	Agadir+Algeria+Algiers+Ashkenaz+Bavlim+Chabad+ChayeyOdom+Djerba+Fes+Frankfurt+Hagra+Libya+Lita+Magreb+Marrakesh+Morocco+Persia+PureSephardim+Romania+Sefard+Toshbim	haftarah	Jeremiah:16:19:17:14
2052-05-18	EY|shabbos|Bechukosai|Omer(34)|morning	Baladi+Shami+Teiman	haftarah	Ezekiel:34:1:34:27
2052-05-18	EY|shabbos|Bechukosai|Omer(34)|morning	Italki+Poznan	haftarah	Ezekiel:34:1:34:15
2052-05-18	chul|shabbos|Bechukosai|Omer(34)|afternoon	ALL	haftarah	-
2052-05-18	chul|shabbos|Bechukosai|Omer(34)|afternoon	ALL	maftir	-
2052-05-18	chul|shabbos|Bechukosai|Omer(34)|afternoon	ALL	torah	1:Numbers:1:1:1:4 2:Numbers:1:5:1:16 3:Numbers:1:17:1:19
2052-05-18	chul|shabbos|Bechukosai|Omer(34)|morning	ALL	maftir	Leviticus:27:32:27:34
2052-05-18	chul|shabbos|Bechukosai|Omer(34)|morning	ALL	torah	1:Leviticus:26:3:26:5 2:Leviticus:26:6:26:9 3:Leviticus:26:10:26:46 4:Leviticus:27:1:27:15 5:Leviticus:27:16:27:21 6:Leviticus:27:22:27:28 7:Leviticus:27:29:27:34
2052-05-18	chul|shabbos|Bechukosai|Omer(34)|morning	Agadir+Algeria+Algiers+Ashkenaz+Bavlim+Chabad+ChayeyOdom+Djerba+Fes+Frankfurt+Hagra+Libya+Lita+Magreb+Marrakesh+Morocco+Persia+PureSephardim+Romania+Sefard+Toshbim	haftarah	Jeremiah:16:19:17:14
2052-05-18	chul|shabbos|Bechukosai|Omer(34)|morning	Baladi+Shami+Teiman	haftarah	Ezekiel:34:1:34:27
2052-05-18	chul|shabbos|Bechukosai|Omer(34)|morning	Italki+Poznan	haftarah	Ezekiel:34:1:34:15
2052-05-20	EY|Monday|Bemidbar|Omer(36)|morning	ALL	haftarah	-
2052-05-20	EY|Monday|Bemidbar|Omer(36)|morning	ALL	maftir	-
2052-05-20	EY|Monday|Bemidbar|Omer(36)|morning	ALL	torah	1:Numbers:1:1:1:4 2:Numbers:1:5:1:16 3:Numbers:1:17:1:19
2052-05-20	chul|Monday|Bemidbar|Omer(36)|morning	ALL	haftarah	-
2052-05-20	chul|Monday|Bemidbar|Omer(36)|morning	ALL	maftir	-
2052-05-20	chul|Monday|Bemidbar|Omer(36)|morning	ALL	torah	1:Numbers:1:1:1:4 2:Numbers:1:5:1:16 3:Numbers:1:17:1:19
2052-05-23	EY|Thursday|Bemidbar|Omer(39)|morning	ALL	haftarah	-
2052-05-23	EY|Thursday|Bemidbar|Omer(39)|morning	ALL	maftir	-
2052-05-23	EY|Thursday|Bemidbar|Omer(39)|morning	ALL	torah	1:Numbers:1:1:1:4 2:Numbers:1:5:1:16 3:Numbers:1:17:1:19
2052-05-23	chul|Thursday|Bemidbar|Omer(39)|morning	ALL	haftarah	-
2052-05-23	chul|Thursday|Bemidbar|Omer(39)|morning	ALL	maftir	-
2052-05-23	chul|Thursday|Bemidbar|Omer(39)|morning	ALL	torah	1:Numbers:1:1:1:4 2:Numbers:1:5:1:16 3:Numbers:1:17:1:19
2052-05-25	EY|shabbos|Bemidbar|Omer(41)|afternoon	ALL	haftarah	-
2052-05-25	EY|shabbos|Bemidbar|Omer(41)|afternoon	ALL	maftir	-
2052-05-25	EY|shabbos|Bemidbar|Omer(41)|afternoon	ALL	torah	1:Numbers:4:21:4:24 2:Numbers:4:25:4:28 3:Numbers:4:29:4:37
2052-05-25	EY|shabbos|Bemidbar|Omer(41)|morning	ALL	haftarah	Hosea:2:1:2:22
2052-05-25	EY|shabbos|Bemidbar|Omer(41)|morning	ALL	maftir	Numbers:4:17:4:20
2052-05-25	EY|shabbos|Bemidbar|Omer(41)|morning	ALL	torah	1:Numbers:1:1:1:19 2:Numbers:1:20:1:54 3:Numbers:2:1:2:34 4:Numbers:3:1:3:13 5:Numbers:3:14:3:39 6:Numbers:3:40:3:51 7:Numbers:4:1:4:20
2052-05-25	chul|shabbos|Bemidbar|Omer(41)|afternoon	ALL	haftarah	-
2052-05-25	chul|shabbos|Bemidbar|Omer(41)|afternoon	ALL	maftir	-
2052-05-25	chul|shabbos|Bemidbar|Omer(41)|afternoon	ALL	torah	1:Numbers:4:21:4:24 2:Numbers:4:25:4:28 3:Numbers:4:29:4:37
2052-05-25	chul|shabbos|Bemidbar|Omer(41)|morning	ALL	haftarah	Hosea:2:1:2:22
2052-05-25	chul|shabbos|Bemidbar|Omer(41)|morning	ALL	maftir	Numbers:4:17:4:20
2052-05-25	chul|shabbos|Bemidbar|Omer(41)|morning	ALL	torah	1:Numbers:1:1:1:19 2:Numbers:1:20:1:54 3:Numbers:2:1:2:34 4:Numbers:3:1:3:13 5:Numbers:3:14:3:39 6:Numbers:3:40:3:51 7:Numbers:4:1:4:20
2052-05-27	EY|Monday|Nasso|Omer(43)|morning	ALL	haftarah	-
2052-05-27	EY|Monday|Nasso|Omer(43)|morning	ALL	maftir	-
2052-05-27	EY|Monday|Nasso|Omer(43)|morning	ALL	torah	1:Numbers:4:21:4:24 2:Numbers:4:25:4:28 3:Numbers:4:29:4:37
2052-05-27	chul|Monday|Nasso|Omer(43)|morning	ALL	haftarah	-
2052-05-27	chul|Monday|Nasso|Omer(43)|morning	ALL	maftir	-
2052-05-27	chul|Monday|Nasso|Omer(43)|morning	ALL	torah	1:Numbers:4:21:4:24 2:Numbers:4:25:4:28 3:Numbers:4:29:4:37
2052-05-29	EY|Wednesday|Nasso|Omer(45)+RoshChodesh|morning	ALL	haftarah	-
2052-05-29	EY|Wednesday|Nasso|Omer(45)+RoshChodesh|morning	ALL	maftir	-
2052-05-29	EY|Wednesday|Nasso|Omer(45)+RoshChodesh|morning	Agadir+Algeria+Algiers+Ashkenaz+Baladi+Bavlim+Chabad+ChayeyOdom+Djerba+Fes+Frankfurt+Italki+Libya+Lita+Magreb+Marrakesh+Morocco+Persia+Poznan+PureSephardim+Romania+Sefard+Shami+Teiman+Toshbim	torah	1:Numbers:28:1:28:3 2:Numbers:28:3:28:5 3:Numbers:28:6:28:10 4:Numbers:28:11:28:15
2052-05-29	EY|Wednesday|Nasso|Omer(45)+RoshChodesh|morning	Hagra	torah	1:Numbers:28:1:28:3 2:Numbers:28:4:28:8 3:Numbers:28:6:28:10 4:Numbers:28:11:28:15
2052-05-29	chul|Wednesday|Nasso|Omer(45)+RoshChodesh|morning	ALL	haftarah	-
2052-05-29	chul|Wednesday|Nasso|Omer(45)+RoshChodesh|morning	ALL	maftir	-
2052-05-29	chul|Wednesday|Nasso|Omer(45)+RoshChodesh|morning	Agadir+Algeria+Algiers+Ashkenaz+Baladi+Bavlim+Chabad+ChayeyOdom+Djerba+Fes+Frankfurt+Italki+Libya+Lita+Magreb+Marrakesh+Morocco+Persia+Poznan+PureSephardim+Romania+Sefard+Shami+Teiman+Toshbim	torah	1:Numbers:28:1:28:3 2:Numbers:28:3:28:5 3:Numbers:28:6:28:10 4:Numbers:28:11:28:15
2052-05-29	chul|Wednesday|Nasso|Omer(45)+RoshChodesh|morning	Hagra	torah	1:Numbers:28:1:28:3 2:Numbers:28:4:28:8 3:Numbers:28:6:28:10 4:Numbers:28:11:28:15
2052-05-30	EY|Thursday|Nasso|Omer(46)|morning	ALL	haftarah	-
2052-05-30	EY|Thursday|Nasso|Omer(46)|morning	ALL	maftir	-
2052-05-30	EY|Thursday|Nasso|Omer(46)|morning	ALL	torah	1:Numbers:4:21:4:24 2:Numbers:4:25:4:28 3:Numbers:4:29:4:37
2052-05-30	chul|Thursday|Nasso|Omer(46)|morning	ALL	haftarah	-
2052-05-30	chul|Thursday|Nasso|Omer(46)|morning	ALL	maftir	-
2052-05-30	chul|Thursday|Nasso|Omer(46)|morning	ALL	torah	1:Numbers:4:21:4:24 2:Numbers:4:25:4:28 3:Numbers:4:29:4:37
2052-06-01	EY|shabbos|Nasso|Omer(48)|afternoon	ALL	haftarah	-
2052-06-01	EY|shabbos|Nasso|Omer(48)|afternoon	ALL	maftir	-
2052-06-01	EY|shabbos|Nasso|Omer(48)|afternoon	ALL	torah	1:Numbers:8:1:8:4 2:Numbers:8:5:8:9 3:Numbers:8:10:8:14
2052-06-01	EY|shabbos|Nasso|Omer(48)|morning	ALL	maftir	Numbers:7:87:7:89
2052-06-01	EY|shabbos|Nasso|Omer(48)|morning	Agadir+Algeria+Algiers+Ashkenaz+Baladi+Bavlim+ChayeyOdom+Djerba+Fes+Frankfurt+Hagra+Italki+Libya+Lita+Magreb+Marrakesh+Morocco+Persia+Poznan+PureSephardim+Romania+Sefard+Shami+Teiman+Toshbim	torah	1:Numbers:4:21:4:37 2:Numbers:4:38:4:49 3:Numbers:5:1:5:10 4:Numbers:5:11:6:27 5:Numbers:7:1:7:41 6:Numbers:7:42:7:71 7:Numbers:7:72:7:89
2052-06-01	EY|shabbos|Nasso|Omer(48)|morning	Agadir+Algeria+Algiers+Ashkenaz+Bavlim+Chabad+ChayeyOdom+Djerba+Fes+Frankfurt+Hagra+Italki+Libya+Lita+Magreb+Marrakesh+Morocco+Persia+Poznan+PureSephardim+Romania+Sefard+Toshbim	haftarah	Judges:13:2:13:25
2052-06-01	EY|shabbos|Nasso|Omer(48)|morning	Baladi+Shami+Teiman	haftarah	Judges:13:2:13:24
2052-06-01	EY|shabbos|Nasso|Omer(48)|morning	Chabad	torah	1:Numbers:4:21:4:37 2:Numbers:4:38:4:49 3:Numbers:5:1:5:10 4:Numbers:5:11:6:27 5:Numbers:7:1:7:41 6:Numbers:7:42:7:83 7:Numbers:7:84:7:89
2052-06-01	chul|shabbos|Nasso|Omer(48)|afternoon	ALL	haftarah	-
2052-06-01	chul|shabbos|Nasso|Omer(48)|afternoon	ALL	maftir	-
2052-06-01	chul|shabbos|Nasso|Omer(48)|afternoon	ALL	torah	1:Numbers:8:1:8:4 2:Numbers:8:5:8:9 3:Numbers:8:10:8:14
2052-06-01	chul|shabbos|Nasso|Omer(48)|morning	ALL	maftir	Numbers:7:87:7:89
2052-06-01	chul|shabbos|Nasso|Omer(48)|morning	Agadir+Algeria+Algiers+Ashkenaz+Baladi+Bavlim+ChayeyOdom+Djerba+Fes+Frankfurt+Hagra+Italki+Libya+Lita+Magreb+Marrakesh+Morocco+Persia+Poznan+PureSephardim+Romania+Sefard+Shami+Teiman+Toshbim	torah	1:Numbers:4:21:4:37 2:Numbers:4:38:4:49 3:Numbers:5:1:5:10 4:Numbers:5:11:6:27 5:Numbers:7:1:7:41 6:Numbers:7:42:7:71 7:Numbers:7:72:7:89
2052-06-01	chul|shabbos|Nasso|Omer(48)|morning	Agadir+Algeria+Algiers+Ashkenaz+Bavlim+Chabad+ChayeyOdom+Djerba+Fes+Frankfurt+Hagra+Italki+Libya+Lita+Magreb+Marrakesh+Morocco+Persia+Poznan+PureSephardim+Romania+Sefard+Toshbim	haftarah	Judges:13:2:13:25
2052-06-01	chul|shabbos|Nasso|Omer(48)|morning	Baladi+Shami+Teiman	haftarah	Judges:13:2:13:24
2052-06-01	chul|shabbos|Nasso|Omer(48)|morning	Chabad	torah	1:Numbers:4:21:4:37 2:Numbers:4:38:4:49 3:Numbers:5:1:5:10 4:Numbers:5:11:6:27 5:Numbers:7:1:7:41 6:Numbers:7:42:7:83 7:Numbers:7:84:7:89
2052-06-03	EY|Monday|Beha_aloscha|Shavuos1|morning	ALL	maftir	Numbers:28:26:28:31
2052-06-03	EY|Monday|Beha_aloscha|Shavuos1|morning	ALL	torah	1:Exodus:19:1:19:6 2:Exodus:19:7:19:13 3:Exodus:19:14:19:19 4:Exodus:19:20:20:14 5:Exodus:20:15:20:22
2052-06-03	EY|Monday|Beha_aloscha|Shavuos1|morning	Agadir+Algeria+Algiers+Ashkenaz+Bavlim+Chabad+ChayeyOdom+Djerba+Fes+Frankfurt+Hagra+Italki+Libya+Lita+Magreb+Marrakesh+Morocco+Persia+Poznan+PureSephardim+Romania+Sefard+Toshbim	haftarah	Ezekiel:1:1:1:28 Ezekiel:3:12:3:12
2052-06-03	EY|Monday|Beha_aloscha|Shavuos1|morning	Baladi+Shami+Teiman	haftarah	Ezekiel:1:1:2:2 Ezekiel:3:12:3:12
2052-06-03	chul|Monday|Beha_aloscha|Shavuos1|morning	ALL	maftir	Numbers:28:26:28:31
2052-06-03	chul|Monday|Beha_aloscha|Shavuos1|morning	ALL	torah	1:Exodus:19:1:19:6 2:Exodus:19:7:19:13 3:Exodus:19:14:19:19 4:Exodus:19:20:20:14 5:Exodus:20:15:20:22
2052-06-03	chul|Monday|Beha_aloscha|Shavuos1|morning	Agadir+Algeria+Algiers+Ashkenaz+Bavlim+Chabad+ChayeyOdom+Djerba+Fes+Frankfurt+Hagra+Italki+Libya+Lita+Magreb+Marrakesh+Morocco+Persia+Poznan+PureSephardim+Romania+Sefard+Toshbim	haftarah	Ezekiel:1:1:1:28 Ezekiel:3:12:3:12
2052-06-03	chul|Monday|Beha_aloscha|Shavuos1|morning	Baladi+Shami+Teiman	haftarah	Ezekiel:1:1:2:2 Ezekiel:3:12:3:12
2052-06-04	chul|Tuesday|Beha_aloscha|Shavuos2|morning	ALL	maftir	Numbers:28:26:28:31
2052-06-04	chul|Tuesday|Beha_aloscha|Shavuos2|morning	ALL	torah	1:Deuteronomy:15:19:15:23 2:Deuteronomy:16:1:16:3 3:Deuteronomy:16:4:16:8 4:Deuteronomy:16:9:16:12 5:Deuteronomy:16:13:16:17
2052-06-04	chul|Tuesday|Beha_aloscha|Shavuos2|morning	Agadir+Algeria+Algiers+Baladi+Bavlim+Chabad+Djerba+Fes+Italki+Libya+Magreb+Marrakesh+Morocco+Persia+PureSephardim+Sefard+Shami+Teiman+Toshbim	haftarah	Habakkuk:2:20:3:19
2052-06-04	chul|Tuesday|Beha_aloscha|Shavuos2|morning	Ashkenaz+ChayeyOdom+Frankfurt+Hagra+Lita+Poznan+Romania	haftarah	Habakkuk:3:1:3:19
2052-06-27	EY|Thursday|Chukas|ErevRoshChodesh+RoshChodesh|morning	ALL	haftarah	-
2052-06-27	EY|Thursday|Chukas|ErevRoshChodesh+RoshChodesh|morning	ALL	maftir	-
2052-06-27	EY|Thursday|Chukas|ErevRoshChodesh+RoshChodesh|morning	Agadir+Algeria+Algiers+Ashkenaz+Baladi+Bavlim+Chabad+ChayeyOdom+Djerba+Fes+Frankfurt+Italki+Libya+Lita+Magreb+Marrakesh+Morocco+Persia+Poznan+PureSephardim+Romania+Sefard+Shami+Teiman+Toshbim	torah	1:Numbers:28:1:28:3 2:Numbers:28:3:28:5 3:Numbers:28:6:28:10 4:Numbers:28:11:28:15
2052-06-27	EY|Thursday|Chukas|ErevRoshChodesh+RoshChodesh|morning	Hagra	torah	1:Numbers:28:1:28:3 2:Numbers:28:4:28:8 3:Numbers:28:6:28:10 4:Numbers:28:11:28:15
2052-06-27	chul|Thursday|Chukas|ErevRoshChodesh+RoshChodesh|morning	ALL	haftarah	-
2052-06-27	chul|Thursday|Chukas|ErevRoshChodesh+RoshChodesh|morning	ALL	maftir	-
2052-06-27	chul|Thursday|Chukas|ErevRoshChodesh+RoshChodesh|morning	Agadir+Algeria+Algiers+Ashkenaz+Baladi+Bavlim+Chabad+ChayeyOdom+Djerba+Fes+Frankfurt+Italki+Libya+Lita+Magreb+Marrakesh+Morocco+Persia+Poznan+PureSephardim+Romania+Sefard+Shami+Teiman+Toshbim	torah	1:Numbers:28:1:28:3 2:Numbers:28:3:28:5 3:Numbers:28:6:28:10 4:Numbers:28:11:28:15
2052-06-27	chul|Thursday|Chukas|ErevRoshChodesh+RoshChodesh|morning	Hagra	torah	1:Numbers:28:1:28:3 2:Numbers:28:4:28:8 3:Numbers:28:6:28:10 4:Numbers:28:11:28:15
2052-06-28	EY|Friday|Chukas|RoshChodesh|morning	ALL	haftarah	-
2052-06-28	EY|Friday|Chukas|RoshChodesh|morning	ALL	maftir	-
2052-06-28	EY|Friday|Chukas|RoshChodesh|morning	Agadir+Algeria+Algiers+Ashkenaz+Baladi+Bavlim+Chabad+ChayeyOdom+Djerba+Fes+Frankfurt+Italki+Libya+Lita+Magreb+Marrakesh+Morocco+Persia+Poznan+PureSephardim+Romania+Sefard+Shami+Teiman+Toshbim	torah	1:Numbers:28:1:28:3 2:Numbers:28:3:28:5 3:Numbers:28:6:28:10 4:Numbers:28:11:28:15
2052-06-28	EY|Friday|Chukas|RoshChodesh|morning	Hagra	torah	1:Numbers:28:1:28:3 2:Numbers:28:4:28:8 3:Numbers:28:6:28:10 4:Numbers:28:11:28:15
2052-06-28	chul|Friday|Chukas|RoshChodesh|morning	ALL	haftarah	-
2052-06-28	chul|Friday|Chukas|RoshChodesh|morning	ALL	maftir	-
2052-06-28	chul|Friday|Chukas|RoshChodesh|morning	Agadir+Algeria+Algiers+Ashkenaz+Baladi+Bavlim+Chabad+ChayeyOdom+Djerba+Fes+Frankfurt+Italki+Libya+Lita+Magreb+Marrakesh+Morocco+Persia+Poznan+PureSephardim+Romania+Sefard+Shami+Teiman+Toshbim	torah	1:Numbers:28:1:28:3 2:Numbers:28:3:28:5 3:Numbers:28:6:28:10 4:Numbers:28:11:28:15
2052-06-28	chul|Friday|Chukas|RoshChodesh|morning	Hagra	torah	1:Numbers:28:1:28:3 2:Numbers:28:4:28:8 3:Numbers:28:6:28:10 4:Numbers:28:11:28:15
2052-07-14	chul|Sunday|Mattos|FastOfTammuz|afternoon	ALL	maftir	-
2052-07-14	chul|Sunday|Mattos|FastOfTammuz|afternoon	ALL	torah	1:Exodus:32:11:32:14 2:Exodus:34:1:34:3 3:Exodus:34:4:34:10
2052-07-14	chul|Sunday|Mattos|FastOfTammuz|afternoon	Agadir+Baladi+Bavlim+Djerba+Fes+Libya+Magreb+Morocco+Persia+PureSephardim+Sefard+Shami+Teiman+Toshbim	haftarah	-
2052-07-14	chul|Sunday|Mattos|FastOfTammuz|afternoon	Algeria+Marrakesh	haftarah	Hosea:14:2:14:10 Micah:7:18:7:20
2052-07-14	chul|Sunday|Mattos|FastOfTammuz|afternoon	Algiers+Ashkenaz+Chabad+ChayeyOdom+Frankfurt+Hagra+Italki+Lita+Poznan+Romania	haftarah	Isaiah:55:6:56:8
2052-07-14	chul|Sunday|Mattos|FastOfTammuz|morning	ALL	haftarah	-
2052-07-14	chul|Sunday|Mattos|FastOfTammuz|morning	ALL	maftir	-
2052-07-14	chul|Sunday|Mattos|FastOfTammuz|morning	ALL	torah	1:Exodus:32:11:32:14 2:Exodus:34:1:34:3 3:Exodus:34:4:34:10
2052-07-27	EY|shabbos|Masei|RoshChodesh|afternoon	ALL	haftarah	-
2052-07-27	EY|shabbos|Masei|RoshChodesh|afternoon	ALL	maftir	-
2052-07-27	EY|shabbos|Masei|RoshChodesh|afternoon	ALL	torah	1:Deuteronomy:1:1:1:3 2:Deuteronomy:1:4:1:7 3:Deuteronomy:1:8:1:10
2052-07-27	EY|shabbos|Masei|RoshChodesh|morning	ALL	maftir	Numbers:28:9:28:15
2052-07-27	EY|shabbos|Masei|RoshChodesh|morning	Agadir+Algeria+Algiers+Baladi+Bavlim+Chabad+Djerba+Fes+Libya+Magreb+Marrakesh+Morocco+Persia+PureSephardim+Romania+Sefard+Shami+Teiman+Toshbim	torah	1:Numbers:33:1:33:49 2:Numbers:33:50:33:53 3:Numbers:33:54:34:15 4:Numbers:34:16:34:29 5:Numbers:35:1:35:8 6:Numbers:35:9:35:34 7:Numbers:36:1:36:13
2052-07-27	EY|shabbos|Masei|RoshChodesh|morning	Agadir+Algeria+Algiers+Bavlim+Djerba+Fes+Libya+Magreb+Marrakesh+Morocco+Persia+PureSephardim+Romania+Sefard+Shami+Toshbim	haftarah	Jeremiah:2:4:2:28 Jeremiah:4:1:4:2
2052-07-27	EY|shabbos|Masei|RoshChodesh|morning	Ashkenaz+ChayeyOdom+Frankfurt+Hagra+Italki+Lita+Poznan	torah	1:Numbers:33:1:33:10 2:Numbers:33:11:33:49 3:Numbers:33:50:34:15 4:Numbers:34:16:34:29 5:Numbers:35:1:35:8 6:Numbers:35:9:35:34 7:Numbers:36:1:36:13
2052-07-27	EY|shabbos|Masei|RoshChodesh|morning	Ashkenaz+ChayeyOdom+Frankfurt+Hagra+Lita+Poznan	haftarah	Jeremiah:2:4:2:28 Jeremiah:3:4:3:4
2052-07-27	EY|shabbos|Masei|RoshChodesh|morning	Baladi+Teiman	haftarah	Isaiah:1:1:1:20
2052-07-27	EY|shabbos|Masei|RoshChodesh|morning	Chabad	haftarah	Jeremiah:2:4:2:28 Jeremiah:4:1:4:2 Isaiah:66:1:66:1 Isaiah:66:23:66:24 Isaiah:66:23:66:23
2052-07-27	EY|shabbos|Masei|RoshChodesh|morning	Italki	haftarah	Joshua:19:21:21:3
2052-07-27	chul|shabbos|Masei|RoshChodesh|afternoon	ALL	haftarah	-
2052-07-27	chul|shabbos|Masei|RoshChodesh|afternoon	ALL	maftir	-
2052-07-27	chul|shabbos|Masei|RoshChodesh|afternoon	ALL	torah	1:Deuteronomy:1:1:1:3 2:Deuteronomy:1:4:1:7 3:Deuteronomy:1:8:1:10
2052-07-27	chul|shabbos|Masei|RoshChodesh|morning	ALL	maftir	Numbers:28:9:28:15
2052-07-27	chul|shabbos|Masei|RoshChodesh|morning	Agadir+Algeria+Algiers+Baladi+Bavlim+Chabad+Djerba+Fes+Libya+Magreb+Marrakesh+Morocco+Persia+PureSephardim+Romania+Sefard+Shami+Teiman+Toshbim	torah	1:Numbers:33:1:33:49 2:Numbers:33:50:33:53 3:Numbers:33:54:34:15 4:Numbers:34:16:34:29 5:Numbers:35:1:35:8 6:Numbers:35:9:35:34 7:Numbers:36:1:36:13
2052-07-27	chul|shabbos|Masei|RoshChodesh|morning	Agadir+Algeria+Algiers+Bavlim+Djerba+Fes+Libya+Magreb+Marrakesh+Morocco+Persia+PureSephardim+Romania+Sefard+Shami+Toshbim	haftarah	Jeremiah:2:4:2:28 Jeremiah:4:1:4:2
2052-07-27	chul|shabbos|Masei|RoshChodesh|morning	Ashkenaz+ChayeyOdom+Frankfurt+Hagra+Italki+Lita+Poznan	torah	1:Numbers:33:1:33:10 2:Numbers:33:11:33:49 3:Numbers:33:50:34:15 4:Numbers:34:16:34:29 5:Numbers:35:1:35:8 6:Numbers:35:9:35:34 7:Numbers:36:1:36:13
2052-07-27	chul|shabbos|Masei|RoshChodesh|morning	Ashkenaz+ChayeyOdom+Frankfurt+Hagra+Lita+Poznan	haftarah	Jeremiah:2:4:2:28 Jeremiah:3:4:3:4
2052-07-27	chul|shabbos|Masei|RoshChodesh|morning	Baladi+Teiman	haftarah	Isaiah:1:1:1:20
2052-07-27	chul|shabbos|Masei|RoshChodesh|morning	Chabad	haftarah	Jeremiah:2:4:2:28 Jeremiah:4:1:4:2 Isaiah:66:1:66:1 Isaiah:66:23:66:24 Isaiah:66:23:66:23
2052-07-27	chul|shabbos|Masei|RoshChodesh|morning	Italki	haftarah	Joshua:19:21:21:3
